{"type": "FeatureCollection", "name": "ma_municipios", "features": [{"type": "Feature", "properties": {"CD_MUN": "2100402", "NM_MUN": "Altamira do Maranhão"}, "geometry": {"type": "Polygon", "coordinates": [[[-45.626066, -4.26240789999997], [-45.6210316999999, -4.25845369999996], [-45.6212611999999, -4.24101129999997], [-45.6115356, -4.24161059999994], [-45.6192682999999, -4.23449739999995], [-45.5951623999999, -4.22125159999996], [-45.5946863999999, -4.19018479999994], [-45.5859171, -4.17907029999998], [-45.5913533999999, -4.15859399999994], [-45.5727856999999, -4.14207669999996], [-45.5812023999999, -4.14168679999995], [-45.5799502, -4.13044339999993], [-45.5853982, -4.12630529999996], [-45.5782219, -4.12083229999996], [-45.5809877999999, -4.10977679999996], [-45.5690251, -4.10065559999993], [-45.5708344, -4.08921639999994], [-45.5622222, -4.08076509999995], [-45.5608718999999, -4.06654129999993], [-45.5515935999999, -4.06491339999997], [-45.5513018999999, -4.05751259999994], [-45.5583796, -4.06019919999994], [-45.5611448, -4.04568429999995], [-45.5675499, -4.04212429999995], [-45.5733683, -4.01991919999995], [-45.561361, -3.98720789999993], [-45.5501869, -3.98703819999997], [-45.4876475999999, -4.06359519999995], [-45.4472800999999, -4.07519169999995], [-45.4223474, -4.06738939999997], [-45.4263251, -4.08842259999994], [-45.4403751, -4.10105419999996], [-45.4475628, -4.11880819999993], [-45.4455978, -4.13823759999997], [-45.4316585, -4.14148339999997], [-45.4198489999999, -4.12804179999995], [-45.4082180999999, -4.12631819999996], [-45.4024688, -4.11493129999997], [-45.3858150999999, -4.12085099999996], [-45.376696, -4.11667359999996], [-45.3560977, -4.13146139999998], [-45.3669616, -4.17263089999994], [-45.3876658999999, -4.17149669999998], [-45.4025083999999, -4.18642879999993], [-45.4011249, -4.19983799999994], [-45.4079854, -4.20676409999993], [-45.4240612999999, -4.26381099999998], [-45.4277342, -4.25159089999994], [-45.4572737999999, -4.28111499999994], [-45.4677407, -4.27645419999993], [-45.5117658, -4.28578319999997], [-45.5188082999999, -4.27017099999995], [-45.5430858999999, -4.28316729999995], [-45.5865567, -4.28060039999997], [-45.6058149, -4.28776589999995], [-45.6193623, -4.27821929999993], [-45.626066, -4.26240789999997]]]}}, {"type": "Feature", "properties": {"CD_MUN": "2108900", "NM_MUN": "Poção de Pedras"}, "geometry": {"type": "Polygon", "coordinates": [[[-44.644674, -4.81331610499996], [-44.640921895, -4.84238178999993], [-44.64851411, -4.84503019999994], [-44.643543703, -4.85502499699993], [-44.7238699, -4.84745299999997], [-44.7483915, -4.85641649999997], [-44.74838619, -4.87068908999993], [-44.76222369, -4.87849620999998], [-44.7775003199999, -4.87189719999998], [-44.7806723099999, -4.86153619999993], [-44.79240649, -4.86153997999998], [-44.82078229, -4.84011878999996], [-44.9853782, -4.82461969999997], [-45.0363604, -4.87474579999997], [-45.0312749, -4.89596749999993], [-45.0407705, -4.91226109999997], [-45.1185245999999, -4.94024869999993], [-45.1252512, -4.91315669999994], [-45.1556388, -4.86258209999994], [-45.1566829, -4.83369379999993], [-45.1447431999999, -4.74109019999997], [-44.9833608, -4.66421249999996], [-44.9846348, -4.63944919999994], [-44.9579472, -4.65255149999996], [-44.9786852999999, -4.67124379999996], [-44.9758059, -4.69096099999996], [-44.7553482, -4.71132929999993], [-44.7565809, -4.71758329999994], [-44.5763533099999, -4.76666698999998], [-44.58280939, -4.78378828999996], [-44.6042971099999, -4.78334069999994], [-44.6091012049999, -4.80259469499993], [-44.6251258, -4.81221970499996], [-44.628915895, -4.80856009999997], [-44.6334239949999, -4.81649069499997], [-44.644674, -4.81331610499996]]]}}, {"type": "Feature", "properties": {"CD_MUN": "2100709", "NM_MUN": "Anajatuba"}, "geometry": {"type": "Polygon", "coordinates": [[[-44.5828595999999, -3.45105809999995], [-44.6336094, -3.42554159999997], [-44.6919323, -3.37930939999995], [-44.7480186, -3.29787599999997], [-44.7498782, -3.28135929999996], [-44.7652385, -3.26476189999994], [-44.7799658, -3.22468059999994], [-44.7767186999999, -3.21314899999993], [-44.7660122, -3.20592539999996], [-44.6998225999999, -3.18473169999993], [-44.5802219, -3.05137439999993], [-44.5557664, -3.05038199999996], [-44.5412143, -3.06421169999993], [-44.5493801, -3.08627529999995], [-44.4710499, -3.17705789999997], [-44.4669282999999, -3.19308869999998], [-44.4390976, -3.19646879999993], [-44.4442177, -3.20814589999998], [-44.4378513999999, -3.21552209999993], [-44.4430078, -3.22228259999997], [-44.4221681999999, -3.24325249999993], [-44.4442222, -3.27159879999994], [-44.4684622999999, -3.26414509999995], [-44.4541882999999, -3.28437929999996], [-44.4785489, -3.31559419999996], [-44.492043, -3.30385079999996], [-44.4902554, -3.31347589999996], [-44.4978644999999, -3.32545239999996], [-44.4933713999999, -3.33464399999997], [-44.5347417999999, -3.39819059999996], [-44.5828595999999, -3.45105809999995]]]}}, {"type": "Feature", "properties": {"CD_MUN": "2108801", "NM_MUN": "Pirapemas"}, "geometry": {"type": "Polygon", "coordinates": [[[-44.1554957, -3.83683669999994], [-44.1671345999999, -3.91201939999996], [-44.1892445999999, -3.92846309999993], [-44.1988196999999, -3.92744489999995], [-44.3536675999999, -3.84892749999995], [-44.3455961999999, -3.83919699999996], [-44.3510659999999, -3.82343629999997], [-44.3462355999999, -3.80808899999994], [-44.3312632, -3.79916589999993], [-44.3357905, -3.79046869999996], [-44.3173176, -3.77172759999996], [-44.3015363, -3.76679269999994], [-44.2926782, -3.77257939999993], [-44.285861, -3.76462379999992], [-44.2755114, -3.77062459999996], [-44.2727401, -3.76164229999995], [-44.2602861999999, -3.75625409999998], [-44.2715398999999, -3.73850249999992], [-44.2633398, -3.72541199999995], [-44.2812345999999, -3.72636709999995], [-44.2935669, -3.70280839999998], [-44.2773999999999, -3.70603329999994], [-44.2619089999999, -3.69374709999994], [-44.2406551, -3.70421529999993], [-44.2086811, -3.70730779999997], [-44.2053177999999, -3.71491859999998], [-44.1835718999999, -3.69601659999995], [-44.1546764999999, -3.65190409999997], [-44.1396195, -3.64834459999997], [-44.1364766, -3.62944669999996], [-44.1215473, -3.63199449999996], [-44.0978077, -3.62342139999993], [-44.0482143999999, -3.70401259999994], [-43.9927638, -3.84243609999993], [-44.1554957, -3.83683669999994]]]}}, {"type": "Feature", "properties": {"CD_MUN": "2100600", "NM_MUN": "Amarante do Maranhão"}, "geometry": {"type": "Polygon", "coordinates": [[[-46.3299686999999, -5.33404949999994], [-46.3322219, -5.66630379999998], [-46.3433639, -5.66801579999998], [-46.3490315, -5.67837169999996], [-46.3646128999999, -5.67304679999995], [-46.3750312999999, -5.67713359999993], [-46.3818868, -5.69789649999996], [-46.4061935999999, -5.72421529999997], [-46.4376948999999, -5.72433289999998], [-46.4635603999999, -5.75037959999997], [-46.4843777999999, -5.74833369999993], [-46.4936934, -5.75399049999993], [-46.5072537, -5.74126789999997], [-46.5285585999999, -5.73807569999997], [-46.5380195, -5.74253489999995], [-46.5498502, -5.73464449999994], [-46.5683680999999, -5.73937369999993], [-46.5874143999999, -5.73271009999996], [-46.5874992999999, -5.73876339999993], [-46.6062284, -5.74179039999996], [-46.6115139999999, -5.75125439999994], [-46.6271641, -5.75606719999996], [-46.6383183999999, -5.75043539999996], [-46.6706654, -5.76834049999997], [-46.6947364, -5.74360519999993], [-46.7154414, -5.75004859999996], [-46.7305243, -5.74750739999996], [-46.7373223, -5.75529269999993], [-46.7395508, -5.77909419999997], [-46.7564022999999, -5.79245259999993], [-46.7628043, -5.81815659999995], [-46.7810218, -5.82680699999997], [-46.7860027999999, -5.83841899999993], [-46.7829487, -5.84781659999993], [-46.7946987999999, -5.87538369999993], [-46.7922172, -5.89253849999994], [-46.7824472, -5.89878899999997], [-46.8034706, -5.89167419999995], [-46.8302975, -5.89234829999998], [-46.8468677, -5.90543079999998], [-46.8597576999999, -5.90394029999993], [-46.8749038999999, -5.91164819999995], [-46.8929881999999, -5.89151439999995], [-46.885743485, -5.86851058999997], [-46.8890333849999, -5.85119339499994], [-46.87724711, -5.82874630499992], [-46.887086105, -5.82349658999993], [-46.895474, -5.80632600499996], [-46.894447805, -5.79178129999997], [-46.9070864949999, -5.77902701499994], [-46.9004745899999, -5.77337169999993], [-46.9020126899999, -5.75960439999994], [-46.91703631, -5.76033290999993], [-46.9197878099999, -5.75311670999997], [-46.913145695, -5.73766859499995], [-46.92058681, -5.73172239499996], [-46.917128495, -5.72080389499996], [-46.923233505, -5.71566278999995], [-46.914802715, -5.70989439999994], [-46.9115131, -5.69621539499997], [-46.9238915, -5.69519789499998], [-46.922223715, -5.68361519499996], [-46.9341257999999, -5.66994029999995], [-46.9360359999999, -5.65735189999998], [-46.9251495, -5.65619289999995], [-46.9324058999999, -5.65064969999997], [-46.9349190999999, -5.63504279999995], [-46.9444534, -5.63632229999996], [-46.9466222999999, -5.61562789999994], [-46.9387576999999, -5.61161879999997], [-46.9472048, -5.61021649999998], [-46.9435928999999, -5.59908839999997], [-46.9553, -5.58584569999994], [-46.9484611, -5.57307349999996], [-46.9513287, -5.55517249999997], [-46.945551, -5.55200579999996], [-46.9478354, -5.52261759999993], [-46.9419541999999, -5.51769849999994], [-46.9471578, -5.51103579999995], [-46.9313367999999, -5.50316989999993], [-46.9300514, -5.49065049999996], [-46.9359929, -5.48494289999996], [-46.9259382, -5.47558429999998], [-46.9323583, -5.46051259999996], [-46.9163184, -5.43178459999996], [-46.9086680999999, -5.43147589999995], [-46.9105041999999, -5.41872009999997], [-46.9011636, -5.41517929999998], [-46.8980041, -5.38719769999994], [-46.907022, -5.36356689999997], [-46.900132, -5.34041929999995], [-46.9124424, -5.28695449999998], [-46.8870198, -5.21621299999993], [-46.8933689, -5.18817349999995], [-46.8796053, -5.17553369999996], [-46.8699266, -5.13844589999997], [-46.8808342, -5.12857979999995], [-46.8714509, -5.09696819999994], [-46.873797, -5.08643829999994], [-46.8932642, -5.06047549999994], [-46.8907015, -5.05122539999996], [-46.9001739999999, -5.04020949999995], [-46.9013219, -4.99988619999993], [-46.9116605, -4.98773089999997], [-46.910791, -4.97074549999996], [-46.9208518, -4.95405119999998], [-46.9125771, -4.93862229999996], [-46.9258404, -4.91981639999995], [-46.9251530999999, -4.91249559999994], [-46.9178292, -4.91064679999994], [-46.9290166, -4.90203339999994], [-46.9296674, -4.88859879999995], [-46.9232342, -4.88300769999995], [-46.9303184, -4.85057459999996], [-46.0159123, -4.85488179999993], [-46.0113686999999, -4.86333039999994], [-46.0267924, -4.91534539999998], [-46.0260087999999, -4.93370069999997], [-46.0564383999999, -4.96952879999998], [-46.0691955, -5.00008509999998], [-46.1139969, -5.04607169999997], [-46.1375773, -5.05533309999993], [-46.1670568, -5.05398239999994], [-46.1907777, -5.07176749999996], [-46.220085, -5.13528659999997], [-46.2368001999999, -5.14257139999995], [-46.2779371999999, -5.17832439999995], [-46.2868048, -5.20072499999998], [-46.3132198, -5.22097689999993], [-46.3212763999999, -5.26430089999997], [-46.3387521, -5.27792009999996], [-46.3479773999999, -5.29629299999993], [-46.3299686999999, -5.33404949999994]]]}}, {"type": "Feature", "properties": {"CD_MUN": "2108108", "NM_MUN": "Paulo Ramos"}, "geometry": {"type": "Polygon", "coordinates": [[[-45.7142919, -4.55905059999998], [-45.7085341, -4.55904829999997], [-45.7122376999999, -4.55319549999996], [-45.6983708, -4.50119849999993], [-45.6382715999999, -4.48392669999993], [-45.5937547999999, -4.53187579999997], [-45.5883772999999, -4.46981469999997], [-45.5261535, -4.42784249999994], [-45.4220051999999, -4.44082669999995], [-45.3351054, -4.42393209999994], [-45.2949103, -4.42426959999995], [-45.2409466999999, -4.39371059999996], [-45.0936126, -4.42330659999993], [-45.1608884999999, -4.51884639999997], [-45.2134576, -4.55219019999993], [-45.195036, -4.56460809999993], [-45.2033809, -4.60143369999997], [-45.2410126999999, -4.62544129999998], [-45.2597115999999, -4.64984649999997], [-45.3023117, -4.66664089999995], [-45.3342016999999, -4.65670249999994], [-45.3639578999999, -4.63550999999995], [-45.3591163999999, -4.62752169999993], [-45.3698367, -4.61840909999995], [-45.3657059999999, -4.60654109999996], [-45.3881373999999, -4.58512879999995], [-45.437154, -4.57214589999995], [-45.4767340999999, -4.61260639999995], [-45.5072547999999, -4.61499909999998], [-45.5443136, -4.60409889999994], [-45.5522581, -4.59560589999995], [-45.5665279, -4.60966649999995], [-45.5924570999999, -4.60769089999997], [-45.6005395999999, -4.60594439999994], [-45.6097867, -4.59097159999993], [-45.6459179, -4.62595559999994], [-45.6863999999999, -4.62628329999995], [-45.6802082999999, -4.61304999999993], [-45.7142919, -4.55905059999998]]]}}, {"type": "Feature", "properties": {"CD_MUN": "2108207", "NM_MUN": "Pedreiras"}, "geometry": {"type": "Polygon", "coordinates": [[[-44.6332665799999, -4.82856451999993], [-44.6386386999999, -4.86250119999994], [-44.648497893, -4.84528550299996], [-44.6407556899999, -4.84188600499994], [-44.6447527949999, -4.81341459499993], [-44.6334239949999, -4.81649069499997], [-44.628915895, -4.80856009999997], [-44.6251258, -4.81221970499996], [-44.6091012049999, -4.80259469499993], [-44.6042971099999, -4.78334069999994], [-44.583221505, -4.78401548499994], [-44.5767942049999, -4.77674010999993], [-44.578602195, -4.76756899999998], [-44.573967, -4.77169307999998], [-44.5696526899999, -4.76754540999997], [-44.5755432, -4.75529009999997], [-44.56950942, -4.74587537999997], [-44.58843561, -4.72760769999996], [-44.57593629, -4.70856148999997], [-44.589144295, -4.69928240999997], [-44.590949, -4.69034799999997], [-44.5785600999999, -4.68115219999993], [-44.5948779, -4.67190209999995], [-44.5935823, -4.65917759999996], [-44.6448331, -4.64845179999998], [-44.6641825999999, -4.65710119999994], [-44.6914834, -4.65881869999993], [-44.7252665, -4.65074489999995], [-44.6490201999999, -4.64033549999994], [-44.6596322, -4.63301789999997], [-44.6597656, -4.60998669999998], [-44.6358255, -4.59090079999993], [-44.6397282999999, -4.57612819999997], [-44.6287991, -4.58595469999995], [-44.6059501999999, -4.57176879999997], [-44.6069289, -4.55519059999995], [-44.6178179, -4.54518849999994], [-44.6112577, -4.53992439999996], [-44.6133609999999, -4.53278999999998], [-44.6062891999999, -4.53426789999997], [-44.6133429, -4.51765769999997], [-44.6054252, -4.51434239999998], [-44.6075577, -4.49965449999996], [-44.600591, -4.49816059999995], [-44.5969792, -4.48572119999994], [-44.5982437, -4.47086439999993], [-44.6074819999999, -4.46033599999993], [-44.5989599, -4.45053119999994], [-44.5786438, -4.46245939999994], [-44.5775872, -4.48227949999995], [-44.584107, -4.49599819999997], [-44.576155, -4.50352689999994], [-44.5744736999999, -4.52047009999995], [-44.5431164999999, -4.53256529999993], [-44.5467705, -4.54961059999994], [-44.5401257999999, -4.57254389999997], [-44.5275844999999, -4.57896749999998], [-44.5234809999999, -4.60449279999995], [-44.4952077, -4.61926969999996], [-44.4989608, -4.64369399999993], [-44.4857542, -4.65043749999995], [-44.5729564, -4.70869529999993], [-44.5793447999999, -4.73128089999994], [-44.568995505, -4.74507649499998], [-44.5637677999999, -4.76742459499997], [-44.6011577799999, -4.80782077999993], [-44.6139083799999, -4.80960047999997], [-44.6332665799999, -4.82856451999993]]]}}, {"type": "Feature", "properties": {"CD_MUN": "2108009", "NM_MUN": "Pastos Bons"}, "geometry": {"type": "Polygon", "coordinates": [[[-44.5074233999999, -6.74929209999993], [-44.1955442, -6.48578679999997], [-44.1856182, -6.48819639999994], [-44.1846922999999, -6.47662229999997], [-44.0578533, -6.36953039999997], [-43.9271601, -6.54378759999997], [-43.8723423, -6.50950629999994], [-43.8427905999999, -6.51699939999997], [-43.813252, -6.50778829999996], [-43.7908571, -6.54509259999998], [-44.2147335, -6.74364279999998], [-44.3275988999999, -6.93502749999993], [-44.3295175, -6.91963209999994], [-44.3782649999999, -6.87669429999994], [-44.3885912, -6.84487629999995], [-44.4103233, -6.83256249999994], [-44.4014655999999, -6.81814729999996], [-44.4087552999999, -6.80953369999997], [-44.5074233999999, -6.74929209999993]]]}}, {"type": "Feature", "properties": {"CD_MUN": "2108058", "NM_MUN": "Paulino Neves"}, "geometry": {"type": "Polygon", "coordinates": [[[-42.7773117, -3.00098469999995], [-42.7503996999999, -2.90268319999996], [-42.738536, -2.90319619999997], [-42.7383553999999, -2.90824389999995], [-42.7152384, -2.88808809999995], [-42.6415021, -2.62532519999996], [-42.5735554, -2.67523169999993], [-42.535804, -2.68134339999995], [-42.5042443999999, -2.67812079999993], [-42.4938602999999, -2.70492879999995], [-42.4361317, -2.72994009999996], [-42.4366724, -2.74713069999996], [-42.4557657, -2.74479359999998], [-42.4696087999999, -2.75443939999997], [-42.4675756, -2.78623419999997], [-42.4544281999999, -2.80318669999997], [-42.467709, -2.83144259999995], [-42.4451637999999, -2.83103179999995], [-42.5057757, -2.91810509999993], [-42.542132, -2.92753319999997], [-42.5719321, -2.92135109999992], [-42.5672817999999, -2.94693999999993], [-42.5878064999999, -2.95957579999993], [-42.5925811, -2.96991839999993], [-42.5881036, -2.98410149999995], [-42.5755867999999, -2.98917219999993], [-42.5721981999999, -3.00098449999996], [-42.5910168999999, -3.01966409999994], [-42.6078079, -3.03167719999993], [-42.6289978, -3.04057549999993], [-42.645056, -3.03990389999996], [-42.6804349, -3.05921959999995], [-42.7579532999999, -3.05582699999997], [-42.7558088, -3.03749169999998], [-42.7773117, -3.00098469999995]]]}}, {"type": "Feature", "properties": {"CD_MUN": "2108405", "NM_MUN": "Peri Mirim"}, "geometry": {"type": "Polygon", "coordinates": [[[-44.8789416, -2.64110839999995], [-44.8745438999999, -2.62676479999993], [-44.9445122, -2.61861679999993], [-45.0257817, -2.56421739999996], [-45.0415495, -2.54213489999995], [-45.0296026, -2.54534139999993], [-45.0277963, -2.53365969999993], [-45.0418571, -2.52875149999994], [-45.0407380999999, -2.51486129999995], [-45.0460183, -2.51196589999995], [-45.0397290999999, -2.50951279999992], [-45.0509595999999, -2.48863649999993], [-45.0400478999999, -2.47128099999998], [-45.0340204, -2.47663929999993], [-45.0401864999999, -2.49060969999994], [-45.0251266, -2.48379879999993], [-45.0225442999999, -2.49445699999995], [-45.0179027, -2.47028109999997], [-45.0028861, -2.46491509999993], [-44.9941009, -2.47819559999994], [-44.9937844, -2.46946689999993], [-44.9873939999999, -2.47052529999996], [-44.9904147, -2.46212469999995], [-44.9816547, -2.46614189999997], [-44.9647401, -2.45494139999994], [-44.9367152999999, -2.51119559999995], [-44.9219244, -2.51932189999997], [-44.8758079, -2.52353059999996], [-44.8335759, -2.51508909999995], [-44.8353542, -2.52838339999994], [-44.8134535, -2.53262439999997], [-44.8123947999999, -2.58652689999997], [-44.7485808, -2.58545359999994], [-44.7480547, -2.59689319999995], [-44.7358973, -2.61011339999993], [-44.7163047999999, -2.61522039999994], [-44.7104348, -2.62375689999993], [-44.7134924, -2.62938119999995], [-44.7378522, -2.62921189999997], [-44.7836973, -2.66181119999993], [-44.7861339, -2.66947099999993], [-44.8199605999999, -2.67319879999997], [-44.8695519999999, -2.64752229999993], [-44.8748414, -2.63741709999994], [-44.8789416, -2.64110839999995]]]}}, {"type": "Feature", "properties": {"CD_MUN": "2100204", "NM_MUN": "Alcântara"}, "geometry": {"type": "MultiPolygon", "coordinates": [[[[-44.4281733999999, -2.42011609999997], [-44.4202926999999, -2.41605749999997], [-44.4214843, -2.42731529999998], [-44.4251962, -2.42801619999995], [-44.4281733999999, -2.42011609999997]]], [[[-44.5337312999999, -2.52671239999995], [-44.5553007, -2.59645369999993], [-44.5858143999999, -2.57817829999993], [-44.6105638, -2.58112619999997], [-44.6218986, -2.59661349999993], [-44.650074, -2.60421099999996], [-44.6495818999999, -2.62362009999993], [-44.6639772, -2.61863709999994], [-44.6737466, -2.62875429999997], [-44.6779933, -2.61758579999997], [-44.6837530999999, -2.62558599999994], [-44.6931326, -2.62296109999994], [-44.6955986, -2.63729359999996], [-44.7070931, -2.63700939999995], [-44.7106292, -2.62732059999996], [-44.6845360999999, -2.54629999999997], [-44.6957667, -2.51447779999995], [-44.7104944, -2.50619169999993], [-44.7192747, -2.50840629999993], [-44.7204912, -2.48975299999995], [-44.7070659, -2.47732459999997], [-44.7018179, -2.46084069999995], [-44.6872663999999, -2.45754829999993], [-44.6589319, -2.43604729999993], [-44.6669573999999, -2.42089459999994], [-44.6542921, -2.40352849999994], [-44.6478215, -2.37513829999995], [-44.6665197, -2.34367009999994], [-44.6639036, -2.32051199999995], [-44.6444111, -2.29627909999994], [-44.6275929999999, -2.29089729999993], [-44.6232252, -2.26734569999996], [-44.5896271, -2.24313649999993], [-44.5882142, -2.22860819999994], [-44.5606567999999, -2.20991819999995], [-44.558455, -2.20123679999995], [-44.5429627999999, -2.19555829999996], [-44.541506, -2.18243939999996], [-44.5272502, -2.16645619999997], [-44.5298203999999, -2.15958259999996], [-44.4854819999999, -2.14603969999996], [-44.472586, -2.15206029999996], [-44.4637777, -2.14429789999997], [-44.432876, -2.16634869999996], [-44.3984631, -2.21438579999995], [-44.4042856, -2.21875849999998], [-44.3957733, -2.22310779999998], [-44.3844784999999, -2.26765849999992], [-44.3911636, -2.27573459999996], [-44.3770483, -2.28149339999993], [-44.3578246, -2.34018429999998], [-44.3795387, -2.35548759999995], [-44.3723585, -2.38073779999996], [-44.3879762999999, -2.40888679999995], [-44.4068506, -2.41835379999998], [-44.4035350999999, -2.41159169999997], [-44.4079991, -2.40902139999997], [-44.4132351, -2.41295829999996], [-44.4375613999999, -2.40818329999996], [-44.4406526, -2.41573359999995], [-44.4778894999999, -2.41120109999997], [-44.4958814999999, -2.42274139999995], [-44.4967796, -2.43526049999997], [-44.4726618, -2.42806289999993], [-44.4490307999999, -2.43937529999994], [-44.4429413999999, -2.45751589999998], [-44.4603721, -2.48074849999995], [-44.4648668, -2.47626879999996], [-44.4759971999999, -2.48504759999997], [-44.4902258, -2.52172849999994], [-44.5107209, -2.53491309999993], [-44.5244848999999, -2.52540549999998], [-44.5337312999999, -2.52671239999995]]]]}}, {"type": "Feature", "properties": {"CD_MUN": "2108454", "NM_MUN": "Peritoró"}, "geometry": {"type": "Polygon", "coordinates": [[[-44.1803020999999, -4.33651029999993], [-44.0874785, -4.50570399999998], [-44.347572, -4.55821839999993], [-44.4307995, -4.48080979999997], [-44.4236372999999, -4.41534799999994], [-44.3958575, -4.31807609999993], [-44.4067056, -4.32127609999998], [-44.4014185999999, -4.29873769999995], [-44.3565, -4.26839729999995], [-44.3006462, -4.26937729999997], [-44.2824133, -4.28065519999996], [-44.2666252999999, -4.27739579999997], [-44.1803020999999, -4.33651029999993]]]}}, {"type": "Feature", "properties": {"CD_MUN": "2108256", "NM_MUN": "Pedro do Rosário"}, "geometry": {"type": "Polygon", "coordinates": [[[-45.2783281, -3.07660709999993], [-45.3587239999999, -3.17723709999996], [-45.5801918, -3.23891719999995], [-45.6035231, -3.17394889999997], [-45.6235149, -3.06190519999996], [-45.6379676999999, -2.90266229999997], [-45.6338100999999, -2.88787259999998], [-45.6097396, -2.88084899999996], [-45.595492, -2.86606249999994], [-45.5706135, -2.89373319999993], [-45.5672150999999, -2.87177359999993], [-45.5581331, -2.87197749999996], [-45.5551298999999, -2.88947989999997], [-45.5492363, -2.87668399999995], [-45.5593398999999, -2.85579349999995], [-45.5504296999999, -2.85833659999997], [-45.5352516, -2.84930219999995], [-45.5076425, -2.86751409999994], [-45.5171396, -2.84920339999996], [-45.517193, -2.83121469999998], [-45.4945853, -2.83991259999993], [-45.4920561, -2.86086479999994], [-45.4767697999999, -2.86250869999998], [-45.4725647999999, -2.85597169999994], [-45.4781331999999, -2.83276259999997], [-45.4726893, -2.81973869999996], [-45.4633921999999, -2.81614069999995], [-45.4525454, -2.82121949999993], [-45.4369086, -2.80391579999997], [-45.4447458999999, -2.80783389999993], [-45.4499365999999, -2.79839419999996], [-45.4374978, -2.79031289999995], [-45.4428933, -2.77347279999998], [-45.4568662999999, -2.77095179999998], [-45.4589319, -2.74800539999995], [-45.4673301999999, -2.74974999999995], [-45.4567976, -2.74176209999996], [-45.4544372999999, -2.75097629999993], [-45.4340075, -2.75255759999993], [-45.4252438, -2.74358499999994], [-45.4026555, -2.73793219999993], [-45.3855768999999, -2.74300669999997], [-45.3845719, -2.75625279999997], [-45.3712143, -2.77146789999995], [-45.3659006, -2.76839729999995], [-45.3648974, -2.74989669999997], [-45.3529554, -2.74619849999993], [-45.3410582, -2.75429499999996], [-45.3311601999999, -2.77587129999995], [-45.3044376, -2.78585049999998], [-45.2977678999999, -2.79733619999996], [-45.2808029, -2.80716019999994], [-45.2506872, -2.80411209999994], [-45.2198959, -2.81341669999995], [-45.2297796, -2.83341829999995], [-45.2188897, -2.90713669999997], [-45.2096334999999, -2.92089149999993], [-45.185212, -2.92157799999995], [-45.1835957, -2.92652559999993], [-45.1931918, -2.92603959999997], [-45.1879162, -2.93317469999994], [-45.1917066999999, -2.93704339999994], [-45.2011621, -2.92418899999996], [-45.2064784, -2.92953999999997], [-45.2147194999999, -2.92647379999994], [-45.2186043999999, -2.96013889999995], [-45.2284162, -2.97207389999994], [-45.2307848, -3.01239609999993], [-45.2765684, -3.05855839999992], [-45.2783281, -3.07660709999993]]]}}, {"type": "Feature", "properties": {"CD_MUN": "2100055", "NM_MUN": "Açailândia"}, "geometry": {"type": "Polygon", "coordinates": [[[-47.0421525, -5.06055999999995], [-47.0846078, -5.05818049999993], [-47.1001583999999, -5.06970819999998], [-47.0972901, -5.08000229999993], [-47.1205189, -5.08881929999995], [-47.1160487, -5.10095569999993], [-47.123475, -5.10198849999995], [-47.1268699999999, -5.12197039999995], [-47.1375839, -5.13364309999997], [-47.1355526, -5.14338179999993], [-47.2120419, -5.16884499999998], [-47.2300410999999, -5.15160769999994], [-47.2602866999999, -5.08571529999995], [-47.2690607, -5.08809849999994], [-47.2711439999999, -5.08179699999994], [-47.2808388999999, -5.08096419999993], [-47.2902854, -5.08615999999995], [-47.2913402999999, -5.07915959999997], [-47.3012967, -5.08189939999994], [-47.3125812, -5.07622299999997], [-47.3212859, -5.05876059999997], [-47.3157838, -5.04393709999994], [-47.3307283999999, -5.04364139999996], [-47.3505359, -5.02635839999994], [-47.4767310999999, -5.04674269999992], [-47.4817052, -5.07308709999995], [-47.4942629999999, -5.07719349999996], [-47.5021004, -5.06497489999992], [-47.5119496, -5.06199899999996], [-47.5545892, -5.09522159999995], [-47.697232, -5.02962949999994], [-47.7132912, -5.00834939999993], [-47.7172346, -4.98648869999994], [-47.7515404, -4.96385599999996], [-47.7760974, -4.95689509999994], [-47.7784864, -4.94570089999996], [-47.8066231999999, -4.92939629999995], [-47.8046171, -4.92229639999994], [-47.8135998, -4.92118909999994], [-47.8322588999999, -4.88454239999993], [-47.8553173, -4.87103219999995], [-47.8609527, -4.85472269999997], [-47.9195804, -4.82930879999998], [-47.9800653, -4.78477269999996], [-47.9967343, -4.78076209999995], [-48.0063979, -4.78574449999996], [-48.0253774, -4.77829559999998], [-47.816153, -4.61472849999996], [-47.7899209999999, -4.58551039999998], [-47.7708699, -4.59331449999996], [-47.7540405, -4.59082359999996], [-47.7507909, -4.60049099999998], [-47.7248127999999, -4.60641809999993], [-47.6799573, -4.60861739999996], [-47.6826637999999, -4.63967159999993], [-47.6932619, -4.65050329999997], [-47.6863635, -4.69084319999996], [-47.6992241, -4.70040499999993], [-47.7019096, -4.71627139999993], [-47.6944217, -4.72439999999995], [-47.6745821, -4.71189319999996], [-47.6557860999999, -4.71475559999993], [-47.6461381999999, -4.72765009999995], [-47.6153325999999, -4.70200239999997], [-47.5745252, -4.70728369999995], [-47.4952919, -4.70092489999996], [-47.4953467999999, -4.65218269999997], [-47.4683418, -4.64939509999994], [-47.4454335999999, -4.63527069999998], [-47.3876392, -4.65110189999996], [-47.3893206, -4.65752759999998], [-47.3750831, -4.66595909999995], [-47.3355074999999, -4.67945459999993], [-47.3381548999999, -4.69127139999995], [-47.2913907999999, -4.70287259999998], [-47.2299874999999, -4.63655519999998], [-47.2249068, -4.60075029999996], [-47.2537232999999, -4.50731189999993], [-47.2440152999999, -4.43200379999996], [-47.2219984, -4.42532579999994], [-47.2103033, -4.40665759999996], [-47.1877549, -4.38867749999997], [-47.1385175999999, -4.31863859999993], [-47.1260612999999, -4.28398659999993], [-47.1009789999999, -4.26510769999993], [-47.0901271, -4.24161089999996], [-47.0727401999999, -4.23662959999996], [-47.0692602, -4.26345399999997], [-47.0833421, -4.28435169999995], [-47.0874618999999, -4.30922239999995], [-47.0737157, -4.32226159999993], [-47.0710482, -4.34246479999996], [-47.0626576, -4.34481229999994], [-47.0598813, -4.36623059999994], [-47.0314461999999, -4.38825469999995], [-47.0169895999999, -4.42022929999996], [-46.9998398, -4.42740069999996], [-46.9652505, -4.42526459999993], [-46.9482131, -4.43484539999997], [-46.9365129999999, -4.43287079999993], [-46.9322007, -4.44315929999993], [-46.8894207, -4.42719159999996], [-46.8749056999999, -4.43257259999996], [-46.8575198999999, -4.41653039999994], [-46.848777, -4.39493419999997], [-46.8388914999999, -4.39882569999997], [-46.8477601, -4.42398349999996], [-46.8585214999999, -4.43344339999993], [-46.8584183, -4.45644349999998], [-46.8686317999999, -4.46929379999995], [-46.8981893, -4.48645629999993], [-46.9039748, -4.50524579999995], [-46.8967876999999, -4.51697629999995], [-46.9392012, -4.58531019999998], [-46.9342108, -4.60648379999998], [-46.9452047, -4.61763039999994], [-46.9345693999999, -4.67419499999994], [-46.9259587, -4.68330889999993], [-46.9276884, -4.69238459999997], [-46.9350659999999, -4.69408349999998], [-46.9320066, -4.71925509999994], [-46.9395081, -4.73860559999997], [-46.9339581999999, -4.76063479999993], [-46.9250901999999, -4.76811249999997], [-46.9289749, -4.78717549999993], [-46.9184021999999, -4.81610819999997], [-46.9302860999999, -4.84999429999993], [-46.9232342, -4.88300769999995], [-46.9305907, -4.89395939999997], [-46.9179887, -4.90959359999994], [-46.9260135, -4.91876099999996], [-46.9125771, -4.93862229999996], [-46.9208826, -4.95387069999992], [-46.9108297, -4.97061849999994], [-46.9069552, -4.99760669999995], [-46.9286844, -5.01958729999996], [-46.9586542, -5.03762519999998], [-46.9955093, -5.04910069999994], [-47.0254351, -5.04945369999996], [-47.0421525, -5.06055999999995]]]}}, {"type": "Feature", "properties": {"CD_MUN": "2100154", "NM_MUN": "Água Doce do Maranhão"}, "geometry": {"type": "Polygon", "coordinates": [[[-42.126074, -3.03368529999995], [-42.1469941, -3.05641349999996], [-42.1725709, -3.05865749999992], [-42.1894237, -3.06988769999992], [-42.2047011999999, -3.06692899999996], [-42.2296913, -3.07839439999998], [-42.2789557, -3.07840599999997], [-42.309277, -3.09247919999996], [-42.1742806, -2.84069069999993], [-42.1793888999999, -2.83106389999995], [-42.1738535, -2.81484889999996], [-42.1456631, -2.80130449999996], [-42.1276371, -2.80117629999995], [-42.1220776, -2.77741109999994], [-42.1266659999999, -2.76560839999996], [-42.1091953, -2.75461149999995], [-42.0921867, -2.76531639999996], [-42.0713668999999, -2.81452279999996], [-42.0807536, -2.82112209999997], [-42.0816482, -2.83492849999993], [-42.0938403, -2.84394729999997], [-42.0899062, -2.85329769999993], [-42.0964782, -2.86853989999997], [-42.0788899999999, -2.91831409999998], [-42.1362473, -2.94188399999996], [-42.1245790999999, -2.96568729999996], [-42.1274400999999, -2.98704219999996], [-42.0476518, -2.98892769999998], [-42.0668568999999, -3.01630959999994], [-42.0968007, -3.02890159999993], [-42.1020056, -3.02595849999994], [-42.1161198, -3.03808599999996], [-42.126074, -3.03368529999995]]]}}, {"type": "Feature", "properties": {"CD_MUN": "2108306", "NM_MUN": "Penalva"}, "geometry": {"type": "Polygon", "coordinates": [[[-45.2603384, -3.37134829999997], [-45.3384483, -3.34090169999996], [-45.3635849999999, -3.36618329999993], [-45.4508688, -3.29633519999993], [-45.5801918, -3.23891719999995], [-45.3587239999999, -3.17723709999996], [-45.3194344999999, -3.12566069999997], [-45.267524, -3.13632109999998], [-45.1947223999999, -3.16843739999996], [-45.173847, -3.16841779999993], [-45.1450128, -3.18077429999994], [-45.1388712999999, -3.19380879999994], [-45.1456464, -3.20734159999995], [-45.1352107, -3.20064489999993], [-45.0883171, -3.24784359999995], [-45.093809, -3.25092039999993], [-45.0925344, -3.25627489999994], [-45.0793765, -3.24882769999994], [-45.073592, -3.26009499999998], [-45.1299581, -3.32652249999995], [-45.1530546, -3.33244689999998], [-45.2151719, -3.33220059999996], [-45.2546844999999, -3.32131639999994], [-45.2603384, -3.37134829999997]]]}}, {"type": "Feature", "properties": {"CD_MUN": "2100105", "NM_MUN": "Afonso Cunha"}, "geometry": {"type": "Polygon", "coordinates": [[[-43.2291216, -4.22542199999998], [-43.229974, -4.27262309999998], [-43.2347682, -4.27725179999993], [-43.2203205, -4.30403909999995], [-43.2104462, -4.36527039999993], [-43.4292435, -4.22332239999997], [-43.2675945999999, -4.07480379999993], [-43.2474369999999, -4.09941759999998], [-43.2446894, -4.11620399999993], [-43.2335011, -4.11502169999994], [-43.2258967999999, -4.12664979999994], [-43.2239402, -4.17066769999997], [-43.2371836, -4.20157379999995], [-43.2291216, -4.22542199999998]]]}}, {"type": "Feature", "properties": {"CD_MUN": "2107605", "NM_MUN": "Palmeirândia"}, "geometry": {"type": "Polygon", "coordinates": [[[-45.1573344, -2.83690719999993], [-45.1734003999999, -2.80591939999994], [-45.1838776, -2.79841799999997], [-45.1651002, -2.76742339999993], [-45.1291461, -2.74517039999995], [-45.1285617999999, -2.71763999999996], [-45.1060772, -2.67996229999994], [-45.1123747, -2.66102359999996], [-45.0868900999999, -2.65145909999995], [-45.0944466999999, -2.63408209999994], [-45.0864999999999, -2.61514389999996], [-45.0762296, -2.61006879999996], [-45.0728352, -2.56125999999995], [-45.0582146, -2.55828909999997], [-45.0541828999999, -2.56902349999996], [-45.0479268, -2.56800349999997], [-45.0473766, -2.54366289999996], [-45.0343450999999, -2.54716339999993], [-45.0257817, -2.56421739999996], [-44.9445122, -2.61861679999993], [-44.8745438999999, -2.62676479999993], [-44.8780355, -2.64248639999994], [-44.8748414, -2.63741709999994], [-44.8695519999999, -2.64752229999993], [-44.840268, -2.65933679999995], [-44.8748727, -2.69941629999994], [-45.1573344, -2.83690719999993]]]}}, {"type": "Feature", "properties": {"CD_MUN": "2107704", "NM_MUN": "Paraibano"}, "geometry": {"type": "Polygon", "coordinates": [[[-43.8754493, -6.51230669999995], [-43.9271601, -6.54378759999997], [-44.0578533, -6.36953039999997], [-44.0997508, -6.35145549999993], [-43.9663217, -6.29557409999995], [-43.9439828, -6.29301299999997], [-43.9113073999999, -6.30036149999995], [-43.8592624, -6.28428829999996], [-43.8367334, -6.34537619999998], [-43.8383694999999, -6.38230959999993], [-43.8119225999999, -6.42834849999997], [-43.7843632999999, -6.45492799999994], [-43.8087361999999, -6.46738499999998], [-43.8211894, -6.51269819999993], [-43.8427905999999, -6.51699939999997], [-43.8754493, -6.51230669999995]]]}}, {"type": "Feature", "properties": {"CD_MUN": "2107506", "NM_MUN": "Paço do Lumiar"}, "geometry": {"type": "Polygon", "coordinates": [[[-44.1901448, -2.55368689999995], [-44.1927648, -2.54184079999993], [-44.1837186, -2.53314329999995], [-44.1782168999999, -2.50835879999994], [-44.1819771, -2.46600959999995], [-44.187219, -2.46220249999993], [-44.1738455, -2.45804339999995], [-44.1728883, -2.47568809999996], [-44.1527591999999, -2.47292079999994], [-44.1270008, -2.45615679999997], [-44.1091699999999, -2.45507239999995], [-44.1000142, -2.46333939999994], [-44.0944087, -2.45466599999997], [-44.0604403, -2.46165239999993], [-44.0635409999999, -2.46702389999996], [-44.0770388999999, -2.46579419999995], [-44.0641105, -2.47263929999997], [-44.0583212, -2.49919379999994], [-44.0637427, -2.51533029999996], [-44.0594553, -2.52339769999998], [-44.0732814, -2.52502299999998], [-44.0771051999999, -2.54233669999996], [-44.140869, -2.55464729999994], [-44.1901448, -2.55368689999995]]]}}, {"type": "Feature", "properties": {"CD_MUN": "2107902", "NM_MUN": "Passagem Franca"}, "geometry": {"type": "Polygon", "coordinates": [[[-43.9803262, -6.28434039999996], [-43.9665424, -6.25951789999993], [-43.9583428999999, -6.26049929999994], [-43.9632665999999, -6.24865039999997], [-43.9539722, -6.22155019999997], [-43.959243, -6.19244519999995], [-43.9519806, -6.18743089999998], [-43.9538775999999, -6.17718639999993], [-43.9447473, -6.17909559999993], [-43.9306918, -6.09698469999995], [-43.9220192, -6.08755269999995], [-43.9227013, -6.07713239999993], [-43.9285879, -6.07433389999994], [-43.9299679, -6.03888149999995], [-43.9095174, -6.01898829999993], [-43.9045001, -6.00476209999994], [-43.8444402, -6.00366759999997], [-43.8434073, -5.99585949999994], [-43.8255162999999, -5.99525309999996], [-43.8255346999999, -6.00574379999995], [-43.8033421, -5.99071319999996], [-43.7491239999999, -5.97738649999997], [-43.7389507, -5.98226939999995], [-43.7036831999999, -5.95388089999994], [-43.7081095999999, -5.94690339999994], [-43.6952527999999, -5.93315769999998], [-43.6955667999999, -5.91509069999995], [-43.6827120999999, -5.90914629999997], [-43.6708292, -5.93746599999997], [-43.6665598, -5.99737919999995], [-43.6408157, -6.04042819999995], [-43.6451417, -6.04897549999993], [-43.6387842999999, -6.05481969999994], [-43.6236608, -6.05383409999996], [-43.6032883999999, -6.07542449999994], [-43.5932910999999, -6.09919479999996], [-43.5657105, -6.12765899999994], [-43.5468617999999, -6.13675009999997], [-43.547897, -6.15449739999997], [-43.5626991999999, -6.16615849999994], [-43.538178, -6.17384399999997], [-43.5652054999999, -6.21555279999995], [-43.5797084, -6.27122699999995], [-43.609314, -6.30072299999995], [-43.6129498999999, -6.32288319999998], [-43.8592624, -6.28428829999996], [-43.9180972999999, -6.30069919999994], [-43.9439828, -6.29301299999997], [-43.9663217, -6.29557409999995], [-43.9647222, -6.29117069999995], [-43.9803262, -6.28434039999996]]]}}, {"type": "Feature", "properties": {"CD_MUN": "2107803", "NM_MUN": "Parnarama"}, "geometry": {"type": "Polygon", "coordinates": [[[-43.0751227, -5.86499269999996], [-43.0989681999999, -5.90086419999994], [-43.0964273, -5.90971019999995], [-43.5655497, -5.91306339999994], [-43.5717538, -5.88927479999995], [-43.5608483999999, -5.89123879999994], [-43.5602451, -5.88281089999998], [-43.5500051, -5.87900579999996], [-43.5447202999999, -5.86224309999994], [-43.5503854999999, -5.84754799999996], [-43.5350571, -5.83515099999994], [-43.54993, -5.82354559999993], [-43.5520892, -5.80868879999997], [-43.5600641, -5.80457469999993], [-43.5602559, -5.77189269999997], [-43.5973238999999, -5.77335819999996], [-43.6003171, -5.75841049999997], [-43.6123573, -5.74651459999995], [-43.5998465, -5.72333959999997], [-43.5877834999999, -5.71482789999993], [-43.5870925, -5.70162809999994], [-43.5949641999999, -5.68975669999998], [-43.6061763, -5.68895539999994], [-43.6028234999999, -5.67578349999997], [-43.6120658, -5.67210719999997], [-43.613997, -5.66251219999998], [-43.6389, -5.65447959999995], [-43.6508562999999, -5.63654599999995], [-43.666376, -5.63150579999996], [-43.6705655, -5.61876629999995], [-43.6635947999999, -5.61463469999995], [-43.6690121, -5.59727079999993], [-43.7083122, -5.59540439999995], [-43.7134237, -5.58787049999995], [-43.7314612, -5.59133779999996], [-43.7390884, -5.58255649999995], [-43.7590991, -5.58988839999995], [-43.7857322999999, -5.56155859999996], [-43.8199868, -5.55116189999995], [-43.819328, -5.53742389999996], [-43.8538201, -5.51844329999994], [-43.8685176, -5.49524799999995], [-43.8636106, -5.48184679999997], [-43.8739348, -5.45449829999995], [-43.8597437, -5.43211599999995], [-43.8834621999999, -5.38696959999993], [-43.8765678, -5.37281819999993], [-43.8839179, -5.35718689999993], [-43.8808390999999, -5.33028699999994], [-43.8563440999999, -5.30186649999996], [-43.8248968, -5.29331679999996], [-43.8154139, -5.28453109999998], [-43.8118621, -5.28989619999993], [-43.7402395, -5.30832669999995], [-43.7581546, -5.31584129999993], [-43.7223728, -5.38573569999994], [-43.6250687, -5.34847839999998], [-43.5756006999999, -5.37587079999997], [-43.5747436, -5.39098469999993], [-43.5529048, -5.40249799999998], [-43.536667, -5.40284129999998], [-43.5310909, -5.39554749999996], [-43.483234, -5.41244059999997], [-43.4574345999999, -5.45187649999997], [-43.4118587, -5.45278559999997], [-43.4010959999999, -5.45963959999995], [-43.3764679, -5.51260209999998], [-43.3362425, -5.56386749999996], [-43.1839036, -5.60386319999998], [-43.0949125, -5.61489799999993], [-43.0976489, -5.62671479999995], [-43.0804487999999, -5.64407479999994], [-43.0885602, -5.67159699999996], [-43.0758068, -5.73548609999995], [-43.0804487999999, -5.74234139999993], [-43.0941625999999, -5.74224109999994], [-43.1011670999999, -5.75862829999994], [-43.0904169999999, -5.80782679999993], [-43.096525, -5.82979939999996], [-43.0751227, -5.86499269999996]]]}}, {"type": "Feature", "properties": {"CD_MUN": "2107100", "NM_MUN": "Morros"}, "geometry": {"type": "Polygon", "coordinates": [[[-43.7995854, -3.29259959999996], [-43.7904245, -3.25960749999996], [-43.7749282, -3.24836059999996], [-43.7837014, -3.21344439999996], [-43.7539484, -3.17030579999994], [-43.7540582, -3.13131469999996], [-43.7656165999999, -3.09913269999993], [-43.7828483, -3.08473699999996], [-43.8607064, -3.06261219999993], [-43.8872355999999, -3.04927819999995], [-43.9016162999999, -3.03197819999997], [-43.9987618, -2.98717629999993], [-44.0082738, -2.96208979999994], [-44.0280026, -2.94776579999996], [-44.0215094, -2.92335819999994], [-44.0297626999999, -2.90450749999997], [-44.0504852, -2.89362339999997], [-44.0613934, -2.89985499999995], [-44.0672122, -2.89016659999993], [-44.0610363, -2.87668249999996], [-44.044193, -2.86710949999997], [-44.0524548999999, -2.85644039999994], [-44.0502751, -2.80772279999996], [-43.7450617, -2.80781009999993], [-43.7455257, -2.63750549999997], [-43.5985688, -2.96380129999994], [-43.5421451999999, -3.12966969999997], [-43.7833922999999, -3.29255769999997], [-43.7995854, -3.29259959999996]]]}}, {"type": "Feature", "properties": {"CD_MUN": "2107001", "NM_MUN": "Montes Altos"}, "geometry": {"type": "Polygon", "coordinates": [[[-47.0963950999999, -6.01943139999997], [-47.11484718, -6.01914339999996], [-47.13649148, -6.03338147999995], [-47.16091549, -6.02696691999995], [-47.16285228, -6.04109976999996], [-47.17392409, -6.03238021999994], [-47.18160412, -6.04297871999995], [-47.1931671299999, -6.04033886999997], [-47.18675991, -6.02786008999993], [-47.19087838, -6.02077588999992], [-47.17814591, -6.00539882999993], [-47.18732038, -5.99681590999995], [-47.18747429, -5.98395360999996], [-47.17486432, -5.96109580999996], [-47.2005738899999, -5.96439919999995], [-47.203321105, -5.96012579499995], [-47.1911805899999, -5.94852448999995], [-47.1935803969999, -5.93241799299994], [-47.1617439, -5.89309319999995], [-47.17392711, -5.86572789999997], [-47.1961904, -5.86116369999996], [-47.2133258, -5.86789919999995], [-47.2262064, -5.86003449999993], [-47.2243804999999, -5.85562839999994], [-47.2469366999999, -5.85655929999996], [-47.2426472999999, -5.85194309999997], [-47.2476735, -5.84585609999993], [-47.2517387, -5.85105799999997], [-47.2613861999999, -5.84719669999993], [-47.2669243999999, -5.85744169999998], [-47.2746748, -5.85073809999994], [-47.2865035999999, -5.85861579999994], [-47.2865921, -5.84879049999995], [-47.3047132999999, -5.84613549999995], [-47.3076419, -5.83810089999997], [-47.3298743, -5.83892229999998], [-47.3362488, -5.81807429999998], [-47.3459839, -5.82025479999993], [-47.34433, -5.81303579999997], [-47.316122, -5.80138529999994], [-47.3276223999999, -5.78560259999995], [-47.3141189, -5.78367969999994], [-47.3176250999999, -5.77624099999997], [-47.3093153, -5.78313939999992], [-47.2940158, -5.77541779999996], [-47.2921173, -5.76598049999996], [-47.2598086, -5.77584139999993], [-47.2420905, -5.77020789999995], [-47.2493464999999, -5.76313169999997], [-47.2315958, -5.76747769999997], [-47.2350286, -5.77165849999994], [-47.2288339, -5.77580189999998], [-47.221894, -5.77019209999997], [-47.20078828, -5.77417176999995], [-47.16958199, -5.73856790999997], [-47.13456661, -5.72947248999998], [-47.0853261, -5.67091811299997], [-46.9751603999999, -5.64131099999997], [-46.9454674, -5.62497299999995], [-46.9444534, -5.63632229999996], [-46.9349190999999, -5.63504279999995], [-46.9324058999999, -5.65064969999997], [-46.9251495, -5.65619289999995], [-46.9363483, -5.65864439999996], [-46.927881595, -5.68306100999996], [-46.922223715, -5.68361519499996], [-46.9238915, -5.69519789499998], [-46.9115131, -5.69621539499997], [-46.914802715, -5.70989439999994], [-46.923233505, -5.71566278999995], [-46.917128495, -5.72080389499996], [-46.92058681, -5.73172239499996], [-46.913145695, -5.73766859499995], [-46.9190866, -5.74574930499995], [-46.9178637049999, -5.75907219999993], [-46.9020126899999, -5.75960439999994], [-46.9004745899999, -5.77337169999993], [-46.9070864949999, -5.77902701499994], [-46.894447805, -5.79178129999997], [-46.895474, -5.80632600499996], [-46.887086105, -5.82349658999993], [-46.87724711, -5.82874630499992], [-46.8890333849999, -5.85119339499994], [-46.885743485, -5.86851058999997], [-46.8929881999999, -5.89151439999995], [-46.8749038999999, -5.91164819999995], [-46.8597576999999, -5.90394029999993], [-46.8468677, -5.90543079999998], [-46.8302975, -5.89234829999998], [-46.8034706, -5.89167419999995], [-46.7823653, -5.89883189999995], [-46.7759027, -5.91434289999995], [-46.7908383, -5.92530729999993], [-46.7831581999999, -5.94108249999994], [-46.7833608, -5.96708779999994], [-46.8028987, -5.97240169999998], [-46.8430590999999, -5.96750999999995], [-46.8584731999999, -5.98068499999994], [-46.8528942, -5.99221869999997], [-46.8594818, -5.99065819999993], [-46.886474, -6.01136929999996], [-46.8919673999999, -6.00776099999996], [-46.9016526999999, -6.01424099999997], [-46.9060436999999, -6.00852569999995], [-46.9177928, -6.00879519999995], [-46.9211597, -6.01701609999998], [-46.9366972999999, -6.01132589999997], [-46.9389265999999, -6.02866919999997], [-46.9488482, -6.03799809999992], [-46.9454732999999, -6.04225429999997], [-46.9658226, -6.04085329999998], [-46.9693318, -6.04757159999997], [-46.9778693, -6.03830479999993], [-46.9856667, -6.05102129999995], [-47.0088636, -6.04105139999996], [-47.0130910999999, -6.05090149999995], [-47.01721379, -6.04254240499995], [-47.025962095, -6.04646488999992], [-47.0257518999999, -6.03733880999994], [-47.038148005, -6.03559780499995], [-47.041447015, -6.02673880999993], [-47.08703041, -6.02904768999997], [-47.0963950999999, -6.01943139999997]]]}}, {"type": "Feature", "properties": {"CD_MUN": "2107357", "NM_MUN": "Nova Olinda do Maranhão"}, "geometry": {"type": "Polygon", "coordinates": [[[-46.4007932, -3.21206259999997], [-46.3971713999999, -3.19488229999996], [-46.3791366, -3.16596459999994], [-46.3063149, -3.08905629999992], [-46.1979913, -3.02163059999998], [-46.1900019999999, -3.01062329999996], [-46.1791492, -2.95817439999996], [-46.1225638999999, -2.90722749999998], [-46.1316285999999, -2.86543459999996], [-46.0916920999999, -2.80776419999995], [-46.0908137, -2.78368629999994], [-46.0691864, -2.74119059999992], [-46.0799559, -2.71404609999996], [-46.0644073999999, -2.68634419999995], [-45.9795445, -2.69419129999994], [-45.7981109, -2.64868379999996], [-45.766171, -2.63371689999997], [-45.7549144, -2.62072919999997], [-45.6409371, -2.65584039999993], [-45.6379676999999, -2.90266229999997], [-45.6510092999999, -2.88473079999994], [-45.6576196999999, -2.88642099999993], [-45.6434717, -2.91067019999997], [-45.6554305999999, -2.91733619999997], [-45.6696937, -2.90800569999993], [-45.66845, -2.92205949999993], [-45.6581793, -2.93608029999996], [-45.6637512999999, -2.94432509999996], [-45.6691349, -2.94547199999994], [-45.6756245999999, -2.93124029999996], [-45.6940969, -2.94708089999995], [-45.7037974, -2.94200589999997], [-45.7139465, -2.94880399999994], [-45.7334837, -2.93783769999993], [-45.7401038, -2.92619719999993], [-45.7463001, -2.93868009999994], [-45.738328, -2.95161199999995], [-45.7437075999999, -2.95579309999994], [-45.7395149, -2.96699649999994], [-45.7485066, -2.95252399999993], [-45.7574392999999, -2.96081829999997], [-45.7713277999999, -2.94873049999995], [-45.7910095, -2.94824299999993], [-45.7910133, -2.95660999999996], [-45.7821906, -2.95916689999996], [-45.7891986, -2.97253199999994], [-45.7944361, -2.96691509999994], [-45.8010098999999, -2.98698409999997], [-45.8092482, -2.96724539999997], [-45.8200368, -2.97169429999997], [-45.8240837, -2.95808269999998], [-45.8406747999999, -2.95353449999993], [-45.8449062999999, -2.96073379999996], [-45.8385562, -2.97125669999997], [-45.8494254999999, -2.97830629999993], [-45.8470346, -2.98847959999995], [-45.8721725999999, -2.99190239999996], [-45.8687613, -2.99774069999995], [-45.8799705, -3.00564339999994], [-45.8906957, -3.00363819999995], [-45.9023965, -3.02755989999997], [-45.9130741, -3.02329549999996], [-45.9187732, -3.02869059999995], [-45.9265361999999, -3.02101769999996], [-45.9322974999999, -3.03040979999997], [-45.923288, -3.03727999999995], [-45.9315371, -3.04368559999995], [-45.9305373, -3.05260499999997], [-45.9433425999999, -3.04573359999995], [-45.9459117, -3.06709049999995], [-45.9525515999999, -3.06365299999993], [-45.9574208999999, -3.06895859999997], [-45.9596688, -3.06349749999993], [-45.9628197, -3.07098259999998], [-45.9724854999999, -3.06796159999993], [-45.9811536999999, -3.07857069999994], [-45.9823929999999, -3.07072579999993], [-45.9889802, -3.07394349999993], [-46.0017202999999, -3.06173099999995], [-46.0162703, -3.08056769999996], [-46.0278886, -3.07462019999997], [-46.0319895, -3.08323659999996], [-46.0557254999999, -3.09407219999997], [-46.0553815, -3.10597479999996], [-46.0613178, -3.11071109999995], [-46.0753683999999, -3.10428419999994], [-46.0812553, -3.11799949999994], [-46.0941314999999, -3.12371339999993], [-46.0928466, -3.14232679999998], [-46.1045989, -3.15009969999994], [-46.2011237, -3.16708529999994], [-46.2250164, -3.15831739999993], [-46.2406242, -3.16641169999997], [-46.2476717, -3.15724739999996], [-46.2521864, -3.16266939999997], [-46.2667132, -3.15914149999998], [-46.2744850999999, -3.18812899999995], [-46.281202, -3.19298549999996], [-46.3108089999999, -3.19076409999997], [-46.3497283999999, -3.21394029999993], [-46.391162, -3.27374499999996], [-46.4007932, -3.21206259999997]]]}}, {"type": "Feature", "properties": {"CD_MUN": "2107456", "NM_MUN": "Olinda Nova do Maranhão"}, "geometry": {"type": "Polygon", "coordinates": [[[-44.9147945, -3.04374149999995], [-44.9032635999999, -3.05623839999993], [-44.8929102, -3.07791419999995], [-45.045921, -3.01363429999998], [-45.0705278999999, -2.98539699999998], [-45.0835254, -2.93102769999996], [-45.1198648, -2.93648299999995], [-45.1256945, -2.92049569999995], [-45.0272196, -2.88764839999993], [-45.0183809, -2.89835199999993], [-45.0225399999999, -2.91274649999997], [-45.0175429, -2.93629229999993], [-44.9961296, -2.92506779999997], [-44.9903512999999, -2.93575989999994], [-44.9661819999999, -2.94641919999998], [-44.9620219999999, -2.96709939999994], [-44.9680706999999, -2.97202729999998], [-44.9358197999999, -2.97945389999995], [-44.9336531, -2.98827509999995], [-44.9422117, -2.99033079999998], [-44.9437606, -2.99646609999996], [-44.9395858, -2.99150899999995], [-44.9362727, -2.99861929999997], [-44.9308559999999, -2.99260349999997], [-44.9222406, -3.00013049999995], [-44.9235964, -3.00969889999993], [-44.935105, -3.01391799999993], [-44.930689, -3.02036579999998], [-44.9360963999999, -3.02435919999994], [-44.9293503, -3.02564389999998], [-44.9228539, -3.01710349999996], [-44.9189330999999, -3.02123389999997], [-44.9228262, -3.03434949999996], [-44.9096273, -3.03871489999995], [-44.9147945, -3.04374149999995]]]}}, {"type": "Feature", "properties": {"CD_MUN": "2107407", "NM_MUN": "Olho d'Água das Cunhãs"}, "geometry": {"type": "Polygon", "coordinates": [[[-45.1067242999999, -4.32883649999997], [-45.2039953999999, -4.19743199999994], [-45.1975514, -4.18911729999996], [-45.210435, -4.18430959999995], [-45.215676, -4.16425599999997], [-45.2395994999999, -4.14863239999994], [-45.2526908, -4.14860879999998], [-45.2094124, -4.06602839999994], [-45.2069872, -3.97190739999996], [-45.0736548, -3.91730299999995], [-45.0860436, -3.93353449999995], [-45.0630950999999, -3.93058309999998], [-45.0540455999999, -3.95196599999997], [-45.0346102999999, -3.95202989999996], [-45.010205, -3.96445149999994], [-45.0085341, -3.98264649999993], [-45.0154658, -3.98854089999998], [-45.0290189999999, -4.04115379999996], [-45.019965, -4.05787549999997], [-45.0234073, -4.07005999999996], [-45.0185352, -4.07487159999994], [-45.0187493999999, -4.09841569999998], [-45.0122926999999, -4.10447419999997], [-45.0149122, -4.11593239999996], [-45.0039995, -4.13111279999993], [-45.0120542, -4.12875079999998], [-45.0267349, -4.14667429999997], [-45.0255445999999, -4.15628919999995], [-45.0368400999999, -4.16748229999996], [-45.0342684, -4.18299449999995], [-45.0404156, -4.17997549999995], [-45.0580548999999, -4.19353589999997], [-45.0870371999999, -4.20291609999992], [-45.0851340999999, -4.22204779999993], [-45.0981502999999, -4.24039429999993], [-45.0875684, -4.25525869999996], [-45.0893339, -4.27165069999995], [-45.1146376, -4.29486969999994], [-45.1070741999999, -4.30738769999994], [-45.1067242999999, -4.32883649999997]]]}}, {"type": "Feature", "properties": {"CD_MUN": "2107258", "NM_MUN": "Nova Colinas"}, "geometry": {"type": "Polygon", "coordinates": [[[-46.0717953, -7.15989279999997], [-46.1980899, -7.25796099999997], [-46.2449993, -7.34092159999994], [-46.2576622, -7.34787799999998], [-46.2850839, -7.34306589999994], [-46.3044743, -7.32607289999993], [-46.3040579, -7.30866229999998], [-46.3123671, -7.28921359999993], [-46.2997485999999, -7.23280129999995], [-46.3035629, -7.22270239999995], [-46.2952463, -7.21640909999996], [-46.2931399, -7.19984659999994], [-46.4510455999999, -7.06645069999996], [-46.4043493, -6.99852889999994], [-46.3417540999999, -6.99861619999996], [-46.2251788999999, -7.03654909999995], [-46.0717953, -7.15989279999997]]]}}, {"type": "Feature", "properties": {"CD_MUN": "2107209", "NM_MUN": "Nina Rodrigues"}, "geometry": {"type": "Polygon", "coordinates": [[[-43.7393106, -3.43130579999996], [-43.6066977, -3.61867269999993], [-43.6068319999999, -3.61902149999997], [-43.6160224, -3.61998409999995], [-43.6222642, -3.60357039999997], [-43.6328569, -3.61246189999997], [-43.6437112, -3.60494069999993], [-43.6509925, -3.57869719999997], [-43.6559584999999, -3.57750809999993], [-43.6589074999999, -3.58883519999995], [-43.6871606, -3.57565549999993], [-43.6999465, -3.57932019999993], [-43.7149044999999, -3.56809799999996], [-43.7097204999999, -3.55976259999994], [-43.7378411999999, -3.54533489999994], [-43.7408394999999, -3.53620479999995], [-43.7491639, -3.53822409999998], [-43.7483625, -3.54516529999995], [-43.7518413999999, -3.54612059999994], [-43.7537022999999, -3.53698329999997], [-43.7742138999999, -3.52697539999997], [-43.7790547, -3.50924819999994], [-43.7884859, -3.50047349999994], [-43.7875910999999, -3.49098199999997], [-43.8013905999999, -3.47466729999996], [-43.9842856999999, -3.50122029999994], [-43.99481, -3.48040799999995], [-43.9740669999999, -3.45528289999993], [-43.9747154, -3.44638869999994], [-43.9670308, -3.44225539999996], [-43.9546850999999, -3.41385379999997], [-43.9469005, -3.41151819999993], [-43.9439887, -3.41813879999995], [-43.7837014, -3.21344439999996], [-43.7749282, -3.24836059999996], [-43.791483, -3.26169229999994], [-43.8049819, -3.30107149999998], [-43.8041772999999, -3.31529129999996], [-43.7881452, -3.33236399999993], [-43.7662582, -3.32046879999996], [-43.7459519, -3.35540239999995], [-43.7456215, -3.37806339999997], [-43.7359233999999, -3.38540129999996], [-43.7267085, -3.38215589999993], [-43.7177293999999, -3.39275189999995], [-43.7157857, -3.40786429999997], [-43.7393106, -3.43130579999996]]]}}, {"type": "Feature", "properties": {"CD_MUN": "2107308", "NM_MUN": "Nova Iorque"}, "geometry": {"type": "Polygon", "coordinates": [[[-44.3289329999999, -6.93713759999997], [-44.2147335, -6.74364279999998], [-43.7908571, -6.54509259999998], [-43.7538213, -6.70348799999994], [-43.7607351999999, -6.70243759999994], [-43.7748432, -6.71493659999993], [-43.7950637, -6.70207179999994], [-43.8081859, -6.72027299999996], [-43.8537608999999, -6.73561169999994], [-43.879918, -6.75778239999994], [-43.9137942999999, -6.75266149999993], [-43.9323716, -6.77199569999993], [-43.9451026, -6.76550999999995], [-43.9493419, -6.75174389999995], [-43.9612097, -6.74189839999997], [-43.9877336, -6.75727789999996], [-44.0333932999999, -6.76040409999996], [-44.0574592999999, -6.77444189999994], [-44.0590625999999, -6.80843749999997], [-44.0696971, -6.82137749999993], [-44.0769874, -6.82112599999994], [-44.0888742, -6.80330119999996], [-44.114009, -6.80346039999995], [-44.1163134, -6.81494259999994], [-44.0987097999999, -6.83994369999994], [-44.1006495, -6.85114209999995], [-44.1072078999999, -6.85777239999993], [-44.1141775, -6.85287019999993], [-44.1198982, -6.83278879999995], [-44.1391727, -6.86410719999998], [-44.1634807999999, -6.87452129999997], [-44.1758483, -6.89560599999993], [-44.1750388999999, -6.92516979999994], [-44.1986022999999, -6.92976239999996], [-44.2081719, -6.96994519999993], [-44.2359544999999, -6.99871229999997], [-44.2492751, -7.00054079999995], [-44.2532426999999, -6.97620289999998], [-44.2637389999999, -6.97246729999995], [-44.2731444999999, -6.95610329999994], [-44.2893589999999, -6.95771739999998], [-44.3058776, -6.94261929999993], [-44.3227105999999, -6.94376079999995], [-44.3227181, -6.93729979999995], [-44.3289329999999, -6.93713759999997]]]}}, {"type": "Feature", "properties": {"CD_MUN": "2106607", "NM_MUN": "Matões"}, "geometry": {"type": "Polygon", "coordinates": [[[-43.0226321, -5.55897349999998], [-43.0332174, -5.59207409999993], [-43.0819956, -5.59951289999998], [-43.0949125, -5.61489799999993], [-43.1839036, -5.60386319999998], [-43.3362425, -5.56386749999996], [-43.3764679, -5.51260209999998], [-43.4010959999999, -5.45963959999995], [-43.4118587, -5.45278559999997], [-43.4574345999999, -5.45187649999997], [-43.483234, -5.41244059999997], [-43.5310909, -5.39554749999996], [-43.536667, -5.40284129999998], [-43.5529048, -5.40249799999998], [-43.5747436, -5.39098469999993], [-43.5756006999999, -5.37587079999997], [-43.6250687, -5.34847839999998], [-43.7227425999999, -5.38559769999995], [-43.7581546, -5.31584129999993], [-43.7404069, -5.30872839999995], [-43.7135003999999, -5.31165149999993], [-43.7009267, -5.29844409999993], [-43.5670249, -5.23019219999998], [-43.5285785, -5.22718189999995], [-43.4474225, -5.28839909999994], [-43.436587, -5.27370639999998], [-43.4510304999999, -5.22366309999995], [-43.3520774, -5.19157969999998], [-43.2658625999999, -5.20607239999993], [-43.2289769, -5.18233089999995], [-43.2290854999999, -5.14322499999997], [-43.2059565, -5.14316029999998], [-43.204018, -5.16626929999995], [-43.1825009999999, -5.16860919999993], [-43.1592965999999, -5.20088359999994], [-43.1639941999999, -5.25025719999996], [-43.1894133, -5.28694379999996], [-43.1514017, -5.35441459999993], [-43.0980494, -5.38488419999993], [-43.0595304999999, -5.38476259999993], [-42.9683554, -5.45352379999997], [-42.9740667999999, -5.48596369999996], [-42.9953282, -5.50829289999996], [-43.0042213999999, -5.54267899999996], [-43.0226321, -5.55897349999998]]]}}, {"type": "Feature", "properties": {"CD_MUN": "2106672", "NM_MUN": "Milagres do Maranhão"}, "geometry": {"type": "Polygon", "coordinates": [[[-42.5682975999999, -3.57048459999993], [-42.6137907999999, -3.58928399999996], [-42.6188251, -3.62065669999993], [-42.6330523, -3.63208179999998], [-42.7973142, -3.53046159999997], [-42.9873815, -3.55333569999993], [-42.9843023, -3.54591959999993], [-42.9755772999999, -3.54548859999994], [-42.9757448999999, -3.53523639999997], [-42.9833065, -3.52843879999995], [-42.9851692999999, -3.50937729999993], [-42.9963306999999, -3.50352249999997], [-42.9696926, -3.48579899999993], [-42.9880396, -3.47085809999993], [-42.9778484999999, -3.45789249999996], [-42.9756684, -3.42997829999996], [-42.9522094, -3.40136769999998], [-42.9319563, -3.38759109999995], [-42.7529436, -3.41398829999997], [-42.5638486, -3.55662049999995], [-42.5682975999999, -3.57048459999993]]]}}, {"type": "Feature", "properties": {"CD_MUN": "2106631", "NM_MUN": "Matões do Norte"}, "geometry": {"type": "Polygon", "coordinates": [[[-44.4035671999999, -3.69352299999997], [-44.3783481, -3.69144959999994], [-44.2845369999999, -3.76716879999998], [-44.2926782, -3.77257939999993], [-44.2992924, -3.76706219999994], [-44.3122901, -3.76908569999995], [-44.3357905, -3.79046869999996], [-44.3302634, -3.79680359999998], [-44.3462355999999, -3.80808899999994], [-44.3513199, -3.82734579999993], [-44.3457377999999, -3.84029349999997], [-44.3629058, -3.85952779999997], [-44.3610418, -3.86480819999997], [-44.3875897, -3.87842009999997], [-44.3931822, -3.89657139999997], [-44.4191946, -3.91414409999993], [-44.4111078999999, -3.92943569999994], [-44.4151843, -3.93868049999998], [-44.4226537, -3.93222729999997], [-44.4330438, -3.93383569999997], [-44.4363145, -3.92740529999998], [-44.4800428999999, -3.91916449999997], [-44.4802632999999, -3.90516789999998], [-44.5053945999999, -3.84875159999996], [-44.6101513999999, -3.84779889999993], [-44.6104074, -3.65900949999997], [-44.5656897, -3.60504069999996], [-44.5317153999999, -3.61014849999998], [-44.4524620999999, -3.56178379999994], [-44.4470195, -3.57358469999997], [-44.4457375, -3.62947179999998], [-44.4557096999999, -3.64235269999995], [-44.4589602999999, -3.67254659999998], [-44.4395666999999, -3.68705929999993], [-44.4369864999999, -3.70506669999997], [-44.4267151, -3.71266389999994], [-44.4089427, -3.70651379999993], [-44.4035671999999, -3.69352299999997]]]}}, {"type": "Feature", "properties": {"CD_MUN": "2106508", "NM_MUN": "Matinha"}, "geometry": {"type": "Polygon", "coordinates": [[[-45.0054064, -3.15170589999997], [-45.0177934, -3.12778509999993], [-45.0138365, -3.14966349999997], [-45.0361569, -3.14480409999993], [-45.0383156, -3.13059339999995], [-45.0429401, -3.14134269999994], [-45.0550536, -3.14103529999994], [-45.0599344999999, -3.13417409999994], [-45.0614706, -3.14129039999995], [-45.0816735, -3.09034829999996], [-45.104003, -3.08346609999995], [-45.1197880999999, -3.06403589999996], [-45.1406976, -3.06757419999997], [-45.1457968999999, -3.01446359999994], [-45.0954024, -2.93105269999995], [-45.0835254, -2.93102769999996], [-45.0705278999999, -2.98539699999998], [-45.045921, -3.01363429999998], [-44.8929102, -3.07791419999995], [-44.9032635999999, -3.05623839999993], [-44.9144080999999, -3.05124309999997], [-44.9076818, -3.05070179999996], [-44.9147661, -3.04274189999995], [-44.8578502, -3.04043349999995], [-44.8065541, -3.06555899999995], [-44.8419244, -3.07158959999992], [-44.804408, -3.12306089999993], [-44.8651859, -3.09067819999996], [-44.9245753, -3.16008049999994], [-44.9494294, -3.16517509999994], [-44.9681972, -3.18649249999993], [-44.9831517, -3.16146019999996], [-44.9816011, -3.15218949999996], [-44.9854855999999, -3.15729919999995], [-44.9925238, -3.15192879999995], [-44.9863377999999, -3.14037119999995], [-44.9982093, -3.13684089999992], [-44.9983516, -3.14997759999994], [-45.0054064, -3.15170589999997]]]}}, {"type": "Feature", "properties": {"CD_MUN": "2106904", "NM_MUN": "Monção"}, "geometry": {"type": "Polygon", "coordinates": [[[-45.3307184, -3.67329179999996], [-45.318436, -3.63760259999998], [-45.3046295999999, -3.63676679999998], [-45.3011564, -3.61274829999996], [-45.279715, -3.59717759999995], [-45.2803448999999, -3.57068089999996], [-45.2848898999999, -3.56904309999993], [-45.2892247, -3.57784719999995], [-45.2974591999999, -3.56909899999994], [-45.2902741999999, -3.55918809999997], [-45.3063107999999, -3.56694419999997], [-45.3078849, -3.57650559999996], [-45.2985684, -3.57881149999997], [-45.2994178, -3.58483819999998], [-45.3236515, -3.60280339999997], [-45.3450706, -3.60343089999998], [-45.3533748, -3.57860759999994], [-45.3854737, -3.57378109999996], [-45.3897803999999, -3.56027079999996], [-45.3969612, -3.57373249999995], [-45.4378196, -3.58705379999998], [-45.4435377, -3.59526209999996], [-45.4640492999999, -3.59206259999996], [-45.4688419999999, -3.60408549999994], [-45.4818182, -3.61017509999994], [-45.4908823, -3.61113499999993], [-45.5019488, -3.59947669999997], [-45.5089747, -3.57546309999998], [-45.5204568999999, -3.58067049999994], [-45.5204064, -3.57062889999997], [-45.5285024, -3.56493699999993], [-45.5200647999999, -3.55275949999998], [-45.5207597, -3.53856159999998], [-45.5348183, -3.52765359999995], [-45.5334511999999, -3.51474289999993], [-45.5443989999999, -3.49728409999994], [-45.5422404, -3.48502149999996], [-45.4440898, -3.39942449999995], [-45.4903245, -3.30681719999995], [-45.5521846999999, -3.27948289999995], [-45.5797026, -3.24084439999996], [-45.4508688, -3.29633519999993], [-45.3635849999999, -3.36618329999993], [-45.3353160999999, -3.34070969999993], [-45.2603384, -3.37134829999997], [-45.2717053, -3.39245179999995], [-45.083523, -3.42033369999996], [-45.0783962, -3.42863859999994], [-45.0849671, -3.43781369999994], [-45.0741439, -3.45247579999995], [-45.0815172, -3.45931029999997], [-45.0886829999999, -3.45069099999995], [-45.0889099, -3.46855579999993], [-45.0977437, -3.46039429999996], [-45.0948011999999, -3.47189819999994], [-45.1072599999999, -3.47541459999997], [-45.1045324999999, -3.48556249999996], [-45.1297412, -3.50861839999993], [-45.1184514999999, -3.52848879999993], [-45.1309391, -3.58832369999993], [-45.1615915, -3.60427859999993], [-45.1633146999999, -3.61459169999995], [-45.1766838999999, -3.61557959999993], [-45.1830194999999, -3.62550779999998], [-45.2021688999999, -3.62665979999997], [-45.2256733999999, -3.64406449999996], [-45.2280383, -3.65234229999993], [-45.23554, -3.65440289999998], [-45.2350483, -3.66856809999996], [-45.2511694, -3.69397729999997], [-45.2625098999999, -3.68899419999997], [-45.2823192, -3.69823169999995], [-45.2882213, -3.71820069999995], [-45.3237434, -3.69572159999996], [-45.3307184, -3.67329179999996]]]}}, {"type": "Feature", "properties": {"CD_MUN": "2106755", "NM_MUN": "Miranda do Norte"}, "geometry": {"type": "Polygon", "coordinates": [[[-44.5656897, -3.60504069999996], [-44.6104074, -3.65900949999997], [-44.6257711, -3.49027189999993], [-44.6110616, -3.48267619999996], [-44.5939675, -3.44572849999997], [-44.5308234, -3.46289229999996], [-44.521714, -3.47154599999993], [-44.5005652999999, -3.46596359999995], [-44.4704836, -3.48526359999994], [-44.4459583, -3.47984509999998], [-44.4220715, -3.46324629999998], [-44.4001004, -3.45982449999997], [-44.3904027, -3.44157109999998], [-44.3850993, -3.47465799999998], [-44.4064521, -3.51093119999996], [-44.4002864999999, -3.53029349999997], [-44.5317153999999, -3.61014849999998], [-44.5656897, -3.60504069999996]]]}}, {"type": "Feature", "properties": {"CD_MUN": "2106706", "NM_MUN": "Mirador"}, "geometry": {"type": "Polygon", "coordinates": [[[-44.7196772999999, -6.69950939999995], [-44.7184576, -6.70459409999995], [-44.7271046, -6.70793549999996], [-44.7633744999999, -6.70939019999997], [-44.7728347, -6.71599749999996], [-44.7741981, -6.71036979999997], [-44.7891372, -6.71434309999995], [-44.8383365, -6.70330929999994], [-44.8451572, -6.71036979999997], [-44.8527448999999, -6.70242319999994], [-44.8660912999999, -6.70893039999993], [-44.8844276999999, -6.70275969999994], [-44.8929798999999, -6.71207649999997], [-44.9025874, -6.70583379999994], [-44.9338928999999, -6.71383789999993], [-44.9442076999999, -6.73164689999993], [-44.9535086, -6.73050289999998], [-44.9684551999999, -6.74099479999995], [-44.979551, -6.73180139999994], [-44.9905439, -6.73559389999997], [-45.0088934, -6.72992979999998], [-45.0096756999999, -6.73657809999997], [-45.0226848999999, -6.73825209999995], [-45.0606668999999, -6.76049299999994], [-45.0600572, -6.77341729999995], [-45.0707556999999, -6.78454359999995], [-45.0824307, -6.78270179999993], [-45.0933026, -6.78994919999997], [-45.093466, -6.79935389999997], [-45.1198883, -6.81632969999993], [-45.1424984, -6.80725099999995], [-45.1604717, -6.81142599999993], [-45.1652182999999, -6.79442059999997], [-45.1950080999999, -6.80410789999996], [-45.2195472, -6.80012189999997], [-45.2198248999999, -6.79504299999996], [-45.2484818999999, -6.79615929999994], [-45.2527385999999, -6.78760889999995], [-45.2972948999999, -6.79595399999994], [-45.3267041, -6.77686069999993], [-45.3502683, -6.78226059999997], [-45.3687229, -6.75838139999996], [-45.3831575, -6.75674809999992], [-45.4090636999999, -6.76041109999994], [-45.4251874, -6.77368719999993], [-45.4502694, -6.77788839999994], [-45.4590618999999, -6.78911109999996], [-45.4945648999999, -6.79581699999994], [-45.5017086999999, -6.80380879999996], [-45.5243695, -6.80195899999995], [-45.5308788999999, -6.80770179999996], [-45.545115, -6.80340379999996], [-45.5753781, -6.81998069999997], [-45.5973698, -6.81187109999996], [-45.6017054, -6.81572909999994], [-45.6225466999999, -6.79757119999994], [-45.6492102999999, -6.74863359999995], [-45.6804614, -6.72743489999993], [-45.7092213, -6.72117479999997], [-45.7211765, -6.71135769999995], [-45.7329627999999, -6.71382619999997], [-45.7464983, -6.70013169999993], [-45.7729474, -6.70503849999994], [-45.8008634999999, -6.71903069999996], [-45.8271768, -6.71564959999995], [-45.8471350999999, -6.72286609999998], [-45.948077, -6.67402219999997], [-45.9277223, -6.64721299999997], [-45.8941601, -6.64394039999996], [-45.8866755, -6.63129399999997], [-45.8596790999999, -6.61544719999995], [-45.8500323, -6.60015729999998], [-45.8143868999999, -6.59865869999993], [-45.7940394999999, -6.58518529999998], [-45.7796769, -6.58951989999997], [-45.7676122999999, -6.58266649999996], [-45.7616803999999, -6.56750919999996], [-45.7527016, -6.56847119999998], [-45.7391908, -6.54194909999995], [-45.7223953, -6.52988739999995], [-45.7299401, -6.51802719999995], [-45.712885, -6.48931019999998], [-45.7144015, -6.46838739999993], [-45.6819626, -6.47494799999993], [-45.672692, -6.47024229999994], [-45.6618056, -6.47787239999997], [-45.6440496, -6.47125469999997], [-45.6283288, -6.47703819999998], [-45.6261923, -6.47071329999994], [-45.5929963, -6.46053039999993], [-45.5872428, -6.44717109999993], [-45.5539668, -6.45285159999997], [-45.5434135, -6.43900039999994], [-45.5161012999999, -6.43673179999996], [-45.4977936999999, -6.41886279999994], [-45.4794957999999, -6.42860069999995], [-45.4671071, -6.42175639999994], [-45.4566899, -6.42672889999994], [-45.4521685999999, -6.42205119999994], [-45.4273846, -6.42266729999994], [-45.4211058, -6.42989759999995], [-45.4053840999999, -6.42671099999995], [-45.3956009, -6.43152009999994], [-45.3761292999999, -6.41430209999993], [-45.3341018, -6.40782479999996], [-45.326996, -6.39553689999997], [-45.3027415999999, -6.39283029999996], [-45.300824, -6.37438779999997], [-45.2890199, -6.37479979999995], [-45.283966, -6.36419179999996], [-45.2677965999999, -6.36190129999994], [-45.2798513, -6.34190409999997], [-45.2589963999999, -6.34776779999993], [-45.2194115, -6.32717889999998], [-45.214129, -6.31729489999998], [-45.2078298, -6.33050919999994], [-45.1980472, -6.32751089999994], [-45.1998568, -6.31992689999993], [-45.174078, -6.31301219999995], [-45.1646592, -6.30196039999993], [-45.1417944999999, -6.30805429999998], [-45.1401364, -6.30104979999993], [-45.1040156999999, -6.32313289999996], [-45.0900194, -6.31543419999997], [-45.0876574, -6.32445569999993], [-45.0725517, -6.32834329999997], [-45.0784646, -6.33751389999998], [-45.0735412999999, -6.35202649999997], [-45.0439648, -6.34421969999994], [-44.9856058, -6.35143139999997], [-44.9562926, -6.33323839999997], [-44.9505177999999, -6.33578319999998], [-44.9489616, -6.32453639999994], [-44.9198489, -6.29364409999994], [-44.9117348, -6.25765259999997], [-44.8937639, -6.22628679999997], [-44.8935764999999, -6.20942489999993], [-44.8816328999999, -6.20562159999997], [-44.8680199999999, -6.18133749999993], [-44.8747933999999, -6.16392389999993], [-44.8696315, -6.15749279999994], [-44.8593786, -6.16411409999995], [-44.8499596999999, -6.15224649999993], [-44.8247679999999, -6.14338889999993], [-44.8141535, -6.12490299999996], [-44.7713179, -6.10487589999997], [-44.7655415999999, -6.08858519999995], [-44.7569023999999, -6.09323639999997], [-44.7394032999999, -6.09018669999995], [-44.7195497, -6.06843119999996], [-44.697572, -6.06166539999998], [-44.6912432, -6.05125759999993], [-44.6758412999999, -6.04503129999995], [-44.6665753999999, -6.04828139999995], [-44.6492699999999, -6.03292909999993], [-44.6367354, -6.03901249999996], [-44.6351337999999, -6.02741539999994], [-44.6181955, -6.02873079999995], [-44.5958894999999, -6.00861609999993], [-44.5791737, -6.00691229999995], [-44.5620289999999, -5.99186849999995], [-44.5447728999999, -5.99746289999996], [-44.4931213, -5.98436209999994], [-44.4506737999999, -5.99661729999997], [-44.4266587, -6.01465339999993], [-44.410094, -6.00441469999993], [-44.3956272999999, -6.01257599999997], [-44.3887415999999, -6.00345909999993], [-44.3714904999999, -6.00717739999993], [-44.3643139, -6.00221279999994], [-44.3581172999999, -6.01096929999994], [-44.3372408, -6.01595919999994], [-44.330664, -6.02391609999995], [-44.3139475, -6.02502769999995], [-44.2389198, -6.16653509999998], [-44.171685, -6.25593059999994], [-44.6321338, -6.68226789999994], [-44.6440406, -6.68049209999998], [-44.6450194999999, -6.68986389999998], [-44.6603405, -6.68999179999997], [-44.6620591, -6.69764889999993], [-44.6665432999999, -6.69194019999998], [-44.6688015999999, -6.70051869999998], [-44.6804582, -6.69204069999995], [-44.6850547, -6.70314039999994], [-44.6967207, -6.69383759999994], [-44.7053854, -6.70421669999996], [-44.7113328, -6.69677959999996], [-44.7196772999999, -6.69950939999995]]]}}, {"type": "Feature", "properties": {"CD_MUN": "2106805", "NM_MUN": "Mirinzal"}, "geometry": {"type": "Polygon", "coordinates": [[[-44.8848561999999, -2.17543369999993], [-44.9172273, -2.21910579999997], [-44.9658608, -2.25104719999996], [-44.969862, -2.01467879999996], [-44.9249116999999, -2.01496569999995], [-44.9252256, -1.94492259999993], [-44.777374, -1.94351719999997], [-44.7291645, -1.88865419999996], [-44.7346161, -1.89787659999996], [-44.725965, -1.89764419999995], [-44.7306404, -1.90913879999994], [-44.7245622, -1.90522239999996], [-44.7266, -1.91259599999995], [-44.7171539999999, -1.90989399999995], [-44.715999, -1.92464899999993], [-44.7121495, -1.91897569999998], [-44.7096549, -1.92349489999998], [-44.7033569, -1.92038509999998], [-44.707326, -1.92696499999994], [-44.7000093999999, -1.94112759999996], [-44.7028650999999, -1.96630789999995], [-44.7219757999999, -1.97518829999996], [-44.7124368, -2.02688209999997], [-44.6831913999999, -2.05242329999993], [-44.7190960999999, -2.06435839999995], [-44.7212921999999, -2.08407989999995], [-44.7387343, -2.09574249999997], [-44.7400721, -2.10645329999994], [-44.7540645, -2.11979759999997], [-44.7518613999999, -2.13682319999998], [-44.7822684, -2.16727459999993], [-44.7839562999999, -2.18685419999997], [-44.7981124999999, -2.17440549999998], [-44.7957529, -2.15203199999996], [-44.8354919, -2.14974809999995], [-44.8581624, -2.12511789999996], [-44.8713905, -2.14505639999993], [-44.867333, -2.16324719999994], [-44.8848561999999, -2.17543369999993]]]}}, {"type": "Feature", "properties": {"CD_MUN": "2106102", "NM_MUN": "Loreto"}, "geometry": {"type": "Polygon", "coordinates": [[[-45.6450187, -7.60592709999997], [-45.3222727, -7.19521049999997], [-45.3127395999999, -7.14756739999996], [-45.2920864, -7.14839729999994], [-45.2731319, -7.13641849999993], [-45.2770942, -7.13067359999997], [-45.2635812999999, -7.09017279999995], [-45.2753499, -7.06252099999995], [-45.2744620999999, -7.01045829999993], [-45.2682690999999, -6.99855679999996], [-45.2468246999999, -6.98625249999998], [-45.2439447, -6.95595349999996], [-45.2513868999999, -6.94251679999996], [-45.2777498999999, -6.94064439999994], [-45.3184378, -6.85685209999997], [-45.3231008, -6.83238389999997], [-45.3313831, -6.82573509999997], [-45.3252085999999, -6.78430089999995], [-45.3118729999999, -6.78468739999994], [-45.2901793999999, -6.79712969999997], [-45.2527385999999, -6.78760889999995], [-45.2484818999999, -6.79615929999994], [-45.2198248999999, -6.79504299999996], [-45.2195472, -6.80012189999997], [-45.1951991999999, -6.80409609999998], [-45.1652182999999, -6.79442059999997], [-45.1604717, -6.81142599999993], [-45.1424984, -6.80725099999995], [-45.1198883, -6.81632969999993], [-45.093466, -6.79935389999997], [-45.0933026, -6.78994919999997], [-45.0824307, -6.78270179999993], [-45.0707556999999, -6.78454359999995], [-45.0600572, -6.77341729999995], [-45.0606668999999, -6.76049299999994], [-45.0226848999999, -6.73825209999995], [-45.0096756999999, -6.73657809999997], [-45.0103003, -6.73058789999993], [-44.9905439, -6.73559389999997], [-44.979551, -6.73180139999994], [-44.9687618, -6.74102469999997], [-44.9577379999999, -6.73596699999996], [-44.9800719, -6.79544459999994], [-44.9520128, -6.83048019999995], [-44.9509325999999, -6.84492429999995], [-44.9357459, -6.86790899999994], [-44.9921509, -7.02431129999997], [-44.9708249999999, -7.07733349999995], [-44.9710871, -7.09037149999995], [-44.9875127999999, -7.10216379999997], [-45.0855974, -7.50230909999993], [-45.1386745999999, -7.52242229999996], [-45.1563277, -7.51325759999997], [-45.1810039, -7.54195989999994], [-45.2038477, -7.55167219999993], [-45.2184887999999, -7.56854479999993], [-45.2323263, -7.54907139999995], [-45.2617074, -7.57118429999997], [-45.2853962999999, -7.56642279999994], [-45.2988389, -7.57523759999998], [-45.3346804, -7.57765949999998], [-45.3422694999999, -7.59336319999994], [-45.3721818, -7.61838379999995], [-45.383251, -7.61209679999996], [-45.3954669, -7.61451849999997], [-45.3992049999999, -7.64105889999996], [-45.415545, -7.64502469999996], [-45.4144459999999, -7.65531889999994], [-45.4325307, -7.66153899999995], [-45.4379777999999, -7.67822669999993], [-45.4729086, -7.65914549999997], [-45.4871406999999, -7.63701269999996], [-45.4991046, -7.63796139999994], [-45.5152706, -7.62865789999995], [-45.5346600999999, -7.59736039999996], [-45.5473029, -7.59982209999993], [-45.5669677, -7.58802939999993], [-45.5958118, -7.59249079999995], [-45.6083378, -7.58860129999994], [-45.6450187, -7.60592709999997]]]}}, {"type": "Feature", "properties": {"CD_MUN": "2105989", "NM_MUN": "Lajeado Novo"}, "geometry": {"type": "Polygon", "coordinates": [[[-47.0431103999999, -6.19769089999994], [-47.0691777, -6.18261719999992], [-47.0650497, -6.17100609999994], [-47.0823549, -6.16853689999994], [-47.0885731, -6.15366889999996], [-47.1120205999999, -6.15631639999998], [-47.1169869999999, -6.14757019999996], [-47.1253368, -6.14921979999997], [-47.1345734999999, -6.12871769999992], [-47.1432002999999, -6.13039849999996], [-47.1442534999999, -6.12062629999997], [-47.1521771, -6.12202419999994], [-47.1589234899999, -6.11051539999994], [-47.18515931, -6.10567622999997], [-47.2061189099999, -6.11787530999993], [-47.23900058, -6.11479187999993], [-47.24216129, -6.10891679999997], [-47.22170141, -6.07076499999994], [-47.23488141, -6.03570686999996], [-47.2229069799999, -6.03656528999994], [-47.2163101799999, -6.04747347999995], [-47.2097823, -6.03367197999995], [-47.2018758799999, -6.04524981999998], [-47.20353978, -6.03438009999996], [-47.19570999, -6.01946351999993], [-47.1867650899999, -6.02781497999996], [-47.19303189, -6.04044350999993], [-47.18160412, -6.04297871999995], [-47.17392409, -6.03238021999994], [-47.16321508, -6.04115907999994], [-47.16091549, -6.02696691999995], [-47.13649148, -6.03338147999995], [-47.11484718, -6.01914339999996], [-47.0973526, -6.01925299999994], [-47.08703041, -6.02904768999997], [-47.041447015, -6.02673880999993], [-47.038148005, -6.03559780499995], [-47.0257518999999, -6.03733880999994], [-47.025962095, -6.04646488999992], [-47.01721379, -6.04254240499995], [-47.0130910999999, -6.05090149999995], [-47.0088636, -6.04105139999996], [-46.9856667, -6.05102129999995], [-46.9778693, -6.03830479999993], [-46.9693318, -6.04757159999997], [-46.9658226, -6.04085329999998], [-46.9454732999999, -6.04225429999997], [-46.9488482, -6.03799809999992], [-46.9389265999999, -6.02866919999997], [-46.9366972999999, -6.01132589999997], [-46.9211597, -6.01701609999998], [-46.9177928, -6.00879519999995], [-46.9060436999999, -6.00852569999995], [-46.9016526999999, -6.01424099999997], [-46.8919673999999, -6.00776099999996], [-46.886474, -6.01136929999996], [-46.8594818, -5.99065819999993], [-46.8528942, -5.99221869999997], [-46.8584731999999, -5.98068499999994], [-46.8430590999999, -5.96750999999995], [-46.8028987, -5.97240169999998], [-46.7833608, -5.96708779999994], [-46.7776861999999, -5.97725969999993], [-46.7594870999999, -5.97944909999995], [-46.7530007, -6.00111429999993], [-46.7353416, -6.00981159999998], [-46.7424263999999, -6.03681339999997], [-46.7314676999999, -6.05679439999994], [-46.7134346, -6.06926129999994], [-46.7140740999999, -6.07643079999997], [-46.7270650999999, -6.08576419999997], [-46.7121179, -6.10098049999993], [-46.7116349, -6.11265459999993], [-46.692515, -6.11106139999993], [-46.6717101999999, -6.13024559999997], [-46.6800696999999, -6.15577459999997], [-46.694669, -6.16390869999998], [-46.7020367, -6.18991229999995], [-46.7197535999999, -6.18895819999995], [-46.7424728, -6.19891759999996], [-46.7575836999999, -6.18913329999998], [-46.7648928, -6.19595119999997], [-46.7852372999999, -6.19140989999994], [-46.7874555, -6.19862909999995], [-46.793168, -6.19044739999993], [-46.8005995, -6.20387769999996], [-46.8079334, -6.20219289999994], [-46.8081291999999, -6.19601059999997], [-46.8133472, -6.20440049999996], [-46.8176443999999, -6.19803439999993], [-46.8427583, -6.19960699999996], [-46.8553970999999, -6.18908909999993], [-46.8827216, -6.20250059999995], [-46.8917837, -6.20029349999993], [-46.8959429, -6.21074229999994], [-46.9013080999999, -6.20498339999995], [-46.917525, -6.20841319999994], [-46.9195137999999, -6.21987629999995], [-46.9371849999999, -6.22172449999994], [-46.940353, -6.21531269999997], [-46.9421116, -6.22921949999994], [-46.9506398999999, -6.22508029999995], [-46.9631117, -6.23891319999996], [-46.9638401, -6.22919809999996], [-46.9674591, -6.23518439999998], [-46.9711113, -6.22819339999995], [-46.9845296999999, -6.23517809999993], [-46.9824381, -6.21849239999995], [-47.0272662, -6.21712289999994], [-47.0295808, -6.20625029999997], [-47.0461606, -6.21254689999995], [-47.0431103999999, -6.19769089999994]]]}}, {"type": "Feature", "properties": {"CD_MUN": "2105963", "NM_MUN": "Lagoa Grande do Maranhão"}, "geometry": {"type": "Polygon", "coordinates": [[[-45.2747538, -4.95988979999993], [-45.2429842, -4.97613749999994], [-45.2322215999999, -4.99287329999993], [-45.2388756, -5.01502989999994], [-45.2603215, -5.02797079999993], [-45.2798475, -5.05527669999998], [-45.6060093, -4.99298369999997], [-45.6011268999999, -4.97822169999995], [-45.5873051999999, -4.97801129999993], [-45.5870924, -4.96532989999997], [-45.5714586999999, -4.94410279999994], [-45.5751466999999, -4.92894299999995], [-45.5645446, -4.92652199999998], [-45.5655207, -4.91576329999998], [-45.5532719999999, -4.89657339999997], [-45.5264582, -4.88964499999997], [-45.5208377, -4.87203149999993], [-45.5031336, -4.86349279999996], [-45.4985482, -4.86988969999993], [-45.4871699, -4.87045919999997], [-45.4761667, -4.85331409999998], [-45.4760972999999, -4.83530639999998], [-45.4566765, -4.84172719999998], [-45.4614472, -4.81542999999994], [-45.4527454, -4.80394569999993], [-45.4558560999999, -4.78807749999993], [-45.4279142, -4.77853059999995], [-45.4259355999999, -4.77001419999993], [-45.4084994999999, -4.79646749999995], [-45.3482812999999, -4.79382389999995], [-45.3352303, -4.80387089999994], [-45.3169559999999, -4.80741339999997], [-45.3052347, -4.82463249999995], [-45.3034110999999, -4.84537989999995], [-45.291503, -4.85319449999997], [-45.286932, -4.87684369999994], [-45.2793710999999, -4.87550759999993], [-45.2750212999999, -4.88488009999998], [-45.2809834999999, -4.89536159999994], [-45.2791581, -4.91477249999997], [-45.2853464, -4.92034549999994], [-45.2729823999999, -4.93953829999998], [-45.2747538, -4.95988979999993]]]}}, {"type": "Feature", "properties": {"CD_MUN": "2105948", "NM_MUN": "Lago dos Rodrigues"}, "geometry": {"type": "Polygon", "coordinates": [[[-45.0403247, -4.68434049999996], [-45.0002051, -4.63842879999993], [-44.99848, -4.59337949999997], [-44.9277534, -4.52099199999998], [-44.9191197, -4.52212549999996], [-44.9274793, -4.48667089999998], [-44.9191635999999, -4.49491549999993], [-44.8933448, -4.48635629999995], [-44.8713807999999, -4.48678079999996], [-44.8429692999999, -4.50536339999996], [-44.8607370999999, -4.56631499999997], [-44.8708255, -4.57019899999995], [-44.8736463, -4.57945169999994], [-44.8914604, -4.58319299999994], [-44.8971463999999, -4.59215809999995], [-44.8915408999999, -4.61966989999996], [-44.9035764, -4.62657279999996], [-44.9028754999999, -4.64528119999994], [-44.908608, -4.65455349999996], [-44.9286094, -4.66127869999997], [-44.9423025, -4.68684849999994], [-44.9507573999999, -4.69297089999998], [-44.9758059, -4.69096099999996], [-44.9786852999999, -4.67124379999996], [-44.9579472, -4.65255149999996], [-44.9831561999999, -4.63947849999994], [-44.9833608, -4.66421249999996], [-45.0400225999999, -4.69120449999997], [-45.0403247, -4.68434049999996]]]}}, {"type": "Feature", "properties": {"CD_MUN": "2106003", "NM_MUN": "Lima Campos"}, "geometry": {"type": "Polygon", "coordinates": [[[-44.4151866, -4.61655999999994], [-44.4068688, -4.65698559999993], [-44.3982412999999, -4.66604509999996], [-44.4985432, -4.64437979999997], [-44.4952077, -4.61926969999996], [-44.5234809999999, -4.60449279999995], [-44.5267124, -4.58064409999997], [-44.5401257999999, -4.57254389999997], [-44.5467705, -4.54961059999994], [-44.5431164999999, -4.53256529999993], [-44.5744736999999, -4.52047009999995], [-44.576155, -4.50352689999994], [-44.584107, -4.49599819999997], [-44.5773665, -4.47529609999998], [-44.4307995, -4.48080979999997], [-44.347572, -4.55821839999993], [-44.360199, -4.57915309999993], [-44.3808248, -4.58305309999997], [-44.3874597999999, -4.60606499999994], [-44.3958226999999, -4.60420989999994], [-44.4151866, -4.61655999999994]]]}}, {"type": "Feature", "properties": {"CD_MUN": "2106359", "NM_MUN": "Marajá do Sena"}, "geometry": {"type": "Polygon", "coordinates": [[[-45.4205962, -4.72618659999995], [-45.4273143, -4.77798839999997], [-45.4558560999999, -4.78807749999993], [-45.4527454, -4.80394569999993], [-45.4614472, -4.81542999999994], [-45.4566765, -4.84172719999998], [-45.4760972999999, -4.83530639999998], [-45.4761667, -4.85331409999998], [-45.4871699, -4.87045919999997], [-45.4985482, -4.86988969999993], [-45.5031336, -4.86349279999996], [-45.5208377, -4.87203149999993], [-45.5264582, -4.88964499999997], [-45.5402328, -4.89714869999995], [-45.5524933999999, -4.89589659999996], [-45.5644497, -4.91296249999994], [-45.5645446, -4.92652199999998], [-45.5751466999999, -4.92894299999995], [-45.570183, -4.93757269999998], [-45.5758800999999, -4.94427759999996], [-45.5829638, -4.93834149999998], [-45.5722332999999, -4.91966399999995], [-45.5918098999999, -4.89440839999997], [-45.7070214999999, -4.83357669999998], [-45.712249, -4.77516559999998], [-45.8490386, -4.74394719999998], [-45.8674973999999, -4.62752219999993], [-45.9230047999999, -4.63977469999998], [-45.920063, -4.55862279999997], [-45.7142919, -4.55905059999998], [-45.6802082999999, -4.61304999999993], [-45.6863999999999, -4.62628329999995], [-45.6459179, -4.62595559999994], [-45.6097867, -4.59097159999993], [-45.6000592999999, -4.60616509999994], [-45.5665279, -4.60966649999995], [-45.5522581, -4.59560589999995], [-45.5443136, -4.60409889999994], [-45.506702, -4.61508719999995], [-45.4767340999999, -4.61260639999995], [-45.437154, -4.57214589999995], [-45.3881373999999, -4.58512879999995], [-45.3657059999999, -4.60654109999996], [-45.3698367, -4.61840909999995], [-45.3591163999999, -4.62752169999993], [-45.3639578999999, -4.63550999999995], [-45.3451645, -4.64851289999996], [-45.4015669, -4.68938689999993], [-45.418285, -4.68937729999993], [-45.421733, -4.71123789999996], [-45.4155589, -4.72641289999996], [-45.4205962, -4.72618659999995]]]}}, {"type": "Feature", "properties": {"CD_MUN": "2106326", "NM_MUN": "Maracaçumé"}, "geometry": {"type": "Polygon", "coordinates": [[[-46.1476549, -2.22274739999995], [-46.1370317999999, -2.19815609999995], [-46.1509252, -2.19470999999993], [-46.1082355, -2.13467269999995], [-46.0988328999999, -2.09270979999997], [-46.0654928, -2.06150759999997], [-46.0497662, -2.02559329999997], [-46.0490502, -2.00099299999994], [-46.0819164, -1.95010589999993], [-46.0765981, -1.92119359999998], [-46.0591828, -1.89655889999995], [-46.0507724, -1.90881329999996], [-45.9824545, -1.82352679999997], [-45.9477178999999, -1.79510659999994], [-45.9331311, -1.78792289999996], [-45.8719953, -1.78451189999993], [-45.8840178999999, -1.79186259999994], [-45.8726118, -1.80031779999996], [-45.8715627, -1.81041219999997], [-45.8788096, -1.82478319999996], [-45.8803844999999, -1.86901159999996], [-45.8941879, -1.89596099999994], [-45.8905827999999, -1.91637699999995], [-45.8976678, -1.92140299999994], [-45.8960733, -1.93611619999996], [-45.907478, -1.93400799999995], [-45.9072409999999, -1.95903399999997], [-45.9146201999999, -1.96728659999997], [-45.910362, -1.97622719999993], [-45.9246489, -1.99089009999994], [-45.9105575999999, -2.01415629999997], [-45.9174641, -2.02778639999997], [-45.9232034, -2.02601869999995], [-45.9258338999999, -2.04300379999995], [-45.9805031, -2.10596959999998], [-45.9848622, -2.15106729999997], [-46.0046057, -2.15970199999992], [-46.0484233, -2.14483029999997], [-46.0690006999999, -2.15100439999998], [-46.0939612, -2.18613399999992], [-46.1257558, -2.21552669999994], [-46.1297872, -2.22965649999998], [-46.1409113999999, -2.23042579999998], [-46.1476549, -2.22274739999995]]]}}, {"type": "Feature", "properties": {"CD_MUN": "2106409", "NM_MUN": "Mata Roma"}, "geometry": {"type": "Polygon", "coordinates": [[[-43.112337, -3.63464199999993], [-43.1224288, -3.68891319999994], [-43.1976976999999, -3.78299739999994], [-43.2007513, -3.76681289999993], [-43.2148099999999, -3.76137739999996], [-43.2164998, -3.73967559999994], [-43.2309225, -3.70641419999993], [-43.334894, -3.68277709999995], [-43.3403764999999, -3.66130289999995], [-43.3676017999999, -3.64964019999996], [-43.3666669999999, -3.62331169999993], [-43.3947252999999, -3.59352429999996], [-43.3830611999999, -3.58336079999998], [-43.3875561999999, -3.54961169999996], [-43.3705866, -3.54495489999994], [-43.3606995, -3.55844589999998], [-43.3347090999999, -3.56042119999995], [-43.3343199999999, -3.56803749999995], [-43.3235763, -3.57582059999993], [-43.3132586999999, -3.55831479999995], [-43.3203784999999, -3.54428309999997], [-43.3162144, -3.53626439999994], [-43.279282, -3.55590809999995], [-43.2596758, -3.54292889999994], [-43.2389196999999, -3.54087469999996], [-43.2226702999999, -3.52028289999993], [-43.2128625999999, -3.52620459999997], [-43.1949542, -3.51753979999995], [-43.1828135, -3.53352859999995], [-43.1870847, -3.54163749999998], [-43.1717295, -3.55315309999997], [-43.1498336999999, -3.55345149999994], [-43.1488871, -3.55898339999993], [-43.1346905999999, -3.55161779999997], [-43.1253182999999, -3.52504279999994], [-43.109879, -3.52362339999996], [-43.0965739, -3.53393329999994], [-43.0880763, -3.58587609999995], [-43.112337, -3.63464199999993]]]}}, {"type": "Feature", "properties": {"CD_MUN": "2106375", "NM_MUN": "Maranhãozinho"}, "geometry": {"type": "Polygon", "coordinates": [[[-46.0258120999999, -2.68172879999997], [-46.056257, -2.67533239999995], [-46.0678854999999, -2.66730129999996], [-46.053551, -2.58505959999997], [-46.0666256, -2.57404609999998], [-46.0607461, -2.56299049999996], [-46.0688456, -2.55855039999994], [-46.0493887, -2.51214949999996], [-46.0478575, -2.47142819999993], [-46.0312372, -2.46111039999994], [-46.0285613999999, -2.44861349999996], [-46.0354126, -2.43644389499997], [-46.0168045, -2.42799139999994], [-46.0108693999999, -2.39300829999996], [-46.0041648, -2.39034899999996], [-46.0053627, -2.37950409999996], [-45.9988905, -2.37276779999996], [-46.0001657999999, -2.35181639999996], [-46.0095866999999, -2.34357039999998], [-46.0057838, -2.29043879999995], [-45.998196, -2.27367399999997], [-45.9354175999999, -2.25129589999995], [-45.9467084, -2.20458799999994], [-45.86378259, -2.18176849999998], [-45.8004411049999, -2.15328779999993], [-45.7473951069999, -2.18932899999993], [-45.7756070099999, -2.18720440499993], [-45.8050159049999, -2.20204879499994], [-45.831999195, -2.22877470999993], [-45.8524093999999, -2.34544109999996], [-45.9039089, -2.42382539999994], [-45.9116926999999, -2.52900229999995], [-45.9293759999999, -2.54694199999994], [-45.9430475, -2.57614889999996], [-45.9839203, -2.61195769999995], [-45.9903131999999, -2.65186049999994], [-45.9984269999999, -2.66566109999997], [-45.9879759, -2.68087369999995], [-45.9899698999999, -2.69591009999994], [-46.0752811999999, -2.68166929999995], [-46.0258120999999, -2.68172879999997]]]}}, {"type": "Feature", "properties": {"CD_MUN": "2106201", "NM_MUN": "Luís Domingues"}, "geometry": {"type": "MultiPolygon", "coordinates": [[[[-45.8717152, -1.45680499999997], [-45.8752785999999, -1.48215169999997], [-45.8906481, -1.51001739999992], [-45.8899469999999, -1.52420239999998], [-45.9010585999999, -1.51752789999995], [-45.9131487999999, -1.53022579999993], [-45.9238348, -1.56486779999994], [-45.9350603999999, -1.57593559999998], [-46.0162693, -1.52362929999993], [-45.9050877, -1.29097059999998], [-45.8844409, -1.28392239999994], [-45.8874266999999, -1.26598999999993], [-45.8526927999999, -1.23791919999996], [-45.8484518, -1.21342809999993], [-45.8392830999999, -1.20082239999994], [-45.8299034999999, -1.20605099999995], [-45.8255713999999, -1.20256889999996], [-45.8290084999999, -1.17662649999994], [-45.8009747999999, -1.16150489999995], [-45.7996426999999, -1.17991689999997], [-45.7806009999999, -1.19316539999994], [-45.7808716, -1.21598639999996], [-45.7979232, -1.25326869999998], [-45.8130257999999, -1.25013549999994], [-45.8174564999999, -1.26264629999997], [-45.847908, -1.28260969999997], [-45.8369276, -1.30000019999994], [-45.8266399, -1.30049589999993], [-45.8301082999999, -1.31462039999997], [-45.8191873, -1.31848949999994], [-45.812227, -1.31435889999995], [-45.8019095999999, -1.32680579999993], [-45.8086278, -1.34136819999998], [-45.7978287999999, -1.36156219999998], [-45.8258122, -1.41887219999995], [-45.8481058, -1.42799519999994], [-45.8717152, -1.45680499999997]]], [[[-45.8280228, -1.12974929999996], [-45.8078183, -1.12446959999994], [-45.8049872999999, -1.14510329999996], [-45.8232376999999, -1.15378179999993], [-45.8280228, -1.12974929999996]]]]}}, {"type": "Feature", "properties": {"CD_MUN": "2106300", "NM_MUN": "Magalhães de Almeida"}, "geometry": {"type": "Polygon", "coordinates": [[[-42.1461738, -3.37324649999994], [-42.1561419999999, -3.39222139999993], [-42.1941859999999, -3.39830659999996], [-42.2017319, -3.43134069999996], [-42.2324103, -3.42842019999995], [-42.2727472, -3.44471339999996], [-42.2766584, -3.26679459999997], [-42.2455351999999, -3.19916989999996], [-41.9855587, -3.22250759999997], [-42.0127757999999, -3.24807139999996], [-42.0409857999999, -3.24712059999996], [-42.0689723, -3.26435649999996], [-42.1092714, -3.26164649999993], [-42.1236476, -3.26680479999993], [-42.1302931, -3.27812269999993], [-42.1271273999999, -3.28631849999994], [-42.0978868, -3.29314999999997], [-42.0962838999999, -3.30148989999998], [-42.1019826, -3.31822089999997], [-42.1203067, -3.31053739999993], [-42.1263059999999, -3.31427129999997], [-42.1219862999999, -3.34144199999997], [-42.1451115, -3.35352269999993], [-42.1461738, -3.37324649999994]]]}}, {"type": "Feature", "properties": {"CD_MUN": "2105658", "NM_MUN": "Junco do Maranhão"}, "geometry": {"type": "Polygon", "coordinates": [[[-46.2631651, -2.04930609999997], [-46.2233899999999, -1.91491349999995], [-46.1344902, -1.83817549999998], [-46.1411636, -1.83562269999993], [-46.1331029, -1.82691729999993], [-46.1352914, -1.81524909999996], [-46.1229547999999, -1.81112009999993], [-46.1132878, -1.81926909999993], [-46.0686261, -1.72751289999997], [-45.9991193, -1.78786929999995], [-45.9477178999999, -1.79510659999994], [-45.9824545, -1.82352679999997], [-46.0507724, -1.90881329999996], [-46.0591828, -1.89655889999995], [-46.0765981, -1.92119359999998], [-46.0819164, -1.95010589999993], [-46.0490502, -2.00099299999994], [-46.0587669, -2.05089929999997], [-46.2631651, -2.04930609999997]]]}}, {"type": "Feature", "properties": {"CD_MUN": "2105609", "NM_MUN": "Joselândia"}, "geometry": {"type": "Polygon", "coordinates": [[[-44.7406963, -5.15725209999994], [-44.7653953, -5.17101589999993], [-44.7582730999999, -5.17764689999996], [-44.7613972999999, -5.18211849999994], [-44.8237836, -5.14578609999995], [-44.8200335, -5.13379839999993], [-44.8274878, -5.11590539999997], [-44.8348171, -5.11317439999993], [-44.8575283, -5.12389979999995], [-44.8554007, -5.10955469999993], [-44.8636549, -5.07866349999995], [-44.8560252, -5.06369879999994], [-44.8694480999999, -5.05840889999996], [-44.8691537, -5.04503289999997], [-44.8805735999999, -5.03654799999993], [-44.8980569, -5.03227759999993], [-44.9039878999999, -5.03914519999995], [-44.9083512999999, -5.03500279999997], [-44.9190743999999, -5.03924629999995], [-44.9362113999999, -5.02743489999995], [-44.9320612, -4.99408709999994], [-44.8643398999999, -4.93699569999995], [-44.8507092999999, -4.93982419999998], [-44.8155657899999, -4.92732998999998], [-44.81000792, -4.93130928999994], [-44.80150822, -4.92220307999997], [-44.7812451999999, -4.92910131999997], [-44.77559079, -4.91752029999998], [-44.76449188, -4.91293529999996], [-44.76112929, -4.91887701999997], [-44.74208399, -4.91698248999995], [-44.7435504699999, -4.91106499999995], [-44.73171938, -4.91277167999993], [-44.7188177899999, -4.90316608999996], [-44.7012773, -4.90534809999997], [-44.6962566999999, -4.88804269999997], [-44.6823707999999, -4.88676209999994], [-44.6767475999999, -4.87568019999998], [-44.6633808, -4.87971329999993], [-44.6440005069999, -4.85574670699998], [-44.6434269, -4.87561989999995], [-44.615693, -4.89015959999995], [-44.6162821, -4.89868579999995], [-44.6321291, -4.91117189999994], [-44.6216951, -4.92461699999996], [-44.6149417, -4.92464329999996], [-44.6186655, -4.93645739999994], [-44.6112818999999, -4.95062879999995], [-44.6206203, -4.96794789999996], [-44.6145172, -4.97072069999996], [-44.6127673, -4.98235239999997], [-44.6060342, -4.98284939999996], [-44.6111428, -4.98735129999994], [-44.6030011999999, -4.99920899999995], [-44.6207633999999, -5.00579059999995], [-44.6169133999999, -5.01352049999997], [-44.6284851, -5.01934619999997], [-44.6323386999999, -5.03428879999996], [-44.6392347999999, -5.03775119999995], [-44.6342705, -5.04660159999997], [-44.6422755, -5.05456089999996], [-44.6388388999999, -5.06073189999995], [-44.6596084, -5.04932789999998], [-44.6655622, -5.05527079999996], [-44.6558631999999, -5.09013889999994], [-44.6609414, -5.09427709999994], [-44.6747996999999, -5.08950739999995], [-44.6835169999999, -5.10552029999997], [-44.6966196, -5.10913639999995], [-44.6968596, -5.12522169999994], [-44.7052907999999, -5.12749579999996], [-44.7174401999999, -5.14897239999993], [-44.7293008, -5.14157349999994], [-44.7406963, -5.15725209999994]]]}}, {"type": "Feature", "properties": {"CD_MUN": "2105476", "NM_MUN": "Jenipapo dos Vieiras"}, "geometry": {"type": "Polygon", "coordinates": [[[-45.5234495999999, -5.50882289999993], [-45.4274907, -5.60502479999997], [-45.4317737, -5.60965269999997], [-45.4400532999999, -5.60467169999993], [-45.4457186999999, -5.61346809999998], [-45.464888, -5.62145739999994], [-45.4826265999999, -5.62158039999997], [-45.4903143999999, -5.63660959999993], [-45.5070492999999, -5.64666659999995], [-45.5031291, -5.65671859999998], [-45.5180769, -5.65822319999995], [-45.5266588, -5.67691249999996], [-45.5529665999999, -5.69210929999997], [-45.5547463, -5.70497569999998], [-45.5489757, -5.71132459999995], [-45.5531103, -5.71871059999995], [-45.5585024, -5.71717579999995], [-45.5934602, -5.74595999999997], [-45.5980069, -5.77056809999993], [-45.6080408999999, -5.77624639999993], [-45.7105969, -5.59002479999998], [-45.740515, -5.40004749999997], [-45.8098077, -5.31079969999996], [-45.7757948999999, -5.28278419999998], [-45.7430070999999, -5.28309369999994], [-45.6842698, -5.17958359999994], [-45.6184764, -5.15389459999994], [-45.5323041999999, -5.19122489999995], [-45.4862045, -5.05513789999998], [-45.4831055999999, -5.06950709999995], [-45.4527722999999, -5.10589349999998], [-45.439838, -5.11156059999996], [-45.4378747, -5.12207379999995], [-45.3732232999999, -5.13999879999994], [-45.3443616, -5.15676619999994], [-45.3326254999999, -5.19458839999993], [-45.3604088, -5.22237709999996], [-45.3448281, -5.23562439999995], [-45.3412005, -5.25375719999994], [-45.3624146999999, -5.26644109999995], [-45.3686921999999, -5.27901539999993], [-45.3864991999999, -5.28393519999997], [-45.4237246, -5.27812709999995], [-45.4229551999999, -5.28573749999993], [-45.4336413, -5.29151469999994], [-45.4598642, -5.26901639999994], [-45.4836184, -5.29757999999993], [-45.4518583, -5.37912129999995], [-45.4571872999999, -5.38722909999996], [-45.4447742, -5.39638929999995], [-45.4385839, -5.42321339999995], [-45.4211534999999, -5.44671229999994], [-45.5234495999999, -5.50882289999993]]]}}, {"type": "Feature", "properties": {"CD_MUN": "2105450", "NM_MUN": "Jatobá"}, "geometry": {"type": "Polygon", "coordinates": [[[-44.2953411, -5.92462059999997], [-44.3946703999999, -5.90522099999993], [-44.4286286999999, -5.91147379999995], [-44.4395481999999, -5.92021179999995], [-44.4573480999999, -5.91312309999995], [-44.4770377, -5.88122379999993], [-44.4698137999999, -5.86700559999997], [-44.4738498999999, -5.85146239999995], [-44.4572527, -5.82725179999994], [-44.4983958, -5.80099529999995], [-44.2325837999999, -5.76405949999997], [-44.0899408999999, -5.84043149999997], [-44.1017785999999, -5.85281809999998], [-44.1063629, -5.87196299999994], [-44.1231539, -5.86519129999994], [-44.1312890999999, -5.88785489999998], [-44.1518859999999, -5.90087219999998], [-44.1583085999999, -5.91270579999997], [-44.2662771, -5.95450889999995], [-44.2711346999999, -5.94270549999993], [-44.2857086, -5.93682119999994], [-44.2953411, -5.92462059999997]]]}}, {"type": "Feature", "properties": {"CD_MUN": "2105427", "NM_MUN": "Itinga do Maranhão"}, "geometry": {"type": "Polygon", "coordinates": [[[-47.2299874999999, -4.63655519999998], [-47.2913907999999, -4.70287259999998], [-47.3381548999999, -4.69127139999995], [-47.3355074999999, -4.67945459999993], [-47.3750831, -4.66595909999995], [-47.3893206, -4.65752759999998], [-47.3876392, -4.65110189999996], [-47.4455622, -4.63528099999996], [-47.4683418, -4.64939509999994], [-47.4953467999999, -4.65218269999997], [-47.4952919, -4.70092489999996], [-47.5745252, -4.70728369999995], [-47.6153325999999, -4.70200239999997], [-47.6461381999999, -4.72765009999995], [-47.6558186, -4.71474489999997], [-47.6813504, -4.71281009999996], [-47.6849655999999, -4.72307209999997], [-47.6944217, -4.72439999999995], [-47.7019109, -4.71650339999997], [-47.6992241, -4.70040499999993], [-47.6863635, -4.69084319999996], [-47.6932619, -4.65050329999997], [-47.6826637999999, -4.63967159999993], [-47.6802562999999, -4.60900179999993], [-47.6376763, -4.57140029999994], [-47.6119419, -4.55735789999994], [-47.5835668, -4.52296009999998], [-47.5637242, -4.47455749999995], [-47.5315876999999, -4.44546339999994], [-47.5027881, -4.40370659999996], [-47.4881033999999, -4.36716719999993], [-47.4763146, -4.35643939999994], [-47.4826935999999, -4.34815149999997], [-47.476437, -4.34101819999995], [-47.4747341999999, -4.31504349999994], [-47.4558208999999, -4.30550149999993], [-47.4420493, -4.28742509999995], [-47.4292576999999, -4.28684059999995], [-47.4296712999999, -4.27620029999997], [-47.4175198, -4.27841089999993], [-47.4010766, -4.26782369999995], [-47.3886386, -4.24987929999998], [-47.3717680999999, -4.24558579999996], [-47.3790018, -4.22053689999996], [-47.3703457999999, -4.21921479999997], [-47.3678829999999, -4.19419599999998], [-47.3602668, -4.19137209999997], [-47.3658287, -4.18063999999993], [-47.3531376, -4.17678179999996], [-47.3472659999999, -4.18376769999998], [-47.3402351, -4.17704579999997], [-47.3471873999999, -4.15724319999993], [-47.3425364999999, -4.14811529999997], [-47.3497520999999, -4.14187419999996], [-47.3432916, -4.12615859999994], [-47.3506436, -4.11527139999993], [-47.3456021, -4.10007529999996], [-47.331407, -4.09142509999998], [-47.3332258999999, -4.07560909999995], [-47.3194243, -4.04777449999995], [-47.3050623999999, -4.05883029999995], [-47.2772401, -4.03058479999993], [-47.2674047, -4.03345959999996], [-47.2667089, -4.02469429999996], [-47.2446744, -4.01224109999993], [-47.2389286, -3.99863079999994], [-47.2226555999999, -4.00130169999994], [-47.2199759, -3.98817249999996], [-47.2044741, -3.98831539999998], [-47.2017392, -3.97356889999998], [-47.1973634, -3.98540389999994], [-47.1902562, -3.98370469999998], [-47.1928091, -3.96884299999994], [-47.1784269999999, -3.96089729999994], [-47.1837325, -3.94764509999993], [-47.1796211, -3.94179529999997], [-47.1692558999999, -3.94343919999994], [-47.1731460999999, -3.92382339999995], [-47.1484960999999, -3.91448979999996], [-47.1487106, -3.89690469999994], [-47.1389301999999, -3.90430679999997], [-47.1324380999999, -3.89957319999996], [-47.1370168, -3.88561569999996], [-47.1325406999999, -3.87865399999993], [-47.1066248, -3.88094279999996], [-47.1018589999999, -3.86134819999995], [-47.0852050999999, -3.85663999999997], [-47.0794198999999, -3.84391989999995], [-47.0866834999999, -3.82490269999994], [-47.0789637999999, -3.82694239999995], [-47.0726175, -3.81786239999997], [-47.0782538, -3.81168409999998], [-47.0757467999999, -3.80400949999995], [-47.0632411, -3.79888459999995], [-47.0592154, -3.78444249999995], [-47.0646939, -3.77775919999993], [-47.0557157, -3.77353559999995], [-47.0652734, -3.75936399999995], [-47.0535826999999, -3.74776939999992], [-47.0593729999999, -3.74118609999994], [-47.0532972, -3.73685509999996], [-47.0608495, -3.72976299999993], [-47.048124, -3.71887749999996], [-47.0462808, -3.70645099999996], [-47.0545251999999, -3.68500539999997], [-47.0370187, -3.66796609999994], [-47.0488903, -3.66864609999993], [-47.0527135, -3.66317969999994], [-47.0459106, -3.65763649999997], [-47.0561686, -3.65569309999995], [-47.0555782, -3.64669929999997], [-47.0400751, -3.64410679999997], [-47.0447674, -3.63338359999995], [-47.0523393, -3.63538709999995], [-47.0452682, -3.62549909999996], [-47.0486238999999, -3.61962929999993], [-47.0404245999999, -3.61540389999993], [-47.0381743999999, -3.60550379999995], [-47.0290318, -3.60404609999995], [-47.0235309, -3.62622789999995], [-47.0251387, -3.63930879999998], [-47.0330241, -3.64341599999995], [-47.0242342, -3.67085289999994], [-47.0294911, -3.68216289999998], [-47.0092198, -3.69571319999994], [-47.0066308, -3.70396369999997], [-46.996769, -3.70534299999997], [-46.996774, -3.71797699999996], [-46.9950335, -3.71439829999997], [-46.9926434, -3.71345199999996], [-46.9830607, -3.73394299999995], [-46.9770703999999, -3.73417449999994], [-46.9803975, -3.74617549999994], [-46.9732086, -3.75030879999997], [-46.9720637999999, -3.76728749999995], [-46.9510415999999, -3.79922599999998], [-46.9561947, -3.80513529999996], [-46.9443312, -3.84682439999995], [-46.9473048999999, -3.85528529999993], [-46.9360662999999, -3.87954149999996], [-46.9450351999999, -3.92349579999996], [-46.9347524999999, -3.94938829999995], [-46.9361431999999, -3.96098979999994], [-46.9182145, -3.99884899999995], [-46.912258, -4.05955999999998], [-46.917771, -4.06588159999995], [-46.916196, -4.07721929999997], [-46.9271034999999, -4.08664709999994], [-46.9484846999999, -4.08065459999995], [-46.9619559999999, -4.09085459999994], [-46.9643809999999, -4.11272199999996], [-47.0101948, -4.17469039999997], [-47.0129178, -4.19328649999994], [-47.0296857, -4.22046079999996], [-47.0901271, -4.24161089999996], [-47.1009789999999, -4.26510769999993], [-47.1260612999999, -4.28398659999993], [-47.1385175999999, -4.31863859999993], [-47.1877549, -4.38867749999997], [-47.2103033, -4.40665759999996], [-47.2219984, -4.42532579999994], [-47.2440152999999, -4.43200379999996], [-47.2537123, -4.50742389999994], [-47.2249068, -4.60075029999996], [-47.2299874999999, -4.63655519999998]]]}}, {"type": "Feature", "properties": {"CD_MUN": "2105500", "NM_MUN": "João Lisboa"}, "geometry": {"type": "Polygon", "coordinates": [[[-47.3302983, -5.43261519999993], [-47.3538184999999, -5.45742749999994], [-47.3610411, -5.45150509999996], [-47.3980137, -5.48306809999997], [-47.4155170999999, -5.47043469999994], [-47.4312484, -5.33304759999993], [-47.4101962, -5.31880229999996], [-47.4126853, -5.31019039999995], [-47.3981873, -5.29338399999995], [-47.3714859, -5.27996789999997], [-47.3582107, -5.25260969999994], [-47.3531419, -5.24978309999995], [-47.3392909, -5.25720099999995], [-47.3433876999999, -5.26436879999994], [-47.331246, -5.26670379999996], [-47.3128450999999, -5.30743879999994], [-47.2843353, -5.30394139999993], [-47.2765319, -5.31407389999993], [-47.2256002, -5.26594939999995], [-47.2018409, -5.22999339999996], [-47.1850691999999, -5.22147739999997], [-47.1795164, -5.19343709999993], [-47.1565426999999, -5.17879759999994], [-47.1504447, -5.15298539999998], [-47.1355526, -5.14338179999993], [-47.1375839, -5.13364309999997], [-47.1268699999999, -5.12197039999995], [-47.123475, -5.10198849999995], [-47.1160487, -5.10095569999993], [-47.1205189, -5.08881929999995], [-47.0972901, -5.08000229999993], [-47.1007981, -5.07349139999997], [-47.0951365, -5.06542169999994], [-47.0666773, -5.05563089999993], [-47.0421525, -5.06055999999995], [-47.0254351, -5.04945369999996], [-46.9955093, -5.04910069999994], [-46.9586542, -5.03762519999998], [-46.9019244, -4.99877599999996], [-46.9001739999999, -5.04020949999995], [-46.8907015, -5.05122539999996], [-46.8872727999999, -5.07513319999993], [-46.8765832999999, -5.07899259999994], [-46.8712896, -5.09561699999995], [-46.880883, -5.12770759999995], [-46.8711074999999, -5.13574719999997], [-46.8709446999999, -5.14657439999996], [-46.8796383, -5.17560109999994], [-46.8932225, -5.18767999999994], [-46.8896918, -5.20742139999993], [-46.9211056, -5.22114919999996], [-46.9477439999999, -5.21354539999993], [-46.9768043, -5.24273199999993], [-46.9942689, -5.25034729999993], [-46.9993224, -5.26475989999994], [-47.0286786999999, -5.27858089999995], [-47.030816, -5.29386519999997], [-47.0542515999999, -5.29938039999996], [-47.0632540999999, -5.31334149999998], [-47.1248423, -5.31709819999998], [-47.1536968, -5.33079719999995], [-47.1751379999999, -5.35034859999996], [-47.2020132, -5.35515509999993], [-47.2252579, -5.34265719999996], [-47.2448696, -5.34633939999998], [-47.2735215, -5.36488399999996], [-47.2587497, -5.36924549999998], [-47.2707710999999, -5.38078469999994], [-47.3085053999999, -5.38587529999995], [-47.3183981, -5.39462249999997], [-47.3302983, -5.43261519999993]]]}}, {"type": "Feature", "properties": {"CD_MUN": "2114007", "NM_MUN": "Zé Doca"}, "geometry": {"type": "Polygon", "coordinates": [[[-45.5452769, -3.47028669999997], [-45.5934753999999, -3.42629979999998], [-45.6322785999999, -3.36891999999995], [-45.660875, -3.34569399999998], [-45.6602138, -3.33866729999994], [-45.7986686, -3.33553089999998], [-45.8785424, -3.31596489999993], [-45.9093930999999, -3.37866309999993], [-45.9414014, -3.36577099999994], [-45.9759104999999, -3.37340569999998], [-45.9959686, -3.36763649999995], [-46.020769, -3.37801559999997], [-46.0606455, -3.36310709999998], [-46.1970082999999, -3.36294799999996], [-46.2554938, -3.31689339999997], [-46.2655116999999, -3.32085809999995], [-46.2801246999999, -3.34099699999996], [-46.2783707, -3.34644909999997], [-46.3956757, -3.29136639999996], [-46.3940924999999, -3.28087679999993], [-46.3497283999999, -3.21394029999993], [-46.3108089999999, -3.19076409999997], [-46.2788328, -3.19169789999995], [-46.2667132, -3.15914149999998], [-46.2521864, -3.16266939999997], [-46.2476717, -3.15724739999996], [-46.2406242, -3.16641169999997], [-46.2250164, -3.15831739999993], [-46.2011237, -3.16708529999994], [-46.0989618999999, -3.14801829999993], [-46.0910031999999, -3.13863199999997], [-46.0941314999999, -3.12371339999993], [-46.0812553, -3.11799949999994], [-46.0753683999999, -3.10428419999994], [-46.0613178, -3.11071109999995], [-46.0553815, -3.10597479999996], [-46.0557254999999, -3.09407219999997], [-46.0319895, -3.08323659999996], [-46.0278886, -3.07462019999997], [-46.0162703, -3.08056769999996], [-46.0017202999999, -3.06173099999995], [-45.9889802, -3.07394349999993], [-45.9823929999999, -3.07072579999993], [-45.9811536999999, -3.07857069999994], [-45.9724854999999, -3.06796159999993], [-45.9628197, -3.07098259999998], [-45.9596688, -3.06349749999993], [-45.9574208999999, -3.06895859999997], [-45.9525515999999, -3.06365299999993], [-45.9452595, -3.06661279999997], [-45.9433425999999, -3.04573359999995], [-45.9305373, -3.05260499999997], [-45.9315371, -3.04368559999995], [-45.923288, -3.03727999999995], [-45.9322974999999, -3.03040979999997], [-45.9265361999999, -3.02101769999996], [-45.9187732, -3.02869059999995], [-45.9130741, -3.02329549999996], [-45.9023965, -3.02755989999997], [-45.9308144, -3.09495859999993], [-45.9215687999999, -3.10755809999995], [-45.9206392, -3.13053779999996], [-45.9510663999999, -3.18130199999996], [-45.9266675, -3.23635099999996], [-45.8078437999999, -3.22989569999993], [-45.7824356, -3.23802629999994], [-45.7806383, -3.21671839999993], [-45.711157, -3.10130749999996], [-45.641944, -3.11952579999996], [-45.6390737999999, -3.08304769999995], [-45.6239846999999, -3.05324919999993], [-45.6035231, -3.17394889999997], [-45.5793470999999, -3.24224469999996], [-45.5521846999999, -3.27948289999995], [-45.4903245, -3.30681719999995], [-45.4440898, -3.39942449999995], [-45.5421894999999, -3.48497639999994], [-45.5452769, -3.47028669999997]]]}}, {"type": "Feature", "properties": {"CD_MUN": "2105807", "NM_MUN": "Lago do Junco"}, "geometry": {"type": "Polygon", "coordinates": [[[-45.0002051, -4.63842879999993], [-45.0412923, -4.68629889999994], [-45.0455016999999, -4.66838699999994], [-45.0896218, -4.61331769999993], [-45.0605421999999, -4.57032199999998], [-45.0424553999999, -4.48417569999998], [-45.0460457, -4.48048169999993], [-45.0350129999999, -4.48066189999997], [-44.9886852, -4.45878949999997], [-44.8720195999999, -4.38444419999996], [-44.8829158999999, -4.41490559999994], [-44.8588564, -4.41564369999998], [-44.8649316999999, -4.42570589999997], [-44.8565042, -4.42671109999998], [-44.8478918, -4.44651299999992], [-44.8535285, -4.46560969999996], [-44.8480087, -4.47444119999994], [-44.8578537999999, -4.47714709999997], [-44.8460646999999, -4.48215399999998], [-44.8364359999999, -4.50349799999998], [-44.8429692999999, -4.50536339999996], [-44.8713807999999, -4.48678079999996], [-44.8933448, -4.48635629999995], [-44.9191635999999, -4.49491549999993], [-44.9274793, -4.48667089999998], [-44.9191197, -4.52212549999996], [-44.9277534, -4.52099199999998], [-44.99848, -4.59337949999997], [-45.0002051, -4.63842879999993]]]}}, {"type": "Feature", "properties": {"CD_MUN": "2105922", "NM_MUN": "Lagoa do Mato"}, "geometry": {"type": "Polygon", "coordinates": [[[-43.3134661999999, -6.19315929999993], [-43.3193216999999, -6.26115899999996], [-43.3976731, -6.27566079999997], [-43.4220867, -6.26205189999996], [-43.4554272999999, -6.25989949999996], [-43.4900405999999, -6.26906769999994], [-43.5142483, -6.25861579999997], [-43.538022, -6.27074049999993], [-43.5531700999999, -6.27131069999996], [-43.5779198, -6.26235499999996], [-43.5652054999999, -6.21555279999995], [-43.5387117, -6.17728139999997], [-43.5390012999999, -6.17110719999994], [-43.5626991999999, -6.16615849999994], [-43.547897, -6.15449739999997], [-43.5468617999999, -6.13675009999997], [-43.5657105, -6.12765899999994], [-43.5932910999999, -6.09919479999996], [-43.6032883999999, -6.07542449999994], [-43.6236608, -6.05383409999996], [-43.6387842999999, -6.05481969999994], [-43.6451417, -6.04897549999993], [-43.6408157, -6.04042819999995], [-43.6665598, -5.99737919999995], [-43.6708292, -5.93746599999997], [-43.6830034, -5.90921409999993], [-43.674866, -5.89962369999995], [-43.6761294999999, -5.89022629999994], [-43.6704104, -5.88995599999993], [-43.673126, -5.86711249999996], [-43.6859815, -5.86817849999994], [-43.6982846, -5.86053129999993], [-43.7093616, -5.84409059999996], [-43.7287782, -5.84749639999995], [-43.7132789999999, -5.81883439999996], [-43.7168202, -5.80237499999993], [-43.7064569999999, -5.79683289999997], [-43.7027272, -5.78000999999995], [-43.696113, -5.78275359999998], [-43.6771709, -5.76770719999996], [-43.647098, -5.76164489999996], [-43.6123449999999, -5.73746909999994], [-43.6061046, -5.73747239999994], [-43.6123573, -5.74651459999995], [-43.6003171, -5.75841049999997], [-43.5973238999999, -5.77335819999996], [-43.5602559, -5.77189269999997], [-43.5600641, -5.80457469999993], [-43.5520892, -5.80868879999997], [-43.54993, -5.82354559999993], [-43.5350571, -5.83515099999994], [-43.5503854999999, -5.84754799999996], [-43.5447202999999, -5.86224309999994], [-43.5500051, -5.87900579999996], [-43.5602451, -5.88281089999998], [-43.5608483999999, -5.89123879999994], [-43.5717538, -5.88927479999995], [-43.5655497, -5.91306339999994], [-43.3339852, -5.91109099999994], [-43.3068618, -6.02046399999995], [-43.3144434, -6.02522569999996], [-43.3284791, -6.10761029999998], [-43.3134661999999, -6.19315929999993]]]}}, {"type": "Feature", "properties": {"CD_MUN": "2105906", "NM_MUN": "Lago Verde"}, "geometry": {"type": "Polygon", "coordinates": [[[-44.8090334999999, -4.03637499999996], [-44.8013534, -4.04729169999996], [-44.8082122, -4.06501459999993], [-44.8232935999999, -4.07168219999994], [-44.8230268999999, -4.07894039999996], [-44.8361781, -4.06702509999997], [-44.8529942, -4.08349949999996], [-44.8539570999999, -4.09271619999993], [-44.8400083999999, -4.10403469999994], [-44.8420472999999, -4.11305709999993], [-45.0118782, -4.11390719999997], [-45.0234073, -4.07005999999996], [-45.0219612999999, -4.04875889999994], [-45.0290189999999, -4.04115379999996], [-45.0154658, -3.98854089999998], [-45.0085341, -3.98264649999993], [-45.0123996, -3.97040089999996], [-45.0044672, -3.94239009999995], [-44.9922, -3.93340229999995], [-44.9569033999999, -3.87317909999996], [-44.9331776999999, -3.91626449999995], [-44.6220797999999, -3.85082109999996], [-44.6243233, -3.85913599999998], [-44.6419501, -3.85593629999994], [-44.6424914999999, -3.87488319999994], [-44.6503896999999, -3.87643039999995], [-44.649038, -3.88391589999998], [-44.6605604, -3.88476309999993], [-44.6583730999999, -3.89173759999994], [-44.6748712, -3.87835069999994], [-44.6819022999999, -3.89006819999997], [-44.6991029, -3.88964529999993], [-44.7004681999999, -3.90572269999996], [-44.7160969999999, -3.91255269999994], [-44.7077105, -3.92522979999995], [-44.7103054, -3.93100239999995], [-44.7440187999999, -3.93857909999997], [-44.7709732, -3.97262489999997], [-44.7807802, -3.97074859999998], [-44.7921312, -3.97840049999996], [-44.7909069999999, -3.99496239999996], [-44.8033905, -4.00336879999998], [-44.8026475, -4.02889449999998], [-44.8090334999999, -4.03637499999996]]]}}, {"type": "Feature", "properties": {"CD_MUN": "2105708", "NM_MUN": "Lago da Pedra"}, "geometry": {"type": "Polygon", "coordinates": [[[-45.1447431999999, -4.74109019999997], [-45.1559601, -4.86167179999995], [-45.1252512, -4.91315669999994], [-45.1185245999999, -4.94024869999993], [-45.0407705, -4.91226109999997], [-45.0402553, -4.92981209999994], [-45.0576351999999, -4.94701639999994], [-45.1042715, -4.96872809999996], [-45.1178897999999, -4.99213469999995], [-45.2097153, -4.99972859999997], [-45.2388756, -5.01502989999994], [-45.2322215999999, -4.99287329999993], [-45.2384034, -4.97970759999993], [-45.2764266, -4.95760759999996], [-45.2718386, -4.94422419999995], [-45.2853464, -4.92034549999994], [-45.2791581, -4.91477249999997], [-45.2809834999999, -4.89536159999994], [-45.2750212999999, -4.88488009999998], [-45.2793710999999, -4.87550759999993], [-45.286932, -4.87684369999994], [-45.291503, -4.85319449999997], [-45.3034110999999, -4.84537989999995], [-45.3052347, -4.82463249999995], [-45.3169559999999, -4.80741339999997], [-45.3352303, -4.80387089999994], [-45.3482812999999, -4.79382389999995], [-45.4084994999999, -4.79646749999995], [-45.4270346, -4.76834719999994], [-45.4206129, -4.75429629999996], [-45.4205962, -4.72618659999995], [-45.4155589, -4.72641289999996], [-45.4214985, -4.70320729999997], [-45.4146186, -4.68670339999994], [-45.4015669, -4.68938689999993], [-45.3451645, -4.64851289999996], [-45.3023117, -4.66664089999995], [-45.2597115999999, -4.64984649999997], [-45.2410126999999, -4.62544129999998], [-45.2033809, -4.60143369999997], [-45.195036, -4.56460809999993], [-45.2134576, -4.55219019999993], [-45.1608884999999, -4.51884639999997], [-45.0936126, -4.42330659999993], [-45.0876989999999, -4.45457459999994], [-45.0609964, -4.45566419999994], [-45.0424553999999, -4.48417569999998], [-45.0605421999999, -4.57032199999998], [-45.0896218, -4.61331769999993], [-45.0455016999999, -4.66838699999994], [-45.0400225999999, -4.69120449999997], [-45.1447431999999, -4.74109019999997]]]}}, {"type": "Feature", "properties": {"CD_MUN": "2105153", "NM_MUN": "Igarapé do Meio"}, "geometry": {"type": "Polygon", "coordinates": [[[-45.0856732999999, -3.72160899999994], [-45.0884786, -3.73427059999995], [-45.099663, -3.72840989999997], [-45.1114358, -3.74885389999997], [-45.1369372, -3.72857249999993], [-45.2882213, -3.71820069999995], [-45.2823192, -3.69823169999995], [-45.2625098999999, -3.68899419999997], [-45.2511694, -3.69397729999997], [-45.2264883, -3.64477849999997], [-45.2021688999999, -3.62665979999997], [-45.1830194999999, -3.62550779999998], [-45.1766838999999, -3.61557959999993], [-45.1633146999999, -3.61459169999995], [-45.1623493, -3.60493649999995], [-45.1309391, -3.58832369999993], [-45.1241059, -3.56869289999997], [-45.1060272, -3.55756789999998], [-45.0580803, -3.57229669999992], [-45.0213618, -3.57210209999994], [-44.9972729, -3.58714589999994], [-45.0485308999999, -3.72386359999996], [-45.0597873, -3.70945669999998], [-45.0647218999999, -3.71712019999995], [-45.082256, -3.71405879999998], [-45.0772954999999, -3.71937759999997], [-45.0856732999999, -3.72160899999994]]]}}, {"type": "Feature", "properties": {"CD_MUN": "2105104", "NM_MUN": "Icatu"}, "geometry": {"type": "MultiPolygon", "coordinates": [[[[-43.7101992, -2.48492349999998], [-43.7100349999999, -2.48250459999997], [-43.7090828, -2.48241759999996], [-43.7101992, -2.48492349999998]]], [[[-43.8536472, -2.47316959999995], [-43.8537434, -2.46933059999998], [-43.8520563, -2.46904479999995], [-43.8536472, -2.47316959999995]]], [[[-43.8517001, -2.46820369999995], [-43.8513325, -2.46391189999997], [-43.8508691, -2.46358729999997], [-43.8517001, -2.46820369999995]]], [[[-43.7450617, -2.80781009999993], [-44.0730146, -2.80424269999997], [-44.0672671999999, -2.77989139999994], [-44.0788214, -2.74380919999993], [-44.0676055, -2.72300589999998], [-44.0542485999999, -2.71130149999993], [-44.0225751999999, -2.65260689999997], [-44.0039439999999, -2.63815249999993], [-43.9565436999999, -2.62153199999995], [-43.9510160999999, -2.59808259999994], [-43.9312194999999, -2.56162229999995], [-43.9158944, -2.55442699999998], [-43.89368, -2.55646129999997], [-43.8911661999999, -2.53544409999995], [-43.8763226, -2.51830529999995], [-43.8501502, -2.51003699999995], [-43.8421589, -2.44865419999996], [-43.8314935, -2.44015689999998], [-43.8394782999999, -2.41858649999995], [-43.8057646, -2.39221709999993], [-43.7918002, -2.39391479999995], [-43.8097058, -2.43674899999996], [-43.7983975999999, -2.43959759999996], [-43.7619386, -2.41874069999994], [-43.7412236, -2.43511979999994], [-43.760094, -2.46587319999998], [-43.7769289999999, -2.47475789999993], [-43.7665575999999, -2.49459539999998], [-43.7466075, -2.49358629999995], [-43.7228823999999, -2.47468819999995], [-43.7096594999999, -2.48738769999994], [-43.6954534, -2.48434869999994], [-43.7032525, -2.50737259999994], [-43.6970011, -2.51569009999997], [-43.7127571999999, -2.52484089999996], [-43.7049205, -2.52846839999995], [-43.7081282, -2.53880899999996], [-43.7001231, -2.55127629999993], [-43.7062703, -2.56566209999994], [-43.701316, -2.56148799999994], [-43.6834221, -2.57422139999994], [-43.6900069, -2.60399349999994], [-43.7455257, -2.63750549999997], [-43.7450617, -2.80781009999993]]], [[[-43.8552852, -2.44988939999996], [-43.8556986, -2.44805239999994], [-43.8546612, -2.44837499999994], [-43.8552852, -2.44988939999996]]], [[[-43.8703244, -2.44484829999993], [-43.8505359, -2.42687119999994], [-43.8522935999999, -2.42060129999993], [-43.8460296, -2.42752409999997], [-43.8501745999999, -2.43627429999998], [-43.858031, -2.44420969999993], [-43.8703244, -2.44484829999993]]], [[[-43.7885639, -2.41585269999996], [-43.7889248, -2.41512809999995], [-43.7881618, -2.41516649999994], [-43.7885639, -2.41585269999996]]], [[[-43.7887449999999, -2.41444539999998], [-43.7805559, -2.39332859999996], [-43.7876098, -2.37832679999997], [-43.7706319, -2.36926359999995], [-43.7603983, -2.37104369999997], [-43.7541826, -2.37889899999993], [-43.7620373, -2.37799889999997], [-43.7753544, -2.40750269999995], [-43.7887449999999, -2.41444539999998]]]]}}, {"type": "Feature", "properties": {"CD_MUN": "2104909", "NM_MUN": "Guimarães"}, "geometry": {"type": "MultiPolygon", "coordinates": [[[[-44.6333877, -2.22787869999996], [-44.6606277, -2.24774489999993], [-44.6836729, -2.25614269999994], [-44.6776803, -2.28049229999993], [-44.6902648999999, -2.28763199999997], [-44.7189316, -2.27280799999994], [-44.7612151, -2.27072479999993], [-44.7551295, -2.25825959999997], [-44.7399253999999, -2.26096159999997], [-44.7324558999999, -2.25038989999996], [-44.7476164, -2.25139129999997], [-44.7558016999999, -2.24431509999994], [-44.781082, -2.24998939999995], [-44.7857243999999, -2.23716169999994], [-44.794945, -2.23341899999997], [-44.7989727, -2.22216329999998], [-44.7867689999999, -2.20362869999997], [-44.7832945, -2.16927699999997], [-44.7701069999999, -2.14955979999996], [-44.7518613999999, -2.13682319999998], [-44.7540645, -2.11979759999997], [-44.7400721, -2.10645329999994], [-44.7394917999999, -2.09670119999993], [-44.7212921999999, -2.08407989999995], [-44.7213184999999, -2.07503789999993], [-44.6591112, -2.06486659999996], [-44.6480594, -2.05536459999996], [-44.6427073999999, -2.05832189999995], [-44.6380262, -2.04450059999994], [-44.6281094999999, -2.04678669999993], [-44.6275371999999, -2.03747459999994], [-44.6213559999999, -2.04295999999994], [-44.6159153, -2.03512339999997], [-44.588704, -2.03794199999993], [-44.5671829999999, -2.02171799999996], [-44.5334225999999, -2.03625909999994], [-44.4972667, -2.02530079999997], [-44.4869282, -2.04526539999995], [-44.5350061999999, -2.08526959999995], [-44.5524568, -2.08901739999993], [-44.5657914, -2.11097869999998], [-44.566719, -2.12562629999996], [-44.588308, -2.13463929999995], [-44.5798042, -2.14448589999995], [-44.5875639, -2.15087149999994], [-44.5949970999999, -2.18161469999995], [-44.6333877, -2.22787869999996]]], [[[-44.4835156, -2.07783209999997], [-44.469685, -2.06796439999994], [-44.4655551, -2.07083689999996], [-44.4678911, -2.07711769999997], [-44.4835156, -2.07783209999997]]]]}}, {"type": "Feature", "properties": {"CD_MUN": "2105005", "NM_MUN": "Humberto de Campos"}, "geometry": {"type": "MultiPolygon", "coordinates": [[[[-43.6796027, -2.50755419999996], [-43.6809737, -2.50679429999997], [-43.6792234, -2.50504379999995], [-43.6796027, -2.50755419999996]]], [[[-43.4735243, -2.47337729999992], [-43.4696038, -2.47046339999997], [-43.464433, -2.48465799999997], [-43.4673931999999, -2.48338959999995], [-43.4735243, -2.47337729999992]]], [[[-43.5372177, -2.40563579999997], [-43.5268369, -2.37073809999993], [-43.5214723, -2.37070709999995], [-43.5066242999999, -2.38399779999997], [-43.5063246999999, -2.40433969999998], [-43.5372177, -2.40563579999997]]], [[[-43.4499211999999, -2.97962019999994], [-43.4748552999999, -2.98121829999997], [-43.4869558, -2.98915169999998], [-43.5011608, -3.01752889999995], [-43.5228180999999, -3.01657439999997], [-43.5472674, -3.00437919999996], [-43.5511279, -3.02160339999995], [-43.5713135999999, -3.03811289999993], [-43.5985688, -2.96380129999994], [-43.7455257, -2.63750549999997], [-43.6900069, -2.60399349999994], [-43.6888648999999, -2.58873659999995], [-43.6831797, -2.58466949999996], [-43.6879251, -2.56884589999993], [-43.7002345999999, -2.56688569999994], [-43.701316, -2.56148799999994], [-43.7062703, -2.56566209999994], [-43.7001231, -2.55127629999993], [-43.7108176, -2.51986509999995], [-43.6968277999999, -2.51493089999997], [-43.6876406, -2.51858739999994], [-43.6640642, -2.48794629999998], [-43.651599, -2.48182199999997], [-43.6479843, -2.49597529999994], [-43.6262012, -2.51020679999993], [-43.6149296, -2.50813179999994], [-43.5797942999999, -2.45864279999995], [-43.5699089, -2.47016179999997], [-43.5717587999999, -2.47629459999996], [-43.5988442, -2.49935419999997], [-43.5970065, -2.50464559999995], [-43.5786057999999, -2.50613539999995], [-43.5580884999999, -2.47988739999994], [-43.5527681999999, -2.44330059999993], [-43.5374497, -2.42191039999994], [-43.5284553, -2.41872059999997], [-43.5160764, -2.42451939999995], [-43.5114067, -2.44132099999996], [-43.5207543999999, -2.45671729999998], [-43.5086777999999, -2.47611509999996], [-43.4792649999999, -2.48690749999997], [-43.4617327, -2.48641399999997], [-43.4495032, -2.55910149999994], [-43.4420354, -2.56676179999994], [-43.4622525, -2.59362799999997], [-43.4443041, -2.60520519999994], [-43.4513691999999, -2.62561179999994], [-43.4344483, -2.63253239999995], [-43.4441166, -2.69087009999993], [-43.4395541, -2.72976789999996], [-43.4467299, -2.74535799999995], [-43.4381890999999, -2.77730939999998], [-43.4552571999999, -2.80623109999993], [-43.4605376, -2.85731999999996], [-43.4551008, -2.89667219999995], [-43.4215882, -2.90059699999995], [-43.4175276999999, -2.91673329999998], [-43.4278563, -2.95216719999996], [-43.4499211999999, -2.97962019999994]]], [[[-43.6130808999999, -2.38179189999994], [-43.5983409999999, -2.36685709999995], [-43.558058, -2.35549619999995], [-43.542093, -2.36060249999997], [-43.5398423, -2.36897449999998], [-43.5463819999999, -2.39300829999996], [-43.5667993, -2.42518459999997], [-43.6013323999999, -2.41286419999994], [-43.6130808999999, -2.38179189999994]]], [[[-43.7619386, -2.41874069999994], [-43.7572471999999, -2.40683759999996], [-43.7268003, -2.38646839999996], [-43.7251768, -2.36799239999993], [-43.739594, -2.35034979999995], [-43.7228947999999, -2.32515799999993], [-43.7181198, -2.28880239999995], [-43.6330442999999, -2.25192329999993], [-43.6040861, -2.25769179999998], [-43.5935612, -2.28723109999993], [-43.6235880999999, -2.30311059999997], [-43.6305902999999, -2.32738789999996], [-43.6288314999999, -2.35826259999993], [-43.6452068999999, -2.40271639999997], [-43.6875871, -2.39765319999998], [-43.7104619999999, -2.42716389999993], [-43.7297881, -2.42441069999995], [-43.7412236, -2.43511979999994], [-43.7619386, -2.41874069999994]]]]}}, {"type": "Feature", "properties": {"CD_MUN": "2105302", "NM_MUN": "Imperatriz"}, "geometry": {"type": "Polygon", "coordinates": [[[-47.4407381, -5.57845499999996], [-47.3962857, -5.64570579999997], [-47.4209509, -5.63748889999994], [-47.4345370999999, -5.64377679999996], [-47.4382004999999, -5.62878829999994], [-47.4522028, -5.63195379999996], [-47.4685678, -5.62124979999993], [-47.4796891, -5.62170929999996], [-47.4832613999999, -5.56489889999995], [-47.4930434, -5.53903229999997], [-47.5553694, -5.46573529999995], [-47.5641500999999, -5.46313639999994], [-47.5805089999999, -5.47001659999995], [-47.6186197, -5.45972619999998], [-47.6667722999999, -5.42178729999995], [-47.7443137, -5.38013239999998], [-47.8275434999999, -5.38658659999993], [-47.8437594, -5.37620869999995], [-47.8654341, -5.34752659999998], [-47.8666881, -5.30531369999994], [-47.8596734, -5.31229769999993], [-47.8602318, -5.32291989999993], [-47.8422277, -5.33314179999996], [-47.8307993, -5.32481699999994], [-47.8191265999999, -5.32613119999996], [-47.7528409, -5.24970159999998], [-47.7393407, -5.24663389999995], [-47.7263862999999, -5.22906039999998], [-47.7052667, -5.23542569999995], [-47.6867043, -5.15625149999994], [-47.6614069, -5.16803609999994], [-47.6444647, -5.16080289999996], [-47.6066764, -5.16395009999997], [-47.5509825, -5.15451169999994], [-47.5387474, -5.15617979999996], [-47.5265909999999, -5.17742469999996], [-47.5154656999999, -5.15566789999997], [-47.5150995, -5.12885989999995], [-47.5093889, -5.13164819999997], [-47.4842674, -5.17680019999995], [-47.4670879, -5.18105409999993], [-47.462032, -5.19335839999997], [-47.431125, -5.22125469999997], [-47.4094171, -5.21678649999996], [-47.4157299999999, -5.23414769999994], [-47.3817523, -5.27228339999994], [-47.3640415, -5.25877279999997], [-47.3714859, -5.27996789999997], [-47.3981873, -5.29338399999995], [-47.4126853, -5.31019039999995], [-47.4101962, -5.31880229999996], [-47.4312484, -5.33304759999993], [-47.4177885999999, -5.46419959999997], [-47.3950146, -5.49190409999994], [-47.4046448, -5.49928149999994], [-47.4046157999999, -5.50736239999998], [-47.4250921, -5.52213389999997], [-47.4407381, -5.57845499999996]]]}}, {"type": "Feature", "properties": {"CD_MUN": "2105401", "NM_MUN": "Itapecuru Mirim"}, "geometry": {"type": "Polygon", "coordinates": [[[-44.0827867, -3.47232789999993], [-44.0943167, -3.52219949999994], [-44.0877791999999, -3.53636829999994], [-44.3979088999999, -3.53797369999995], [-44.4064521, -3.51093119999996], [-44.3850993, -3.47465799999998], [-44.3904027, -3.44157109999998], [-44.4001004, -3.45982449999997], [-44.4220715, -3.46324629999998], [-44.4459583, -3.47984509999998], [-44.4704836, -3.48526359999994], [-44.5005652999999, -3.46596359999995], [-44.521714, -3.47154599999993], [-44.5566994, -3.45404189999994], [-44.5844276, -3.45124369999996], [-44.5357385, -3.39956709999996], [-44.4933713999999, -3.33464399999997], [-44.4978644999999, -3.32545239999996], [-44.4902554, -3.31347589999996], [-44.492043, -3.30385079999996], [-44.4785489, -3.31559419999996], [-44.4541882999999, -3.28437929999996], [-44.4684622999999, -3.26414509999995], [-44.4442222, -3.27159879999994], [-44.4221681999999, -3.24325249999993], [-44.4351837, -3.23571239999995], [-44.4431114, -3.21994519999993], [-44.4237621, -3.21121549999998], [-44.4223866, -3.20448249999993], [-44.4109227, -3.21320279999998], [-44.4006798999999, -3.20679349999995], [-44.3846995, -3.22285839999995], [-44.3703772, -3.22225979999996], [-44.3646692, -3.23878799999994], [-44.3552238, -3.23722779999997], [-44.3559468, -3.25071629999997], [-44.3369625999999, -3.25458829999997], [-44.3331823999999, -3.26440869999993], [-44.2963316, -3.26802649999996], [-44.2908308, -3.27276939999996], [-44.2930537, -3.28761799999995], [-44.2620487, -3.28958169999993], [-44.2427961999999, -3.30846999999994], [-44.2090868, -3.25324359999996], [-44.1699156999999, -3.26719569999995], [-44.1025452, -3.25347939999995], [-44.1028597, -3.24354899999997], [-44.1178235, -3.22909509999994], [-44.0647887, -3.18746739999995], [-44.0385595, -3.33555639999997], [-44.0573519, -3.36414369999994], [-44.0556430999999, -3.37527549999993], [-44.0651955, -3.39768059999994], [-44.0628323999999, -3.43802089999997], [-44.0688132, -3.45712479999997], [-44.0827867, -3.47232789999993]]]}}, {"type": "Feature", "properties": {"CD_MUN": "2105351", "NM_MUN": "Itaipava do Grajaú"}, "geometry": {"type": "Polygon", "coordinates": [[[-45.8098077, -5.31079969999996], [-45.740131, -5.40258489999997], [-45.7989797, -5.44870169999996], [-45.8420819, -5.40150439999996], [-45.8407996, -5.41201629999995], [-45.8858539999999, -5.44376469999997], [-46.00165, -5.36219599999993], [-45.9874874, -5.35572729999996], [-45.9864353999999, -5.33226799999994], [-45.9735712999999, -5.33808809999994], [-45.9325828, -5.31289599999997], [-45.9321416999999, -5.28781869999995], [-45.915924, -5.28198329999998], [-45.9055744, -5.25479819999993], [-45.8878543, -5.24910389999997], [-45.888429, -5.24097829999994], [-45.8736842, -5.23058329999998], [-45.8655093, -5.23417619999998], [-45.8554649, -5.20542829999994], [-45.8486283, -5.21138689999998], [-45.8309447999999, -5.19043669999996], [-45.8221773, -5.18941659999996], [-45.8132479, -5.16369359999993], [-45.7935191, -5.15327109999993], [-45.7970579999999, -5.12439019999994], [-45.7688368999999, -5.11297629999996], [-45.7545064, -5.09278639999997], [-45.7522438999999, -5.07577929999997], [-45.7381017, -5.07700569999997], [-45.7229182, -5.04492719999996], [-45.7149587, -5.04179089999997], [-45.715811, -5.04695159999994], [-45.7096614, -5.04699929999992], [-45.6581226, -5.02535019999993], [-45.647102, -5.00408169999997], [-45.6300401, -5.00223309999996], [-45.6199334999999, -4.98778019999997], [-45.2798475, -5.05527669999998], [-45.3118299, -5.07867799999997], [-45.3484599, -5.08018659999993], [-45.3455425999999, -5.09603859999993], [-45.3291584999999, -5.09546279999995], [-45.3299934, -5.12505269999997], [-45.3151348, -5.13433649999996], [-45.3140959999999, -5.16367119999995], [-45.3265585999999, -5.17689329999996], [-45.3278463999999, -5.19921819999996], [-45.334662, -5.20534819999995], [-45.3401656, -5.20699839999997], [-45.3326046, -5.19329849999997], [-45.3439417, -5.15716099999997], [-45.3732232999999, -5.13999879999994], [-45.4378747, -5.12207379999995], [-45.439838, -5.11156059999996], [-45.4527722999999, -5.10589349999998], [-45.4831055999999, -5.06950709999995], [-45.4862045, -5.05513789999998], [-45.5323041999999, -5.19122489999995], [-45.6184764, -5.15389459999994], [-45.6842698, -5.17958359999994], [-45.7430070999999, -5.28309369999994], [-45.7757948999999, -5.28278419999998], [-45.8098077, -5.31079969999996]]]}}, {"type": "Feature", "properties": {"CD_MUN": "2105203", "NM_MUN": "Igarapé Grande"}, "geometry": {"type": "Polygon", "coordinates": [[[-44.7553482, -4.71132929999993], [-44.9507573999999, -4.69297089999998], [-44.9286094, -4.66127869999997], [-44.908608, -4.65455349999996], [-44.9028754999999, -4.64528119999994], [-44.9035764, -4.62657279999996], [-44.8915408999999, -4.61966989999996], [-44.8988533, -4.59984879999996], [-44.8914604, -4.58319299999994], [-44.8723343, -4.57865729999997], [-44.8513512, -4.54775639999997], [-44.8475147, -4.51543029999993], [-44.8362587999999, -4.50119189999998], [-44.8460646999999, -4.48215399999998], [-44.8578537999999, -4.47714709999997], [-44.8480087, -4.47444119999994], [-44.8535285, -4.46560969999996], [-44.8486611, -4.45641259999996], [-44.7476526999999, -4.45468089999997], [-44.7476141999999, -4.56640559999994], [-44.8019937999999, -4.56914429999995], [-44.7949922999999, -4.59338509999998], [-44.7984284, -4.60803859999993], [-44.7553482, -4.71132929999993]]]}}, {"type": "Feature", "properties": {"CD_MUN": "2104552", "NM_MUN": "Governador Edison Lobão"}, "geometry": {"type": "Polygon", "coordinates": [[[-47.2921173, -5.76598049999996], [-47.3093153, -5.78313939999992], [-47.3176250999999, -5.77624099999997], [-47.3141189, -5.78367969999994], [-47.3276223999999, -5.78560259999995], [-47.316122, -5.80138529999994], [-47.3369566, -5.80657079999997], [-47.3423688999999, -5.81646149999995], [-47.3522614, -5.81583079999996], [-47.3567849999999, -5.82589999999993], [-47.3645698999999, -5.81892199999993], [-47.3634820999999, -5.82617599999998], [-47.3753675999999, -5.82908269999996], [-47.3837844999999, -5.80894869999997], [-47.3953681, -5.82673669999997], [-47.3990883, -5.81203639999995], [-47.4087001999999, -5.81485389999995], [-47.4114221999999, -5.82601599999998], [-47.4204046, -5.81866409999998], [-47.429455, -5.83300849999995], [-47.4422786, -5.83078589999997], [-47.4933745, -5.73053069999997], [-47.4930942, -5.71003839999997], [-47.4737044999999, -5.66197969999996], [-47.4796891, -5.62170929999996], [-47.4685678, -5.62124979999993], [-47.4522028, -5.63195379999996], [-47.4382004999999, -5.62878829999994], [-47.4345370999999, -5.64377679999996], [-47.4209509, -5.63748889999994], [-47.3816533999999, -5.64594199999993], [-47.370527, -5.63938329999996], [-47.3548294, -5.64860269999997], [-47.3533016, -5.64315639999995], [-47.3426104, -5.64674249999996], [-47.3252029999999, -5.63888669999994], [-47.30291801, -5.65903419499995], [-47.1165314199999, -5.65420677999998], [-47.08586073, -5.67105820999996], [-47.13456661, -5.72947248999998], [-47.16958199, -5.73856790999997], [-47.20078828, -5.77417176999995], [-47.221894, -5.77019209999997], [-47.2288339, -5.77580189999998], [-47.2350286, -5.77165849999994], [-47.2315958, -5.76747769999997], [-47.2493464999999, -5.76313169999997], [-47.2420905, -5.77020789999995], [-47.2507047, -5.77466809999993], [-47.2729057, -5.76905079999995], [-47.279256, -5.77332169999994], [-47.2805069999999, -5.76588139999996], [-47.2843930999999, -5.77169429999998], [-47.2921173, -5.76598049999996]]]}}, {"type": "Feature", "properties": {"CD_MUN": "2112803", "NM_MUN": "Viana"}, "geometry": {"type": "Polygon", "coordinates": [[[-44.8838511, -3.28350689999996], [-44.89638, -3.30161809999993], [-44.9229662, -3.30706799999996], [-44.9321545, -3.30097779999994], [-44.9281574, -3.29240399999998], [-44.9395162, -3.29405879999996], [-44.9419679, -3.28599139999994], [-44.9458263999999, -3.29261249999996], [-44.9387657999999, -3.31422429999998], [-44.9467966, -3.31564409999993], [-44.9371619, -3.33012159999993], [-44.9533802, -3.34047339999995], [-44.9702134999999, -3.33006869999997], [-44.99349, -3.33511719999996], [-45.0236791999999, -3.31146789999997], [-45.0162943, -3.29855419999996], [-45.0227409, -3.29116289999996], [-45.0193267, -3.27920329999995], [-45.0331272999999, -3.23936339999995], [-45.073026, -3.26443119999993], [-45.0793765, -3.24882769999994], [-45.0817433999999, -3.25386699999996], [-45.0915497999999, -3.25196489999996], [-45.0905238, -3.25756229999996], [-45.0941273, -3.25172869999994], [-45.0883171, -3.24784359999995], [-45.1342683999999, -3.20135889999995], [-45.1460015, -3.20689069999997], [-45.1388712999999, -3.19380879999994], [-45.1450128, -3.18077429999994], [-45.173847, -3.16841779999993], [-45.1947223999999, -3.16843739999996], [-45.267524, -3.13632109999998], [-45.3187617999999, -3.12638559999994], [-45.2786689, -3.07938809999996], [-45.2765684, -3.05855839999992], [-45.2307848, -3.01239609999993], [-45.2284162, -2.97207389999994], [-45.2176751, -2.95333749999998], [-45.1256945, -2.92049569999995], [-45.1198648, -2.93648299999995], [-45.0956634999999, -2.93148369999994], [-45.1457968999999, -3.01446359999994], [-45.1406976, -3.06757419999997], [-45.1197880999999, -3.06403589999996], [-45.104003, -3.08346609999995], [-45.0816735, -3.09034829999996], [-45.0614706, -3.14129039999995], [-45.0599344999999, -3.13417409999994], [-45.0550536, -3.14103529999994], [-45.0429401, -3.14134269999994], [-45.0383156, -3.13059339999995], [-45.0361569, -3.14480409999993], [-45.0138365, -3.14966349999997], [-45.0199196, -3.13752449999993], [-45.0177934, -3.12778509999993], [-45.0020335, -3.15439579999997], [-44.9982093, -3.13684089999992], [-44.9863377999999, -3.14037119999995], [-44.9925238, -3.15192879999995], [-44.9854855999999, -3.15729919999995], [-44.9816011, -3.15218949999996], [-44.9831517, -3.16146019999996], [-44.9681972, -3.18649249999993], [-44.9494294, -3.16517509999994], [-44.9245753, -3.16008049999994], [-44.8651859, -3.09067819999996], [-44.804408, -3.12306089999993], [-44.8419244, -3.07158959999992], [-44.8120046, -3.06476079999993], [-44.8073047999999, -3.07792859999995], [-44.7758344, -3.10039079999996], [-44.7685102999999, -3.09852919999997], [-44.7638415, -3.10723209999998], [-44.7492410999999, -3.10978369999998], [-44.7442023, -3.11971839999995], [-44.6919267, -3.13188939999998], [-44.6742525, -3.15212399999996], [-44.6998225999999, -3.18473169999993], [-44.7767186999999, -3.21314899999993], [-44.7799658, -3.22468059999994], [-44.7652385, -3.26476189999994], [-44.7498782, -3.28135929999996], [-44.7493775, -3.29939899999994], [-44.7680698, -3.30491779999994], [-44.7894568999999, -3.29643749999997], [-44.8017912999999, -3.27328859999994], [-44.8105467, -3.26935209999994], [-44.8286858, -3.28915149999995], [-44.8538222, -3.29545329999996], [-44.8392393999999, -3.27746009999993], [-44.8553274999999, -3.27644589999994], [-44.8603525999999, -3.26634619999993], [-44.8731918999999, -3.26199869999994], [-44.8693507, -3.28092169999996], [-44.8903799999999, -3.27693319999997], [-44.8838511, -3.28350689999996]]]}}, {"type": "Feature", "properties": {"CD_MUN": "2104628", "NM_MUN": "Governador Luiz Rocha"}, "geometry": {"type": "Polygon", "coordinates": [[[-44.1844517, -5.66615979999995], [-44.1771454999999, -5.64986679999993], [-44.1375919, -5.61540759999997], [-44.1228091, -5.58920779999994], [-44.1444291, -5.55211849999995], [-44.1445636999999, -5.51865959999998], [-44.1589188, -5.52156479999996], [-44.1972244999999, -5.55517939999993], [-44.2124448, -5.46639559999994], [-44.1859560999999, -5.46345409999998], [-44.1880164, -5.45249049999995], [-44.1807724, -5.44540459999996], [-44.1768099, -5.45307879999996], [-44.1637956, -5.44411929999995], [-44.1592555999999, -5.44909989999996], [-44.1665158, -5.45708309999998], [-44.1609225, -5.46106439999994], [-44.1325399, -5.45355949999993], [-44.1226553, -5.46127629999995], [-44.0975005, -5.45688919999998], [-44.0782301, -5.46783499999998], [-44.0678674, -5.45748109999994], [-44.0747191999999, -5.44004199999995], [-44.072032, -5.42850689999995], [-44.0659845, -5.43030799999997], [-44.057904, -5.41985789999995], [-44.0521443, -5.42369959999996], [-44.0406523, -5.41389579999998], [-44.0539474999999, -5.40547679999997], [-44.0501958, -5.38480439999995], [-44.0424212999999, -5.38832309999998], [-44.0293487, -5.37408179999994], [-44.0240183999999, -5.38921129999994], [-44.0283339, -5.41444989999997], [-44.0207101999999, -5.41652509999994], [-44.0213886, -5.42458259999995], [-44.0018477, -5.44832689999993], [-43.993759, -5.47662559999998], [-43.9795808, -5.49624929999993], [-43.9596172999999, -5.49793409999995], [-43.9420574, -5.53458219999993], [-43.9451094, -5.54508239999996], [-43.9716162999999, -5.54021799999992], [-43.9792737, -5.51676639999994], [-43.9988410999999, -5.50998789999994], [-44.0086835, -5.52309279999997], [-44.0214809, -5.52281019999998], [-44.0191464, -5.55356039999998], [-44.0429571999999, -5.60915079999995], [-44.0590347999999, -5.60837229999993], [-44.0771447, -5.62913009999994], [-44.1142265, -5.64231659999996], [-44.1440238, -5.67132919999995], [-44.152915, -5.69579359999994], [-44.1645109999999, -5.70763929999993], [-44.1844517, -5.66615979999995]]]}}, {"type": "Feature", "properties": {"CD_MUN": "2104602", "NM_MUN": "Governador Eugênio Barros"}, "geometry": {"type": "Polygon", "coordinates": [[[-44.1665816, -5.45596049999995], [-44.1596278, -5.45021949999995], [-44.1623046999999, -5.44486639999997], [-44.1768099, -5.45307879999996], [-44.1807724, -5.44540459999996], [-44.1880164, -5.45249049999995], [-44.1859560999999, -5.46345409999998], [-44.2069422, -5.46421619999995], [-44.3067920999999, -5.33126819999995], [-44.1308773, -5.22972949999996], [-44.0951269, -5.34944289999993], [-44.0513920999999, -5.33034069999997], [-44.0433135, -5.31668689999998], [-44.0122808, -5.31215159999994], [-43.9517903999999, -5.33186969999997], [-43.9090371, -5.31893259999993], [-43.872171, -5.32112099999995], [-43.8848771, -5.34199029999996], [-43.8765678, -5.37132849999995], [-43.8834621999999, -5.38696959999993], [-43.8597437, -5.43211599999995], [-43.8739348, -5.45449829999995], [-43.8692622999999, -5.47326879999997], [-44.0293487, -5.37408179999994], [-44.0424212999999, -5.38832309999998], [-44.0501958, -5.38480439999995], [-44.0539474999999, -5.40547679999997], [-44.0406523, -5.41389579999998], [-44.0521443, -5.42369959999996], [-44.057904, -5.41985789999995], [-44.0659845, -5.43030799999997], [-44.072032, -5.42850689999995], [-44.0747191999999, -5.44004199999995], [-44.0678674, -5.45748109999994], [-44.0768643, -5.46708679999995], [-44.0975005, -5.45688919999998], [-44.1226553, -5.46127629999995], [-44.1325399, -5.45355949999993], [-44.159307, -5.46118709999996], [-44.1665816, -5.45596049999995]]]}}, {"type": "Feature", "properties": {"CD_MUN": "2112605", "NM_MUN": "Urbano Santos"}, "geometry": {"type": "Polygon", "coordinates": [[[-43.3182017999999, -3.53784319999994], [-43.3132586999999, -3.55831479999995], [-43.3237053999999, -3.57582549999995], [-43.3343199999999, -3.56803749999995], [-43.3347090999999, -3.56042119999995], [-43.3606995, -3.55844589999998], [-43.370604, -3.54494809999994], [-43.3841906, -3.55180419999994], [-43.3934191, -3.54925919999994], [-43.4021336, -3.52168299999994], [-43.3897815, -3.51355259999997], [-43.3947244, -3.50114659999997], [-43.4068182999999, -3.49508599999996], [-43.4054452, -3.44182079999996], [-43.4480073999999, -3.43303859999997], [-43.4323439, -3.42137319999995], [-43.4381074999999, -3.40506289999996], [-43.4295997999999, -3.39835029999995], [-43.4323661999999, -3.38598909999996], [-43.4224209, -3.36579109999997], [-43.4337932999999, -3.34783589999995], [-43.4286284999999, -3.34336749999994], [-43.4366285, -3.33572029999993], [-43.4340839, -3.32842379999994], [-43.4464575, -3.31891779999995], [-43.4582298, -3.28499129999994], [-43.6044271, -3.23581179999996], [-43.5181059, -3.24080899999996], [-43.5123667, -3.22351109999994], [-43.4512465999999, -3.18427689999993], [-43.3447606, -3.10183329999995], [-43.2787347, -3.08126049999993], [-43.2692127, -3.06278829999997], [-43.3191095999999, -3.02193699999998], [-43.2978484999999, -3.02146729999993], [-43.2427527, -2.99204229999998], [-43.2217065, -3.02226359999997], [-43.1804789, -2.99501619999995], [-43.1762765999999, -3.00862849999993], [-43.1686263999999, -3.00368669999995], [-43.1642055999999, -3.02881759999997], [-43.1439602, -3.06166619999993], [-43.1406353, -3.07791619999995], [-43.1502664, -3.08700439999996], [-43.0428292999999, -3.13742389999993], [-43.0430886, -3.16301249999998], [-43.0305805, -3.17259819999992], [-43.0866235, -3.21789979999994], [-43.0868245999999, -3.24415669999996], [-43.1119452, -3.24438469999996], [-43.1308071999999, -3.27156029999998], [-43.1347163999999, -3.29262339999997], [-43.1265299999999, -3.33964209999993], [-43.1609989999999, -3.36434729999996], [-43.1630122999999, -3.43314369999996], [-43.1377277999999, -3.46570289999994], [-43.1510628999999, -3.46206719999998], [-43.1568591, -3.44708249999996], [-43.1793608999999, -3.44620659999993], [-43.2155574, -3.39449929999995], [-43.2351987, -3.38451249999997], [-43.3115096, -3.53716739999993], [-43.3182017999999, -3.53784319999994]]]}}, {"type": "Feature", "properties": {"CD_MUN": "2104404", "NM_MUN": "Gonçalves Dias"}, "geometry": {"type": "Polygon", "coordinates": [[[-44.0176809, -5.16634109999995], [-44.3067920999999, -5.33126819999995], [-44.3461909, -5.27768719999995], [-44.3582605, -5.27730569999994], [-44.3588981, -5.25302039999997], [-44.3697916, -5.22366649999998], [-44.3409467, -5.19596599999994], [-44.3621226, -5.17548079999995], [-44.3445783999999, -5.16248819999993], [-44.3488161999999, -5.13853439999997], [-44.3541205, -5.13565459999995], [-44.3642932, -5.14340069999997], [-44.3686221, -5.13750519999996], [-44.3524859999999, -5.11813529999995], [-44.3481459, -5.12275259999996], [-44.3273571999999, -5.11581229999996], [-44.2772974, -5.09200309999994], [-44.2095894999999, -5.09482119999996], [-44.0663567999999, -4.99390739999996], [-44.0475893, -4.99086799999998], [-44.0347482999999, -4.97771469999998], [-44.0208193999999, -4.98006289999995], [-44.0086211, -4.99763029999997], [-43.9870791, -5.01073229999997], [-43.9847635, -5.02838619999994], [-43.9748966, -5.04164849999995], [-43.9653843999999, -5.04205089999994], [-43.9599023, -5.05049999999994], [-44.0026319, -5.16427519999996], [-44.0176809, -5.16634109999995]]]}}, {"type": "Feature", "properties": {"CD_MUN": "2112704", "NM_MUN": "Vargem Grande"}, "geometry": {"type": "Polygon", "coordinates": [[[-43.7283881, -3.93492979999996], [-43.8950229, -3.96747919999996], [-43.9380702999999, -4.00046919999994], [-43.9942326999999, -3.83819159999996], [-44.0490945, -3.71042099999994], [-44.0292344, -3.67860799999994], [-44.0346249999999, -3.65630289999996], [-44.0412097999999, -3.65259859999998], [-44.0363493999999, -3.64769179999996], [-44.0510643, -3.58749819999997], [-44.0506743999999, -3.56137129999996], [-44.0666783, -3.55877919999995], [-44.0820146, -3.53296969999997], [-44.0890378999999, -3.53616149999993], [-44.0944812, -3.52601579999993], [-44.0815181, -3.47957649999995], [-44.0501191, -3.48193289999995], [-44.0169637, -3.50701149999998], [-43.9755201, -3.52010129999996], [-43.9750233, -3.50838319999997], [-43.9842856999999, -3.50122029999994], [-43.8013905999999, -3.47466729999996], [-43.7875910999999, -3.49098199999997], [-43.7884859, -3.50047349999994], [-43.7790547, -3.50924819999994], [-43.7742138999999, -3.52697539999997], [-43.7537022999999, -3.53698329999997], [-43.7518413999999, -3.54612059999994], [-43.7491639, -3.53822409999998], [-43.7408394999999, -3.53620479999995], [-43.7378411999999, -3.54533489999994], [-43.7097204999999, -3.55976259999994], [-43.7149044999999, -3.56809799999996], [-43.6999465, -3.57932019999993], [-43.6871606, -3.57565549999993], [-43.6589074999999, -3.58883519999995], [-43.6559584999999, -3.57750809999993], [-43.6509925, -3.57869719999997], [-43.6437112, -3.60494069999993], [-43.6328569, -3.61246189999997], [-43.6222642, -3.60357039999997], [-43.6160224, -3.61998409999995], [-43.6068319999999, -3.61902149999997], [-43.7283881, -3.93492979999996]]]}}, {"type": "Feature", "properties": {"CD_MUN": "2104503", "NM_MUN": "Governador Archer"}, "geometry": {"type": "Polygon", "coordinates": [[[-44.2772974, -5.09200309999994], [-44.3481459, -5.12275259999996], [-44.3524859999999, -5.11813529999995], [-44.312448, -5.02411839999996], [-44.3066125999999, -4.91187749999995], [-44.2689660999999, -4.91307759999995], [-44.2658838999999, -4.92575649999998], [-44.2590556, -4.92560529999997], [-44.2433963999999, -4.90656439999998], [-44.2172209999999, -4.90761149999997], [-44.2088168, -4.88362659999996], [-44.1941719, -4.87901519999997], [-44.1718754999999, -4.89269889999997], [-44.1663343, -4.90073119999994], [-44.1703618999999, -4.91222049999993], [-44.1477829999999, -4.90566069999994], [-44.1377049, -4.91203519999993], [-44.1205095, -4.90225259999994], [-44.1130967, -4.91056679999997], [-44.1192651, -4.91954699999997], [-44.1143425, -4.92155139999994], [-44.1199442999999, -4.92636719999996], [-44.1180998, -4.93612779999995], [-44.1267238999999, -4.93456189999995], [-44.1419634, -4.95159079999996], [-44.1436274, -4.96343909999996], [-44.1130181, -4.96992929999993], [-44.1084913999999, -4.98808169999995], [-44.0775126999999, -4.98538409999998], [-44.0663567999999, -4.99390739999996], [-44.2095894999999, -5.09482119999996], [-44.2772974, -5.09200309999994]]]}}, {"type": "Feature", "properties": {"CD_MUN": "2113009", "NM_MUN": "Vitorino Freire"}, "geometry": {"type": "Polygon", "coordinates": [[[-45.1274784, -4.41328319999997], [-45.2409466999999, -4.39371059999996], [-45.2949103, -4.42426959999995], [-45.3351054, -4.42393209999994], [-45.4220051999999, -4.44082669999995], [-45.4228247999999, -4.41709829999996], [-45.4695657999999, -4.42798959999993], [-45.5117357999999, -4.39600539999998], [-45.5023853, -4.38254099999995], [-45.4951315, -4.38332789999993], [-45.4798347999999, -4.36952449999995], [-45.4696782999999, -4.34680999999995], [-45.4540327999999, -4.34685549999995], [-45.4378799, -4.33079079999993], [-45.4332654, -4.33642639999994], [-45.418711, -4.32695909999995], [-45.4476912, -4.30754149999996], [-45.4482040999999, -4.29154809999994], [-45.4189013, -4.25436439999993], [-45.4079854, -4.20676409999993], [-45.4011249, -4.19983799999994], [-45.4021931999999, -4.18593349999998], [-45.3876658999999, -4.17149669999998], [-45.3642993999999, -4.16890709999996], [-45.3560977, -4.13146139999998], [-45.3746849999999, -4.11739609999995], [-45.3846669, -4.12092359999997], [-45.4049100999999, -4.11572289999998], [-45.4082180999999, -4.12631819999996], [-45.4198489999999, -4.12804179999995], [-45.4316585, -4.14148339999997], [-45.4455978, -4.13823759999997], [-45.448189, -4.12204539999993], [-45.4403751, -4.10105419999996], [-45.4263251, -4.08842259999994], [-45.4217439, -4.06629549999997], [-45.4147877999999, -4.06719879999997], [-45.4034961, -4.05635159999997], [-45.3985612, -4.01040409999996], [-45.3784454999999, -3.99090009999998], [-45.3576573999999, -3.98492689999995], [-45.3727205, -3.90775139999994], [-45.3423106, -3.87009779999994], [-45.3359715, -3.87372719999996], [-45.3362304, -3.90317459999994], [-45.3187055, -3.90322329999998], [-45.312317, -3.90981339999996], [-45.3249764999999, -3.92949379999993], [-45.3175532, -3.93759379999995], [-45.3162359, -3.95470729999994], [-45.3227853999999, -3.96550369999994], [-45.3080699999999, -3.98079829999995], [-45.3107171, -4.00710109999994], [-45.2941991, -4.02388979999995], [-45.3173470999999, -4.05930099999995], [-45.3188552999999, -4.07060769999993], [-45.309989, -4.07482339999996], [-45.3135243, -4.09433079999997], [-45.2699302999999, -4.12093469999996], [-45.2545756, -4.14831749999996], [-45.2395994999999, -4.14863239999994], [-45.215676, -4.16425599999997], [-45.210435, -4.18430959999995], [-45.1975514, -4.18911729999996], [-45.2039953999999, -4.19743199999994], [-45.1067242999999, -4.32883649999997], [-45.1269978, -4.36645609999994], [-45.1218718, -4.37802869999996], [-45.1330687, -4.39506199999994], [-45.1274784, -4.41328319999997]]]}}, {"type": "Feature", "properties": {"CD_MUN": "2104800", "NM_MUN": "Grajaú"}, "geometry": {"type": "Polygon", "coordinates": [[[-45.4311412, -5.94661779999996], [-45.4564994, -5.96139849999997], [-45.4647244, -5.95746889999998], [-45.4944742, -5.99026849999996], [-45.5246033999999, -6.00120879999997], [-45.5255822999999, -6.02186489999997], [-45.5566204, -6.05882089999994], [-45.5639937999999, -6.07978959999997], [-45.6134039999999, -6.10631559999996], [-45.6094123999999, -6.11016349999994], [-45.6153394999999, -6.12024409999998], [-45.6246098, -6.12071389999994], [-45.6603681999999, -6.15149499999995], [-45.6623848, -6.16646189999994], [-45.6947693, -6.18043149999994], [-45.7057349, -6.19298569999995], [-45.7416444999999, -6.20230479999998], [-45.7464644, -6.21855489999996], [-45.7626336, -6.23780679999993], [-45.7819982, -6.23231939999994], [-45.7949948, -6.23728599999993], [-45.7898331, -6.24400389999994], [-45.8006346, -6.26026719999993], [-45.8146593, -6.27381459999998], [-45.8314154, -6.27955109999994], [-45.8417482999999, -6.32365959999993], [-45.8756093, -6.34540689999994], [-45.8863507999999, -6.34373429999994], [-45.9030504999999, -6.29524129999993], [-45.9147211, -6.28464739999993], [-45.9708090999999, -6.25896489999997], [-46.0006936999999, -6.25622789999994], [-46.0229155, -6.26392719999996], [-46.0584689, -6.24568339999996], [-46.4509628, -6.26744259999998], [-46.45803, -6.27134149999995], [-46.4563310999999, -6.28319219999997], [-46.4648523, -6.28162019999996], [-46.4695525, -5.75110169999994], [-46.4623854, -5.74965229999998], [-46.4574229, -5.73867639999997], [-46.4503601, -5.74157059999993], [-46.4376948999999, -5.72433289999998], [-46.4061935999999, -5.72421529999997], [-46.3818868, -5.69789649999996], [-46.3750312999999, -5.67713359999993], [-46.3646128999999, -5.67304679999995], [-46.3490315, -5.67837169999996], [-46.3433639, -5.66801579999998], [-46.3322219, -5.66630379999998], [-46.3297554, -5.33297749999997], [-46.3130783999999, -5.34590489999994], [-46.307868, -5.36150449999997], [-46.2365075, -5.34626599999996], [-46.2053043, -5.32576589999996], [-46.1953535, -5.27917349999996], [-46.1871538999999, -5.27075689999998], [-46.1696825999999, -5.27942449999995], [-46.1460622, -5.27783249999993], [-46.1418985, -5.28437889999998], [-46.1130429, -5.27756319999997], [-46.0974500999999, -5.29225249999996], [-46.0645549, -5.29377199999993], [-46.0464124, -5.30326319999995], [-46.0209869, -5.29565469999994], [-46.0106258, -5.30478629999993], [-45.9970135, -5.30533049999997], [-45.9993501, -5.29288789999993], [-45.9856399, -5.28938139999997], [-45.9481767, -5.31161969999994], [-45.9388049, -5.30389239999994], [-45.9319627, -5.31112299999995], [-45.9735712999999, -5.33808809999994], [-45.9864353999999, -5.33226799999994], [-45.9874874, -5.35572729999996], [-46.00165, -5.36219599999993], [-45.8858539999999, -5.44376469999997], [-45.8407996, -5.41201629999995], [-45.8420819, -5.40150439999996], [-45.7989797, -5.44870169999996], [-45.740131, -5.40258489999997], [-45.7105969, -5.59002479999998], [-45.6080408999999, -5.77624639999993], [-45.5980949, -5.77072599999997], [-45.5934602, -5.74595999999997], [-45.5871023999999, -5.74568219999998], [-45.5760167999999, -5.72919689999998], [-45.3758440999999, -5.93259189999998], [-45.4038882, -5.94153319999998], [-45.4115108999999, -5.93491749999993], [-45.4191372, -5.94723759999994], [-45.4311412, -5.94661779999996]]]}}, {"type": "Feature", "properties": {"CD_MUN": "2112902", "NM_MUN": "Vitória do Mearim"}, "geometry": {"type": "Polygon", "coordinates": [[[-44.9232804, -3.71335829999992], [-44.955856, -3.69310749999994], [-44.9649942999999, -3.70292609999996], [-44.9981002, -3.71268449999997], [-45.0032626, -3.70375629999995], [-45.0117443999999, -3.71499379999995], [-45.0303607, -3.71245389999996], [-45.0417348, -3.72344549999997], [-45.0478494, -3.71722169999993], [-44.9972729, -3.58714589999994], [-45.0313578999999, -3.57104549999997], [-45.0155240999999, -3.53570849999994], [-45.0494676, -3.51193589999997], [-45.0413988999999, -3.50066549999997], [-45.0443567999999, -3.48989369999993], [-45.0328957999999, -3.48114349999997], [-45.0302247, -3.45906919999993], [-45.0124645, -3.45811109999994], [-45.011412, -3.42988379999997], [-44.9735985999999, -3.42842669999993], [-44.9512306999999, -3.45561199999997], [-44.9294300999999, -3.46221429999997], [-44.9261911, -3.44009609999995], [-44.9002164999999, -3.42478629999994], [-44.8990772999999, -3.40076429999993], [-44.8778543, -3.38333739999996], [-44.8937286, -3.37445809999997], [-44.8921774, -3.35192169999993], [-44.8820782999999, -3.35506569999995], [-44.863712, -3.34636059999997], [-44.8193489, -3.47354909999996], [-44.8300379999999, -3.46588639999993], [-44.8315231, -3.48261949999994], [-44.8446567, -3.48477309999993], [-44.8534864, -3.49569069999995], [-44.8476494999999, -3.52460359999998], [-44.8359890999999, -3.52607929999994], [-44.8389073, -3.53952859999993], [-44.8279070999999, -3.53149269999994], [-44.8230966, -3.53727539999994], [-44.8389069, -3.57312259999998], [-44.8537418, -3.56929629999996], [-44.8409414, -3.58755299999996], [-44.8294632, -3.58405759999994], [-44.8174931, -3.59552919999993], [-44.8081855, -3.59467029999996], [-44.8031311, -3.61043309999997], [-44.8151569999999, -3.62620569999996], [-44.8139047999999, -3.63954159999997], [-44.7943165, -3.65451459999997], [-44.7935722999999, -3.66123009999995], [-44.7976863, -3.67178059999998], [-44.8101882, -3.66575619999998], [-44.8068496, -3.68135709999996], [-44.8135766, -3.67239879999994], [-44.8207288, -3.67864149999997], [-44.8460893, -3.66820179999996], [-44.8471994999999, -3.68728009999995], [-44.865823, -3.69388409999993], [-44.8589077, -3.71546839999996], [-44.8673287999999, -3.71889659999994], [-44.8789282, -3.74675109999993], [-44.8858056, -3.73988549999996], [-44.8972330999999, -3.73989519999998], [-44.9010658999999, -3.74692659999994], [-44.9273676999999, -3.75236809999996], [-44.9308912, -3.74605269999995], [-44.9174166, -3.73907519999995], [-44.9232804, -3.71335829999992]]]}}, {"type": "Feature", "properties": {"CD_MUN": "2104701", "NM_MUN": "Graça Aranha"}, "geometry": {"type": "Polygon", "coordinates": [[[-44.3453787, -5.31186679999996], [-44.3582605, -5.27730569999994], [-44.3461909, -5.27768719999995], [-44.2069422, -5.46421619999995], [-44.2224613, -5.46270049999993], [-44.2247341999999, -5.47055509999996], [-44.2364252, -5.47404399999994], [-44.249317, -5.50084519999996], [-44.2947905999999, -5.50456429999997], [-44.3065389, -5.49033169999996], [-44.3082365, -5.47642989999997], [-44.3326544999999, -5.46165749999994], [-44.3427607, -5.47459859999998], [-44.3549432999999, -5.45843109999993], [-44.3784714999999, -5.47014029999997], [-44.389664, -5.46462249999996], [-44.4274829, -5.47073889999996], [-44.4243331, -5.45497359999996], [-44.428954, -5.44897789999993], [-44.4008216, -5.44578199999995], [-44.4072118999999, -5.41808619999995], [-44.4008203, -5.41137719999995], [-44.3986004, -5.38750899999997], [-44.3695824, -5.37618649999996], [-44.3714176, -5.36720579999997], [-44.3835038, -5.36629369999997], [-44.3626838, -5.35453909999995], [-44.3558226, -5.33664399999998], [-44.3582501, -5.32568299999997], [-44.3453787, -5.31186679999996]]]}}, {"type": "Feature", "properties": {"CD_MUN": "2112852", "NM_MUN": "Vila Nova dos Martírios"}, "geometry": {"type": "Polygon", "coordinates": [[[-47.9147364, -5.20204089999993], [-47.91121, -5.21459279999993], [-47.9373486, -5.23957519999993], [-48.0040589, -5.23462019999994], [-48.0189578, -5.23982579999995], [-48.0492647, -5.26610129999995], [-48.079265, -5.27506449999993], [-48.1122927, -5.26562579999995], [-48.1785442, -5.26077609999993], [-48.2249519, -5.23552879999994], [-48.2142251999999, -5.23115599999994], [-48.2158423, -5.20142549999997], [-48.2213877, -5.19461869999998], [-48.2005683, -5.16087089999996], [-48.2047875, -5.13526809999996], [-48.1937402, -5.12743979999993], [-48.2052480999999, -5.12212489999996], [-48.2027064, -5.11597039999998], [-48.215953, -5.08822999999995], [-48.2118757, -5.08272699999998], [-48.2244853999999, -5.06672189999995], [-48.2114657, -5.03948459999998], [-48.1933739999999, -5.02136969999998], [-48.1951637, -4.99417229999995], [-48.1873568, -4.98194519999993], [-48.2123779, -4.92493319999994], [-48.0583627999999, -4.80415969999996], [-48.0325652, -4.83169329999993], [-48.013702, -4.86400789999993], [-48.0119258999999, -4.88025629999993], [-48.0181037999999, -4.89452059999996], [-48.0125439, -4.89849699999996], [-48.0176036999999, -4.91204559999994], [-48.0141361999999, -4.92564909999993], [-48.0192139, -4.93677939999998], [-48.0118929, -4.95947369999993], [-47.9916464, -4.98216739999998], [-47.9915172999999, -4.99778919999994], [-47.979901, -5.00953219999997], [-47.9842164, -5.04735659999994], [-47.9458208, -5.08886329999996], [-47.9111688, -5.15172839999997], [-47.8872368, -5.17483999999996], [-47.8937438, -5.17540429999997], [-47.8987992, -5.19439289999997], [-47.9147364, -5.20204089999993]]]}}, {"type": "Feature", "properties": {"CD_MUN": "2104677", "NM_MUN": "Governador Nunes Freire"}, "geometry": {"type": "Polygon", "coordinates": [[[-45.6574613999999, -2.14569669999997], [-45.64159, -2.17717519999997], [-45.6333759, -2.17845799999998], [-45.6385225, -2.19725449999993], [-45.7096485, -2.24375349999997], [-45.7411751, -2.19111899999996], [-45.8004411049999, -2.15328779999993], [-45.86378259, -2.18176849999998], [-45.9467084, -2.20458799999994], [-45.9354175999999, -2.25129589999995], [-45.999693, -2.27175919999996], [-45.9945006, -2.25573139999995], [-45.9967794, -2.22544819999996], [-46.0052736, -2.21264529999996], [-45.9924108, -2.17260599999997], [-46.0020754999999, -2.16899359999996], [-45.9981440999999, -2.15743359999993], [-45.9848622, -2.15106729999997], [-45.9793528, -2.13315519999998], [-45.9839143, -2.11768209999997], [-45.9699712, -2.08791899999994], [-45.9606833, -2.08479569999997], [-45.9437788, -2.05760819999995], [-45.9258338999999, -2.04300379999995], [-45.9232034, -2.02601869999995], [-45.9174641, -2.02778639999997], [-45.9105575999999, -2.01415629999997], [-45.9246489, -1.99089009999994], [-45.910362, -1.97622719999993], [-45.9146201999999, -1.96728659999997], [-45.9072409999999, -1.95903399999997], [-45.907478, -1.93400799999995], [-45.8960733, -1.93611619999996], [-45.8976678, -1.92140299999994], [-45.8905827999999, -1.91637699999995], [-45.8941879, -1.89596099999994], [-45.8803844999999, -1.86901159999996], [-45.8724470999999, -1.80082659999994], [-45.8674923999999, -1.81220619999993], [-45.8607160999999, -1.81053069999996], [-45.8167622999999, -1.83596119999993], [-45.7863955999999, -1.90714089999994], [-45.7177619, -1.94064869999994], [-45.6908948999999, -1.97062589999996], [-45.6824642999999, -2.04225499999995], [-45.674746, -2.05808979999995], [-45.6872205, -2.08675829999993], [-45.6827863, -2.09683589999997], [-45.6624012999999, -2.11121929999996], [-45.6645363, -2.12985679999997], [-45.6522045999999, -2.13348269999994], [-45.6574613999999, -2.14569669999997]]]}}, {"type": "Feature", "properties": {"CD_MUN": "2104651", "NM_MUN": "Governador Newton Bello"}, "geometry": {"type": "Polygon", "coordinates": [[[-45.5416882, -3.48797499999995], [-46.2734897999999, -3.48579359999997], [-46.2624388999999, -3.46730469999994], [-46.2919458, -3.43500999999998], [-46.273805, -3.42413189999996], [-46.2794888999999, -3.40821749999998], [-46.2801246999999, -3.34099699999996], [-46.2642324999999, -3.31947819999993], [-46.2554938, -3.31689339999997], [-46.1970082999999, -3.36294799999996], [-46.0606455, -3.36310709999998], [-46.020769, -3.37801559999997], [-45.9959686, -3.36763649999995], [-45.9759104999999, -3.37340569999998], [-45.9409085999999, -3.36579499999993], [-45.9093930999999, -3.37866309999993], [-45.8785424, -3.31596489999993], [-45.7986686, -3.33553089999998], [-45.6602138, -3.33866729999994], [-45.660875, -3.34569399999998], [-45.6322785999999, -3.36891999999995], [-45.5700492, -3.45375369999994], [-45.5452769, -3.47028669999997], [-45.5416882, -3.48797499999995]]]}}, {"type": "Feature", "properties": {"CD_MUN": "2112233", "NM_MUN": "Trizidela do Vale"}, "geometry": {"type": "Polygon", "coordinates": [[[-44.6581156999999, -4.60648639999994], [-44.6596322, -4.63301789999997], [-44.6490201999999, -4.64033549999994], [-44.7252665, -4.65074489999995], [-44.747601, -4.60389879999997], [-44.7476526999999, -4.45468089999997], [-44.6001909999999, -4.45213059999998], [-44.6074819999999, -4.46033599999993], [-44.5982437, -4.47086439999993], [-44.5969792, -4.48572119999994], [-44.600591, -4.49816059999995], [-44.6075577, -4.49965449999996], [-44.6054252, -4.51434239999998], [-44.6132691, -4.51706139999993], [-44.6064724999999, -4.53487059999998], [-44.6129058, -4.53236179999993], [-44.6112577, -4.53992439999996], [-44.6178179, -4.54518849999994], [-44.6069289, -4.55519059999995], [-44.6059501999999, -4.57176879999997], [-44.6287991, -4.58595469999995], [-44.6397282999999, -4.57612819999997], [-44.6358255, -4.59090079999993], [-44.6581156999999, -4.60648639999994]]]}}, {"type": "Feature", "properties": {"CD_MUN": "2104057", "NM_MUN": "Estreito"}, "geometry": {"type": "Polygon", "coordinates": [[[-46.9102028999999, -6.95225969999996], [-46.9247268, -7.00108849999998], [-46.9389237, -7.01735689999992], [-46.9533972, -7.02198149999998], [-46.9525983, -7.03080889999995], [-46.9614581, -7.03004109999995], [-46.9800513, -7.01105189999993], [-46.9859015, -7.02335329999994], [-46.9934699999999, -7.02437219999996], [-46.997561, -7.01490779999995], [-47.0161715, -7.02233429999995], [-47.0362403, -7.01713299999994], [-47.058343, -7.02733529999995], [-47.0800517, -7.01548199999996], [-47.0942841999999, -7.02048239999993], [-47.107626, -7.00754359999996], [-47.1256769, -7.00839959999996], [-47.1353799, -6.99371559999997], [-47.1523151, -7.00474649999995], [-47.1666367, -6.99249599999996], [-47.1828702999999, -6.98940449999998], [-47.1880470999999, -6.98013739999993], [-47.2197952, -6.99096439999994], [-47.23749, -6.98246969999997], [-47.2475350999999, -6.98749159999994], [-47.2743943999999, -6.98490579999998], [-47.3119116, -6.95031899999998], [-47.3241447, -6.95242319999994], [-47.3639509, -6.93123529999997], [-47.3886639, -6.92978549999998], [-47.3985827, -6.90703259999998], [-47.4548346, -6.87566349999997], [-47.4776955, -6.85063859999997], [-47.4885037999999, -6.85179849999997], [-47.4847867999999, -6.84344189999996], [-47.4921416999999, -6.84747519999996], [-47.4939869999999, -6.83901319999995], [-47.5112010999999, -6.84515539999995], [-47.5144842, -6.83887779999998], [-47.5256942, -6.83932879999998], [-47.5296458999999, -6.83138909999997], [-47.5206464999999, -6.80049479999997], [-47.4941186999999, -6.75483319999995], [-47.4932881, -6.68974299999996], [-47.4986441, -6.67123159999994], [-47.4632316999999, -6.60707579999996], [-47.4651301, -6.57728579999997], [-47.4564976999999, -6.53827449999994], [-47.4342053999999, -6.50437959999994], [-47.425663, -6.49736029999997], [-47.4242161999999, -6.50457489999997], [-47.4082048, -6.49657179999997], [-47.3840084999999, -6.51831649999997], [-47.3405756, -6.51280719999994], [-47.3412008, -6.52161119999994], [-47.3233264, -6.53038199999997], [-47.316469, -6.54229239999995], [-47.2997063, -6.53434979999997], [-47.2836521999999, -6.54469369999993], [-47.2706823, -6.56342019999994], [-47.2443299999999, -6.56238649999995], [-47.2340124999999, -6.57904269999995], [-47.2282673, -6.57142459999994], [-47.2188343, -6.57841399999995], [-47.2116806999999, -6.57277149999993], [-47.2056080999999, -6.59517689999996], [-47.1968836999999, -6.59294469999998], [-47.1947380999999, -6.60157269999996], [-47.1704665, -6.61222029999993], [-47.1693969, -6.63314029999998], [-47.1472838999999, -6.65207759999993], [-47.1235649, -6.66223419999994], [-47.0863747, -6.65652609999995], [-47.0824198999999, -6.66390609999996], [-47.0479501, -6.67225589999993], [-47.0076918999999, -6.65784489999993], [-46.9953318999999, -6.66175989999994], [-46.9865275999999, -6.65513649999997], [-46.9660668999999, -6.66428339999993], [-46.9611030999999, -6.68054089999993], [-46.9350532, -6.68407959999996], [-46.9125198, -6.67789669999996], [-46.8996232, -6.68332319999996], [-46.8765969, -6.67708759999994], [-46.8584997, -6.70305869999993], [-46.8381411999999, -6.70432409999995], [-46.840505, -6.72248469999994], [-46.8192875999999, -6.72108429999997], [-46.8128988, -6.74259909999995], [-46.8546699999999, -6.74555259999994], [-46.866643, -6.75667159999995], [-46.8662310999999, -6.76620619999994], [-46.8786327, -6.76956179999996], [-46.8926216999999, -6.80730319999998], [-46.9078142, -6.80565059999998], [-46.9208331, -6.82482549999997], [-46.9306152, -6.90660199999996], [-46.9289530999999, -6.91791369999993], [-46.9203168, -6.92421439999993], [-46.9291109, -6.93699179999993], [-46.9102028999999, -6.95225969999996]]]}}, {"type": "Feature", "properties": {"CD_MUN": "2112209", "NM_MUN": "Timon"}, "geometry": {"type": "Polygon", "coordinates": [[[-42.8645688, -5.36873389999994], [-42.8810144999999, -5.39005409999993], [-42.9095318, -5.39448609999994], [-42.9306814, -5.43917409999995], [-42.9575020999999, -5.44459889999996], [-42.9683554, -5.45352379999997], [-43.0595304999999, -5.38476259999993], [-43.0980494, -5.38488419999993], [-43.1316808, -5.36691339999993], [-43.1514017, -5.35441459999993], [-43.1671868, -5.33281659999994], [-43.1894133, -5.28694379999996], [-43.1639941999999, -5.25025719999996], [-43.162183, -5.19159619999994], [-43.1825009999999, -5.16860919999993], [-43.204018, -5.16626929999995], [-43.2059146999999, -5.15808689999994], [-43.2059565, -5.14316029999998], [-43.1323644999999, -5.10721819999998], [-43.1324238999999, -5.08667319999995], [-43.1110694, -5.07150619999993], [-43.0952012, -5.06824039999998], [-43.0632912999999, -5.08105929999994], [-43.0433414, -5.07557969999993], [-43.0390707, -4.92738409999993], [-42.8898412999999, -4.89471199999997], [-42.8671749, -4.92861749999997], [-42.8539165, -4.93725979999994], [-42.8632006, -4.96812369999998], [-42.8446322999999, -5.02420089999993], [-42.8395505, -5.06411399999996], [-42.8182454999999, -5.09755149999995], [-42.7989936, -5.18967809999998], [-42.8043686, -5.20656409999998], [-42.8294845999999, -5.23926419999998], [-42.8116492999999, -5.28967349999994], [-42.8237187, -5.34328969999996], [-42.8352015999999, -5.35540379999998], [-42.8645688, -5.36873389999994]]]}}, {"type": "Feature", "properties": {"CD_MUN": "2104008", "NM_MUN": "Esperantinópolis"}, "geometry": {"type": "Polygon", "coordinates": [[[-45.0138112, -4.96221539999993], [-45.0285221, -4.96105399999993], [-45.0361229, -4.95110179999995], [-45.0340874999999, -4.93575359999994], [-45.0422642999999, -4.91684319999996], [-45.0312749, -4.89596749999993], [-45.0370657999999, -4.87594129999997], [-44.9853782, -4.82461969999997], [-44.82078229, -4.84011878999996], [-44.79240649, -4.86153997999998], [-44.7806723099999, -4.86153619999993], [-44.7775003199999, -4.87189719999998], [-44.76222369, -4.87849620999998], [-44.74838619, -4.87068908999993], [-44.7483915, -4.85641649999997], [-44.7238699, -4.84745299999997], [-44.643543703, -4.85502499699993], [-44.6633808, -4.87971329999993], [-44.6767475999999, -4.87568019999998], [-44.6823707999999, -4.88676209999994], [-44.6962566999999, -4.88804269999997], [-44.7012773, -4.90534809999997], [-44.7188177899999, -4.90316608999996], [-44.73171938, -4.91277167999993], [-44.7435504699999, -4.91106499999995], [-44.74208399, -4.91698248999995], [-44.76112929, -4.91887701999997], [-44.76449188, -4.91293529999996], [-44.77559079, -4.91752029999998], [-44.7812451999999, -4.92910131999997], [-44.80150822, -4.92220307999997], [-44.81000792, -4.93130928999994], [-44.8155657899999, -4.92732998999998], [-44.8507092999999, -4.93982419999998], [-44.8643398999999, -4.93699569999995], [-44.881514, -4.95224649999994], [-44.8843553999999, -4.94909099999995], [-44.8889513999999, -4.96094229999994], [-44.9101228, -4.98009789999998], [-44.928666, -4.99012629999993], [-44.9325626, -5.01401079999994], [-45.0138112, -4.96221539999993]]]}}, {"type": "Feature", "properties": {"CD_MUN": "2112308", "NM_MUN": "Tuntum"}, "geometry": {"type": "Polygon", "coordinates": [[[-44.7195497, -6.06843119999996], [-44.7523201, -6.09332139999998], [-44.7655415999999, -6.08858519999995], [-44.7713179, -6.10487589999997], [-44.7997424, -6.11772539999993], [-44.8465447, -5.98333629999996], [-44.8416784, -5.95366089999993], [-44.8343762, -5.94398669999993], [-44.8463257999999, -5.90813629999997], [-44.8745476, -5.88092499999993], [-44.8968507, -5.84148409999995], [-44.9097358999999, -5.83321179999996], [-44.9137976, -5.80551399999996], [-44.9241567, -5.79467279999994], [-44.9202928999999, -5.68835649999994], [-44.9385116999999, -5.65447939999996], [-44.9682329, -5.62625839999993], [-44.9568454, -5.56965189999994], [-44.9586004, -5.54092409999993], [-44.9653701999999, -5.52881899999994], [-44.9608964, -5.51585859999994], [-44.9670118999999, -5.50219059999995], [-44.9528764, -5.49399029999995], [-44.9362285999999, -5.46081609999993], [-44.9405158, -5.45088529999992], [-44.9335680999999, -5.44465079999998], [-44.9401721999999, -5.44280429999998], [-44.9280507, -5.41919869999998], [-44.9283784, -5.40699759999995], [-44.9205691999999, -5.40776649999998], [-44.926053, -5.38760469999994], [-44.9184041999999, -5.37162979999994], [-44.893315, -5.37085259999998], [-44.8950005999999, -5.35521629999994], [-44.8699766999999, -5.34371439999995], [-44.8635199999999, -5.33209189999997], [-44.8672033, -5.32159789999997], [-44.8525069999999, -5.31632899999994], [-44.8455291999999, -5.30101339999993], [-44.8373774, -5.30040759999997], [-44.8311060999999, -5.27631429999997], [-44.8174372, -5.26592029999995], [-44.819786, -5.25686249999995], [-44.8156741, -5.25403999999997], [-44.8003399, -5.26578549999994], [-44.8062103, -5.25915719999995], [-44.8061532, -5.24079359999996], [-44.8155877, -5.23897389999996], [-44.8105343999999, -5.23084739999996], [-44.8197463, -5.22568099999995], [-44.8137586, -5.22034939999998], [-44.8070508, -5.22486089999995], [-44.8095658, -5.21983259999996], [-44.7974086999999, -5.21535399999993], [-44.7992214999999, -5.21003709999997], [-44.7913460999999, -5.20880369999998], [-44.7904149, -5.21612699999997], [-44.7719772999999, -5.21146909999993], [-44.7763944, -5.20100649999995], [-44.7686404, -5.20367919999995], [-44.7667223999999, -5.18426479999994], [-44.758273, -5.17820229999995], [-44.765316, -5.17027279999996], [-44.7406963, -5.15725209999994], [-44.7313756999999, -5.14241919999995], [-44.7174401999999, -5.14897239999993], [-44.7052907999999, -5.12749579999996], [-44.6968596, -5.12522169999994], [-44.6966196, -5.10913639999995], [-44.6835169999999, -5.10552029999997], [-44.6747996999999, -5.08950739999995], [-44.6604881, -5.09425009999995], [-44.6553570999999, -5.08928279999998], [-44.6597978999999, -5.08595469999995], [-44.6538252999999, -5.08502669999996], [-44.6426752, -5.09698289999994], [-44.6343545, -5.09680709999998], [-44.6343936, -5.11213789999994], [-44.6234818999999, -5.11873919999994], [-44.6276953999999, -5.12596569999994], [-44.6091555, -5.13777989999994], [-44.5970617999999, -5.13512059999994], [-44.5985742999999, -5.14373019999994], [-44.5792337, -5.14794499999994], [-44.5715946999999, -5.16277729999996], [-44.5632454, -5.16271119999993], [-44.5567963999999, -5.17371139999995], [-44.5551538, -5.16845489999997], [-44.5444831, -5.16998269999993], [-44.5375862999999, -5.18210589999995], [-44.5390369, -5.22018359999993], [-44.5537494, -5.24601799999994], [-44.569532, -5.25144199999994], [-44.5665849, -5.27781899999997], [-44.5853805, -5.29448599999995], [-44.5546565, -5.30242279999993], [-44.5534896, -5.32199289999994], [-44.5391501, -5.33090279999993], [-44.5449848, -5.34278889999996], [-44.5606837999999, -5.34632169999998], [-44.5644348, -5.35536259999998], [-44.5578806, -5.37238809999997], [-44.5608759, -5.38223139999997], [-44.5489335999999, -5.39694109999994], [-44.5591482999999, -5.39696919999994], [-44.5913386999999, -5.37423099999995], [-44.5986829999999, -5.38472139999993], [-44.6185839, -5.38864659999996], [-44.6348565, -5.40088269999995], [-44.649211, -5.39723349999997], [-44.6657319999999, -5.40939399999996], [-44.7451219, -5.49968229999996], [-44.7508238, -5.52433969999993], [-44.7433475, -5.53523179999996], [-44.7437596999999, -5.54938779999998], [-44.7509405, -5.56164069999994], [-44.7451353, -5.56314359999993], [-44.7588271, -5.59411659999995], [-44.7209728999999, -5.60866019999997], [-44.7267934, -5.64455379999993], [-44.6662421, -5.66107429999994], [-44.5913437999999, -5.59378429999992], [-44.5749551, -5.59850279999995], [-44.4725089, -5.57639289999997], [-44.4614564, -5.60863269999993], [-44.4473470999999, -5.61405139999994], [-44.4504295, -5.67611569999997], [-44.4647325999999, -5.73554549999994], [-44.5202738999999, -5.74909189999994], [-44.5273268, -5.75510149999997], [-44.5251814, -5.76541289999994], [-44.5424894, -5.77801029999995], [-44.536898, -5.80586729999993], [-44.5410085999999, -5.82001819999994], [-44.5545647, -5.82729869999997], [-44.6021079, -5.82850349999995], [-44.601502, -6.01697359999997], [-44.6181955, -6.02873079999995], [-44.6351337999999, -6.02741539999994], [-44.6367354, -6.03901249999996], [-44.6492699999999, -6.03292909999993], [-44.6665753999999, -6.04828139999995], [-44.683689, -6.04720559999993], [-44.697572, -6.06166539999998], [-44.7195497, -6.06843119999996]]]}}, {"type": "Feature", "properties": {"CD_MUN": "2104107", "NM_MUN": "Fortaleza dos Nogueiras"}, "geometry": {"type": "Polygon", "coordinates": [[[-45.9591119999999, -7.05076549999995], [-45.8703914, -7.28860429999997], [-46.0717953, -7.15989279999997], [-46.2251788999999, -7.03654909999995], [-46.3417540999999, -6.99861619999996], [-46.4043493, -6.99852889999994], [-46.3022607, -6.90538539999994], [-46.3070736, -6.88852689999993], [-46.2918114999999, -6.87629239999995], [-46.2950544, -6.85404819999997], [-46.2763431, -6.85302979999994], [-46.2681494, -6.84282069999995], [-46.240697, -6.85014249999995], [-46.2480861, -6.82910369999996], [-46.2384238999999, -6.79516289999998], [-46.2319889999999, -6.79318469999993], [-46.2321497, -6.78523699999994], [-46.2388842, -6.78352219999994], [-46.2275807, -6.74989889999995], [-46.2122401, -6.77367769999995], [-46.1849429, -6.77423699999997], [-46.1719454, -6.76550029999993], [-46.1510165, -6.76771599999995], [-46.1549507999999, -6.71202009999996], [-46.1425125, -6.70992549999994], [-46.1384894, -6.72182559999993], [-46.1341151999999, -6.72035449999993], [-46.1208819999999, -6.69712199999998], [-46.1275894, -6.69515199999995], [-46.1256121, -6.68955979999993], [-46.1339204999999, -6.69207949999998], [-46.1261671, -6.68395579999998], [-46.1194575, -6.68525129999995], [-46.1184272, -6.67503349999993], [-46.1059139, -6.66658389999998], [-46.1073780999999, -6.67219779999994], [-46.0934688999999, -6.66909409999994], [-46.1005509, -6.68292039999994], [-46.0849296, -6.68049349999995], [-46.0881922999999, -6.68589289999994], [-46.0791085, -6.68468869999998], [-46.0772979, -6.69438589999993], [-46.0675103, -6.68519139999995], [-46.0717832, -6.67820599999993], [-46.0532036, -6.66616889999995], [-46.0570155999999, -6.67205749999994], [-46.0420937, -6.67355099999997], [-46.0548191999999, -6.68914229999996], [-46.0408868, -6.69500509999995], [-46.0308704, -6.68506299999996], [-45.991394, -6.67355359999993], [-45.9959822, -6.67078699999996], [-45.9913685, -6.66188219999998], [-45.9775840999999, -6.65424969999998], [-45.9898833999999, -6.64879659999997], [-45.9892129999999, -6.63481769999993], [-45.9803911, -6.64346839999996], [-45.9400749, -6.63791019999996], [-45.9285191, -6.64258489999997], [-45.9330333999999, -6.66018529999997], [-45.948077, -6.67402219999997], [-45.8508894999999, -6.72110899999996], [-45.9122652, -6.72648129999993], [-45.9301831999999, -6.71766789999998], [-45.9445608, -6.72373439999996], [-45.9549939999999, -6.74217629999993], [-45.9934473, -6.77443469999997], [-46.0035827999999, -6.80378129999997], [-46.0222103, -6.80949829999997], [-46.0188790999999, -6.81226949999996], [-46.0271382999999, -6.81990759999996], [-46.0118553999999, -6.83367439999995], [-46.0148239, -6.83987469999994], [-46.00264, -6.84619249999997], [-46.0037538999999, -6.86554179999996], [-45.9926424, -6.88000929999993], [-45.9968595, -6.89315029999995], [-45.9843840999999, -6.91944079999996], [-45.9910316, -6.92201789999996], [-45.9788652999999, -6.93512729999998], [-45.9685716, -6.93373589999993], [-45.9710583999999, -6.94189899999998], [-45.9433354, -6.94884899999994], [-45.9313589, -6.95993909999993], [-45.9222821, -6.94814929999995], [-45.9121906, -6.94754949999998], [-45.9055984999999, -6.95632329999995], [-45.8783548, -6.94146009999997], [-45.8535931, -6.94204999999994], [-45.8488126, -6.95428579999998], [-45.8409713999999, -6.95654299999995], [-45.8373351, -6.95085639999996], [-45.828812, -6.95544729999995], [-45.8188112, -6.97295309999993], [-45.8322386999999, -6.98189959999996], [-45.8504214, -7.01057979999996], [-45.8671103, -7.01863639999993], [-45.8726636, -7.03049929999997], [-45.8996519999999, -7.04564599999998], [-45.9072768, -7.05652279999993], [-45.9197038, -7.05892369999998], [-45.9348849, -7.04623329999993], [-45.9591119999999, -7.05076549999995]]]}}, {"type": "Feature", "properties": {"CD_MUN": "2104099", "NM_MUN": "Formosa da Serra Negra"}, "geometry": {"type": "Polygon", "coordinates": [[[-46.2275807, -6.74989889999995], [-46.2388842, -6.78352219999994], [-46.2321497, -6.78523699999994], [-46.2319889999999, -6.79318469999993], [-46.2384238999999, -6.79516289999998], [-46.2480861, -6.82910369999996], [-46.240697, -6.85014249999995], [-46.2681494, -6.84282069999995], [-46.2763431, -6.85302979999994], [-46.2950544, -6.85404819999997], [-46.2918114999999, -6.87629239999995], [-46.3070736, -6.88852689999993], [-46.3022607, -6.90538539999994], [-46.3189676, -6.91104229999996], [-46.3452942, -6.91248059999998], [-46.3625946999999, -6.90007009999994], [-46.3711534999999, -6.87852279999993], [-46.3637982, -6.87160779999994], [-46.3717377999999, -6.85815699999995], [-46.3696788, -6.84357669999997], [-46.3907596999999, -6.83942519999994], [-46.3921941, -6.82786109999995], [-46.4066035, -6.83199879999995], [-46.4199354, -6.81292619999994], [-46.4511171, -6.79601739999993], [-46.4662681, -6.81233909999997], [-46.4648523, -6.28162019999996], [-46.4563310999999, -6.28319219999997], [-46.4578266, -6.27084369999994], [-46.0584689, -6.24568339999996], [-46.0229155, -6.26392719999996], [-46.0006936999999, -6.25622789999994], [-45.9708090999999, -6.25896489999997], [-45.9147211, -6.28464739999993], [-45.9030504999999, -6.29524129999993], [-45.8863507999999, -6.34373429999994], [-45.876662, -6.34571779999993], [-45.846966, -6.33039129999997], [-45.8393776, -6.30162149999995], [-45.8219683999999, -6.37901839999995], [-45.8355865999999, -6.49237399999993], [-45.8314415, -6.49125559999993], [-45.8406231, -6.60003799999993], [-45.8500323, -6.60015729999998], [-45.8596790999999, -6.61544719999995], [-45.8866755, -6.63129399999997], [-45.8941601, -6.64394039999996], [-45.9260288999999, -6.64675089999997], [-45.9391727, -6.63791509999993], [-45.9803911, -6.64346839999996], [-45.9894388, -6.63489449999997], [-45.9898833999999, -6.64879659999997], [-45.9775840999999, -6.65424969999998], [-45.9913685, -6.66188219999998], [-45.9959822, -6.67078699999996], [-45.991394, -6.67355359999993], [-46.0308704, -6.68506299999996], [-46.0408868, -6.69500509999995], [-46.0548191999999, -6.68914229999996], [-46.0420937, -6.67355099999997], [-46.0570155999999, -6.67205749999994], [-46.0529121, -6.66627489999996], [-46.0717832, -6.67820599999993], [-46.0675103, -6.68519139999995], [-46.0772979, -6.69438589999993], [-46.0791085, -6.68468869999998], [-46.0881922999999, -6.68589289999994], [-46.0835420999999, -6.68345959999994], [-46.0849296, -6.68049349999995], [-46.1005509, -6.68292039999994], [-46.0911775, -6.67262949999997], [-46.1073780999999, -6.67219779999994], [-46.1059139, -6.66658389999998], [-46.1184272, -6.67503349999993], [-46.1194575, -6.68525129999995], [-46.1325196999999, -6.68818819999996], [-46.1337756, -6.69293579999993], [-46.1256121, -6.68955979999993], [-46.1275894, -6.69515199999995], [-46.1208819999999, -6.69712199999998], [-46.1341151999999, -6.72035449999993], [-46.1384894, -6.72182559999993], [-46.1425125, -6.70992549999994], [-46.1549507999999, -6.71202009999996], [-46.1510165, -6.76771599999995], [-46.1719454, -6.76550029999993], [-46.1849429, -6.77423699999997], [-46.2122401, -6.77367769999995], [-46.2275807, -6.74989889999995]]]}}, {"type": "Feature", "properties": {"CD_MUN": "2112274", "NM_MUN": "Tufilândia"}, "geometry": {"type": "Polygon", "coordinates": [[[-45.5283383999999, -3.85178999999994], [-45.5638314999999, -3.87849049999994], [-45.5981578999999, -3.91534449999995], [-45.6242566999999, -3.73286299999995], [-45.6358612, -3.72963149999993], [-45.6397358999999, -3.73964089999993], [-45.6608987, -3.74565929999994], [-45.6418722999999, -3.62605819999993], [-45.6273394999999, -3.63119859999995], [-45.6222683, -3.63958299999996], [-45.6169642, -3.65650959999994], [-45.6224978, -3.66773069999994], [-45.6166221, -3.66923709999998], [-45.6149167999999, -3.67949339999996], [-45.5865889999999, -3.68029619999993], [-45.5539287, -3.65814749999993], [-45.5414819, -3.66302209999998], [-45.5236376999999, -3.65949259999996], [-45.5195664999999, -3.67042809999998], [-45.5080814999999, -3.66920499999998], [-45.5104803, -3.67434089999995], [-45.5030901, -3.67557509999995], [-45.4992738999999, -3.69815689999996], [-45.5059247999999, -3.69700549999993], [-45.510323, -3.70473219999997], [-45.5197641999999, -3.69941969999996], [-45.5379182999999, -3.70315589999996], [-45.5327452, -3.77641609999995], [-45.5270585, -3.78942989999996], [-45.5283383999999, -3.85178999999994]]]}}, {"type": "Feature", "properties": {"CD_MUN": "2104081", "NM_MUN": "Fernando Falcão"}, "geometry": {"type": "Polygon", "coordinates": [[[-45.8406231, -6.60003799999993], [-45.8314415, -6.49125559999993], [-45.8355865999999, -6.49237399999993], [-45.8219683999999, -6.37901839999995], [-45.8393776, -6.30162149999995], [-45.8291910999999, -6.27632759999995], [-45.8146593, -6.27381459999998], [-45.7919997, -6.24917419999997], [-45.7949948, -6.23728599999993], [-45.7819982, -6.23231939999994], [-45.7626336, -6.23780679999993], [-45.7464644, -6.21855489999996], [-45.7416444999999, -6.20230479999998], [-45.7057349, -6.19298569999995], [-45.6947693, -6.18043149999994], [-45.6623848, -6.16646189999994], [-45.6603681999999, -6.15149499999995], [-45.6246098, -6.12071389999994], [-45.6153394999999, -6.12024409999998], [-45.6094123999999, -6.11016349999994], [-45.6134039999999, -6.10631559999996], [-45.5639937999999, -6.07978959999997], [-45.5566204, -6.05882089999994], [-45.5255822999999, -6.02186489999997], [-45.5246033999999, -6.00120879999997], [-45.4944742, -5.99026849999996], [-45.4647244, -5.95746889999998], [-45.4564994, -5.96139849999997], [-45.4311412, -5.94661779999996], [-45.4248932, -5.95056109999996], [-45.4115108999999, -5.93491749999993], [-45.4038882, -5.94153319999998], [-45.3130917999999, -5.91721799999993], [-45.2998355, -5.91844079999993], [-45.2938586999999, -5.92400519999995], [-45.2989522999999, -5.93548329999993], [-45.2890135, -5.95750499999997], [-45.2913803, -5.97050909999996], [-45.2722767, -5.99708259999994], [-45.1823282999999, -5.87707579999994], [-45.1038738999999, -5.85201739999997], [-45.0897060999999, -5.85257809999996], [-44.9248282, -5.78922729999994], [-44.9137976, -5.80551399999996], [-44.9097358999999, -5.83321179999996], [-44.8968507, -5.84148409999995], [-44.8745476, -5.88092499999993], [-44.8463257999999, -5.90813629999997], [-44.8343762, -5.94398669999993], [-44.8416784, -5.95366089999993], [-44.8465447, -5.98333629999996], [-44.7997424, -6.11772539999993], [-44.8141535, -6.12490299999996], [-44.8247679999999, -6.14338889999993], [-44.8499596999999, -6.15224649999993], [-44.8593786, -6.16411409999995], [-44.8669864, -6.15676929999995], [-44.8742379999999, -6.16238459999994], [-44.8680199999999, -6.18133749999993], [-44.8816328999999, -6.20562159999997], [-44.8935764999999, -6.20942489999993], [-44.8937639, -6.22628679999997], [-44.9117348, -6.25765259999997], [-44.9198489, -6.29364409999994], [-44.9489616, -6.32453639999994], [-44.9505177999999, -6.33578319999998], [-44.9562926, -6.33323839999997], [-44.9856058, -6.35143139999997], [-45.0439648, -6.34421969999994], [-45.0735412999999, -6.35202649999997], [-45.0784646, -6.33751389999998], [-45.0725517, -6.32834329999997], [-45.0876574, -6.32445569999993], [-45.0900194, -6.31543419999997], [-45.1040156999999, -6.32313289999996], [-45.1401364, -6.30104979999993], [-45.1417944999999, -6.30805429999998], [-45.1646592, -6.30196039999993], [-45.174078, -6.31301219999995], [-45.1998568, -6.31992689999993], [-45.1980472, -6.32751089999994], [-45.2078298, -6.33050919999994], [-45.214129, -6.31729489999998], [-45.2194115, -6.32717889999998], [-45.2589963999999, -6.34776779999993], [-45.2798513, -6.34190409999997], [-45.2677965999999, -6.36190129999994], [-45.283966, -6.36419179999996], [-45.2890199, -6.37479979999995], [-45.300824, -6.37438779999997], [-45.3027415999999, -6.39283029999996], [-45.326996, -6.39553689999997], [-45.3341018, -6.40782479999996], [-45.3761292999999, -6.41430209999993], [-45.3956009, -6.43152009999994], [-45.4053840999999, -6.42671099999995], [-45.4211058, -6.42989759999995], [-45.4273846, -6.42266729999994], [-45.4521685999999, -6.42205119999994], [-45.4566899, -6.42672889999994], [-45.4671071, -6.42175639999994], [-45.4794957999999, -6.42860069999995], [-45.4977936999999, -6.41886279999994], [-45.5161012999999, -6.43673179999996], [-45.5434135, -6.43900039999994], [-45.5539668, -6.45285159999997], [-45.5872428, -6.44717109999993], [-45.5929963, -6.46053039999993], [-45.6261923, -6.47071329999994], [-45.6283288, -6.47703819999998], [-45.6440496, -6.47125469999997], [-45.6618056, -6.47787239999997], [-45.672692, -6.47024229999994], [-45.6819626, -6.47494799999993], [-45.7144015, -6.46838739999993], [-45.712885, -6.48931019999998], [-45.7299401, -6.51802719999995], [-45.7223953, -6.52988739999995], [-45.7391908, -6.54194909999995], [-45.7517551, -6.56752479999994], [-45.7616803999999, -6.56750919999996], [-45.7666657, -6.58172089999994], [-45.7777846, -6.58904949999993], [-45.7940394999999, -6.58518529999998], [-45.8089486, -6.59724709999995], [-45.8406231, -6.60003799999993]]]}}, {"type": "Feature", "properties": {"CD_MUN": "2104073", "NM_MUN": "Feira Nova do Maranhão"}, "geometry": {"type": "Polygon", "coordinates": [[[-46.7733608, -7.25921969999996], [-46.7143809999999, -7.23675989999998], [-46.7046511, -7.22787439999996], [-46.7110215, -7.20886999999993], [-46.7304640999999, -7.18577079999994], [-46.7297751, -7.16018569999994], [-46.745088, -7.15221269999995], [-46.7568234999999, -7.13626459999995], [-46.7741333, -7.12940689999994], [-46.7664713999999, -7.09960329999996], [-46.7779738999999, -7.08881759999997], [-46.778923, -7.07945309999997], [-46.7930512, -7.07190569999995], [-46.8178392, -7.07202619999993], [-46.8227117, -7.06219329999993], [-46.8414907, -7.06215549999996], [-46.8651791999999, -7.04548059999996], [-46.8662785, -7.03258979999993], [-46.8845732, -7.02513779999992], [-46.8853670999999, -6.98998809999995], [-46.868981, -6.98672239999996], [-46.8665556999999, -6.98063989999997], [-46.8554822999999, -6.98275399999994], [-46.8645850999999, -6.95969819999993], [-46.8520359999999, -6.95301389999997], [-46.8493898, -6.93941349999994], [-46.8433148999999, -6.94028289999994], [-46.8385638, -6.93001559999993], [-46.8241141, -6.92141889999994], [-46.7948100999999, -6.92160749999994], [-46.7604411999999, -6.90598039999998], [-46.7527550999999, -6.88865219999997], [-46.7404220999999, -6.89030669999994], [-46.7390599999999, -6.87634369999995], [-46.7273678999999, -6.87817919999998], [-46.7321142, -6.87212919999996], [-46.7228390999999, -6.86129529999994], [-46.6969262, -6.85760339999996], [-46.6820843, -6.83885259999994], [-46.6614486, -6.84760119999993], [-46.6482227, -6.83094039999997], [-46.6217564999999, -6.82034969999995], [-46.5792557999999, -6.81410609999995], [-46.5374212, -6.83494549999995], [-46.5259187999999, -6.83451039999994], [-46.4998332, -6.86272299999996], [-46.4795619999999, -6.86062479999993], [-46.4706730999999, -6.86768869999997], [-46.458696, -6.86232659999996], [-46.4258050999999, -6.86447669999995], [-46.4160846, -6.89245849999998], [-46.4253955999999, -6.90388489999998], [-46.4172263999999, -6.93187509999996], [-46.3920244999999, -6.93003949999996], [-46.3738097999999, -6.92032899999998], [-46.3401732999999, -6.93939699999993], [-46.4043493, -6.99852889999994], [-46.4510455999999, -7.06645069999996], [-46.508767, -7.10401299999995], [-46.5371577, -7.11243069999995], [-46.5596179999999, -7.17043229999996], [-46.5517277, -7.18872329999994], [-46.5585694, -7.22661119999998], [-46.5995093, -7.24857899999995], [-46.7228221, -7.27902719999997], [-46.7345697, -7.26305239999994], [-46.7545554, -7.26599129999994], [-46.7733608, -7.25921969999996]]]}}, {"type": "Feature", "properties": {"CD_MUN": "2112100", "NM_MUN": "Timbiras"}, "geometry": {"type": "Polygon", "coordinates": [[[-43.9362288999999, -4.33456049999995], [-44.0554279999999, -4.38836939999993], [-44.0628305, -4.40603149999993], [-44.0720764, -4.40224259999997], [-44.0740787, -4.39724179999996], [-44.0517609999999, -4.38397159999994], [-44.0648439, -4.35638519999998], [-44.0601591999999, -4.33018289999995], [-44.0673710999999, -4.30397949999997], [-44.0644884, -4.29308129999993], [-44.0460931, -4.27483819999998], [-44.0344261, -4.27909779999993], [-44.0222628, -4.26524879999994], [-44.0160635999999, -4.27162809999993], [-43.9987316, -4.25229759999996], [-43.8950229, -3.96747919999996], [-43.7293457, -3.93511679999995], [-43.7032907999999, -3.96950249999998], [-43.6895122999999, -3.97239529999996], [-43.6555676, -4.00763349999994], [-43.6459829999999, -4.00627179999998], [-43.6238438999999, -4.03089059999996], [-43.6146272, -4.03073899999993], [-43.6021724999999, -4.04371269999996], [-43.6009557, -4.09332339999997], [-43.5945551999999, -4.10491969999993], [-43.605624, -4.12510849999995], [-43.5883056, -4.14677499999993], [-43.5877156, -4.15745249999998], [-43.5983472999999, -4.18346029999998], [-43.5948389, -4.20715189999993], [-43.6023167, -4.21506119999998], [-43.5944756, -4.22853219999996], [-43.7522696999999, -4.24198299999995], [-43.8079514999999, -4.32474839999998], [-43.8228420999999, -4.32824079999995], [-43.835182, -4.34595339999993], [-43.8487297999999, -4.34535959999994], [-43.8731761999999, -4.35648319999996], [-43.8976294999999, -4.32619839999995], [-43.9080782, -4.32610149999994], [-43.9243723, -4.30624709999995], [-43.9362288999999, -4.33456049999995]]]}}, {"type": "Feature", "properties": {"CD_MUN": "2103901", "NM_MUN": "Duque Bacelar"}, "geometry": {"type": "Polygon", "coordinates": [[[-42.9325871, -4.15693239999996], [-42.9427550999999, -4.16726349999993], [-43.0321542999999, -4.18002539999998], [-43.0457489, -4.16570249999995], [-43.05984, -4.11889999999994], [-43.0551699, -4.09177929999993], [-43.0610007999999, -4.08429999999993], [-43.0807526, -4.08759269999996], [-43.0848625, -4.10308849999996], [-43.0929204, -4.10856999999993], [-43.1160027, -4.11925709999997], [-43.127311, -4.11566729999993], [-43.1354782999999, -4.10398059999994], [-43.1396680999999, -4.07868729999996], [-43.1623139, -4.06055029999993], [-43.1805031, -4.02660399999996], [-43.000639, -4.05060969999994], [-42.8559686999999, -4.07943959999994], [-42.8697483, -4.10410159999998], [-42.9015271, -4.11894869999998], [-42.8884909, -4.15354339999993], [-42.9325871, -4.15693239999996]]]}}, {"type": "Feature", "properties": {"CD_MUN": "2112506", "NM_MUN": "Tutóia"}, "geometry": {"type": "Polygon", "coordinates": [[[-42.5347007, -3.09190389999998], [-42.6963256, -3.17556199999996], [-42.6965592, -3.06259129999995], [-42.645056, -3.03990389999996], [-42.6278339, -3.04021399999993], [-42.5876109, -3.01678599999997], [-42.5721384999999, -3.00041639999995], [-42.5755867999999, -2.98917219999993], [-42.5881036, -2.98410149999995], [-42.5925008999999, -2.96542799999997], [-42.5672817999999, -2.94693999999993], [-42.5719321, -2.92135109999992], [-42.542132, -2.92753319999997], [-42.5057757, -2.91810509999993], [-42.4451637999999, -2.83103179999995], [-42.467709, -2.83144259999995], [-42.4544281999999, -2.80318669999997], [-42.4675756, -2.78623419999997], [-42.4696087999999, -2.75443939999997], [-42.4557657, -2.74479359999998], [-42.4366724, -2.74713069999996], [-42.4336782, -2.73448189999993], [-42.4423298999999, -2.72373359999995], [-42.4764719, -2.71427709999995], [-42.4857317999999, -2.70044499999995], [-42.4216335, -2.71391789999996], [-42.3686976, -2.71404359999997], [-42.3614362, -2.72956449999998], [-42.3401039, -2.74857969999994], [-42.2635557999999, -2.75790379999995], [-42.2526305, -2.73808919999993], [-42.2627295, -2.72786129999997], [-42.2550401, -2.67581089999993], [-42.2294878, -2.69649469999996], [-42.2225544, -2.69223529999994], [-42.1991265, -2.70867069999997], [-42.1492729, -2.72107599999993], [-42.1178254, -2.74507059999996], [-42.116858, -2.75802329999993], [-42.1271305, -2.76780059999993], [-42.1220776, -2.77741109999994], [-42.1263572, -2.79967709999994], [-42.1456631, -2.80130449999996], [-42.1738535, -2.81484889999996], [-42.1793888999999, -2.83106389999995], [-42.1742806, -2.84069069999993], [-42.309277, -3.09247919999996], [-42.5347007, -3.09190389999998]]]}}, {"type": "Feature", "properties": {"CD_MUN": "2104305", "NM_MUN": "Godofredo Viana"}, "geometry": {"type": "MultiPolygon", "coordinates": [[[[-45.6493126999999, -1.23356519999993], [-45.6515461, -1.23025259999997], [-45.6495231, -1.22938019999998], [-45.6493126999999, -1.23356519999993]]], [[[-45.6095989999999, -1.16006559999994], [-45.6048719999999, -1.15119859999993], [-45.6050087, -1.16006429999993], [-45.6095989999999, -1.16006559999994]]], [[[-45.9350603999999, -1.57593559999998], [-45.9238348, -1.56486779999994], [-45.9131487999999, -1.53022579999993], [-45.9010585999999, -1.51752789999995], [-45.8899469999999, -1.52420239999998], [-45.8906481, -1.51001739999992], [-45.8715362, -1.47149009999993], [-45.8729443, -1.45786679999998], [-45.8481058, -1.42799519999994], [-45.8258122, -1.41887219999995], [-45.7978937999999, -1.36182329999997], [-45.8086278, -1.34136819999998], [-45.8019095999999, -1.32680579999993], [-45.812227, -1.31435889999995], [-45.8191873, -1.31848949999994], [-45.8301082999999, -1.31462039999997], [-45.8264227999999, -1.30092669999993], [-45.8409187999999, -1.29625029999994], [-45.8472404, -1.28040839999994], [-45.8174564999999, -1.26264629999997], [-45.8130257999999, -1.25013549999994], [-45.7979232, -1.25326869999998], [-45.7795227, -1.21199219999994], [-45.7806009999999, -1.19316539999994], [-45.7705005999999, -1.19884329999996], [-45.7642359, -1.19584379999998], [-45.7424286999999, -1.14060459999996], [-45.7288407999999, -1.13463669999993], [-45.7321866999999, -1.12890939999994], [-45.7235209999999, -1.12916649999994], [-45.7234376, -1.10990009999995], [-45.6957116, -1.13617049999993], [-45.6909080999999, -1.14866729999994], [-45.7329875999999, -1.19960339999994], [-45.7380924999999, -1.22066829999994], [-45.73441, -1.23496269999993], [-45.7269142, -1.23718089999994], [-45.7111824, -1.26574299999993], [-45.6868795999999, -1.27226019999995], [-45.6480625, -1.23697219999997], [-45.6474668, -1.20364389999997], [-45.6291320999999, -1.12399439999996], [-45.6191057, -1.13447109999993], [-45.6135664, -1.16293689999998], [-45.6178125, -1.18043999999998], [-45.6376959999999, -1.19641939999997], [-45.6439498999999, -1.22677319999997], [-45.633544, -1.25004559999996], [-45.6417236999999, -1.27320399999996], [-45.6276985, -1.28393119999993], [-45.6108292, -1.27461059999996], [-45.6212791999999, -1.30802349999993], [-45.6141593, -1.33351839999995], [-45.6278578, -1.36408779999994], [-45.6380427999999, -1.37218869999992], [-45.6638159, -1.36935919999996], [-45.6769133, -1.37820379999994], [-45.6676315999999, -1.36795679999994], [-45.6935685, -1.37020569999993], [-45.6971725, -1.38624789999994], [-45.6862462999999, -1.39727419999997], [-45.7038755999999, -1.39451189999994], [-45.7654836999999, -1.44450369999993], [-45.7758319, -1.53015179999994], [-45.7705038999999, -1.53201299999995], [-45.763186, -1.56009629999994], [-45.7844094, -1.58072099999993], [-45.8116295999999, -1.56937509999995], [-45.8128687999999, -1.57922869999993], [-45.8064950999999, -1.58388009999993], [-45.8130606999999, -1.58183349999996], [-45.8293111, -1.61107109999995], [-45.9350603999999, -1.57593559999998]]], [[[-45.7108797, -1.22795689999992], [-45.6888556, -1.18365369999998], [-45.6762469999999, -1.19084359999994], [-45.6765217, -1.21381399999996], [-45.6673891999999, -1.22595579999995], [-45.6725575999999, -1.25410539999996], [-45.6931069, -1.26529979999998], [-45.7094308, -1.24428369999993], [-45.7108797, -1.22795689999992]]], [[[-45.7696761999999, -1.19643809999997], [-45.7707306, -1.18937829999993], [-45.7680015999999, -1.19465519999994], [-45.7696761999999, -1.19643809999997]]]]}}, {"type": "Feature", "properties": {"CD_MUN": "2112456", "NM_MUN": "Turilândia"}, "geometry": {"type": "Polygon", "coordinates": [[[-45.5289344, -2.34744439999997], [-45.5545354, -2.36663289999996], [-45.5658256999999, -2.36750889999996], [-45.5671336, -2.37849919999996], [-45.5755978999999, -2.37660699999998], [-45.5735892, -2.38110909999995], [-45.5858895, -2.38414429999995], [-45.6133746, -2.36458699999997], [-45.6351079, -2.36408039999998], [-45.6841573, -2.32914659999994], [-45.6839262999999, -2.22684769999995], [-45.6385225, -2.19725449999993], [-45.6290119999999, -2.16252109999994], [-45.6317483, -2.10592069999996], [-45.6005618, -2.10335429999998], [-45.5929318, -2.09011759999993], [-45.5775594, -2.08338479999998], [-45.5391227, -2.04858709999996], [-45.5019035999999, -2.03908409999997], [-45.4997832999999, -2.03086969999993], [-45.4745478999999, -2.02230769999994], [-45.4437009, -2.02381779999996], [-45.4246949, -2.03920009999996], [-45.41054, -2.02636739999997], [-45.4052182, -2.02998439999993], [-45.4044325, -2.02171549999997], [-45.3947372, -2.02524939999995], [-45.3936623, -2.01860229999994], [-45.3898283, -2.02778539999997], [-45.3827706, -2.02384039999993], [-45.3529414, -2.03551999999996], [-45.3417992999999, -2.03070479999997], [-45.3205512, -2.03590139999994], [-45.3039194999999, -2.01891259999996], [-45.2829634999999, -1.97597179999997], [-45.2531971999999, -1.96272599999998], [-45.2463736999999, -1.95262629999996], [-45.2462025999999, -1.93988939999997], [-45.2167286, -1.89775869999994], [-45.2208712, -1.88071389999993], [-45.2129432, -1.87724649999996], [-45.2214078, -1.87552789999995], [-45.2211593, -1.86161879999997], [-45.2098946, -1.86593639999995], [-45.1780257999999, -1.85657519999995], [-45.1759881, -1.88218449999994], [-45.1524618999999, -1.89163439999993], [-45.1429203, -1.90272429999993], [-45.1587478, -1.92686879999997], [-45.1547816999999, -1.95004879999993], [-45.1744651, -1.95724539999998], [-45.1722554, -1.96693979999998], [-45.179616, -1.97580769999996], [-45.1740468, -1.98385559999997], [-45.1761812, -1.99735849999996], [-45.1937134, -1.99569799999995], [-45.1866017999999, -2.00164469999993], [-45.1891077, -2.00761639999996], [-45.1789974, -2.01102829999996], [-45.1807909, -2.02983759999995], [-45.1917369, -2.02904529999995], [-45.1888319, -2.04021679999994], [-45.1936565, -2.03667329999996], [-45.2049876999999, -2.04334619999997], [-45.205143, -2.03698679999997], [-45.2136952, -2.04163099999994], [-45.2132644, -2.05595969999996], [-45.2230061999999, -2.06891189999993], [-45.2292519, -2.06104519999997], [-45.237152, -2.06805869999994], [-45.2430127, -2.06314829999997], [-45.2428143, -2.07350249999996], [-45.2501470999999, -2.07924799999995], [-45.2440922, -2.08239879999996], [-45.2500496, -2.08259649999997], [-45.2416269, -2.09320369999995], [-45.2458569, -2.09749979999998], [-45.2404835999999, -2.10801539999994], [-45.2560295, -2.12110639999997], [-45.2520412, -2.12876729999994], [-45.2605917, -2.11974519999995], [-45.2687513, -2.12442849999996], [-45.2622481, -2.14115749999996], [-45.2728415999999, -2.14411629999995], [-45.2761015, -2.15667219999995], [-45.2880958, -2.15538439999995], [-45.2788889999999, -2.16367079999998], [-45.2844714, -2.15989529999996], [-45.2940437999999, -2.16558479999998], [-45.2907061, -2.16991909999996], [-45.2869353999999, -2.16354169999994], [-45.2791842, -2.17030999999997], [-45.2839344, -2.17413939999994], [-45.2786124, -2.18137709999996], [-45.2837101, -2.17846079999993], [-45.2922048, -2.18878719999998], [-45.2835711, -2.19834969999994], [-45.2852857999999, -2.20792399999993], [-45.3107985, -2.23321299999998], [-45.3236467, -2.26645329999997], [-45.3351906, -2.27751739999997], [-45.3471857, -2.33614839999996], [-45.3795130999999, -2.30891989999998], [-45.3846682, -2.28083369999996], [-45.3915633, -2.27679879999994], [-45.4302132999999, -2.30474109999994], [-45.4533245, -2.29765609999993], [-45.4590977999999, -2.30533489999993], [-45.4511042, -2.31275789999995], [-45.4727257, -2.31894559999995], [-45.4842141999999, -2.33409189999998], [-45.5003020999999, -2.33797819999995], [-45.5066492, -2.33177349999994], [-45.5116325, -2.34299479999993], [-45.5020964999999, -2.34820889999997], [-45.5141929, -2.36264759999995], [-45.5228036999999, -2.35745959999997], [-45.5358883, -2.36529729999995], [-45.5402768, -2.35692959999994], [-45.5323432, -2.35601749999995], [-45.5289344, -2.34744439999997]]]}}, {"type": "Feature", "properties": {"CD_MUN": "2112407", "NM_MUN": "Turiaçu"}, "geometry": {"type": "MultiPolygon", "coordinates": [[[[-45.6514190999999, -2.00091539999994], [-45.6397241, -1.96529789999994], [-45.6222802, -1.95068459999993], [-45.71201, -1.77019349999995], [-45.6015743, -1.55941219999994], [-45.5761635, -1.53780929999994], [-45.5267974, -1.51587509999996], [-45.5065999, -1.49760519999995], [-45.4803714, -1.49184309999993], [-45.4755408999999, -1.47984729999996], [-45.458129, -1.47012169999994], [-45.4555437999999, -1.45214789999994], [-45.4442859, -1.44734579999994], [-45.4361972, -1.42839509999993], [-45.4232704, -1.41877669999997], [-45.4165603, -1.42339369999996], [-45.4045197, -1.42069179999993], [-45.3717038, -1.39711349999993], [-45.3789278, -1.38986439999996], [-45.3721047, -1.38978849999995], [-45.3750919, -1.38354039999996], [-45.3686878, -1.38078999999993], [-45.3764345, -1.37877639999994], [-45.3764183, -1.36673979999995], [-45.3604634, -1.35918919999995], [-45.3575628, -1.34601419999996], [-45.3406884999999, -1.35201689999997], [-45.3661033, -1.32457169999998], [-45.3510052999999, -1.31297919999997], [-45.3322861, -1.31767989999997], [-45.3048975999999, -1.33641139999997], [-45.3115506, -1.34017049999994], [-45.3056126, -1.35014439999998], [-45.3137528999999, -1.37296079999993], [-45.2996489999999, -1.39835629999993], [-45.2996937, -1.43632729999996], [-45.3715035, -1.46053489999997], [-45.388205, -1.47201699999994], [-45.3827276, -1.47888209999996], [-45.357024, -1.47170399999993], [-45.3447464, -1.48016899999993], [-45.3367861, -1.47722399999998], [-45.3162844999999, -1.48632639999994], [-45.3079835999999, -1.49920659999998], [-45.321884, -1.54419759999996], [-45.3195514999999, -1.55724339999995], [-45.3340552, -1.56422859999998], [-45.3434690999999, -1.58679409999996], [-45.3237831, -1.59703799999994], [-45.3557820999999, -1.71711509999994], [-45.3470920999999, -1.73249209999994], [-45.3318217, -1.74188949999996], [-45.2888467, -1.72720669999995], [-45.2726989999999, -1.73254549999996], [-45.2359657, -1.79363509999996], [-45.2462859999999, -1.82615339999995], [-45.2406132, -1.84033329999994], [-45.2210188999999, -1.85390259999997], [-45.2220086, -1.87438239999994], [-45.2129432, -1.87724649999996], [-45.2208712, -1.88071389999993], [-45.2173294999999, -1.89977909999993], [-45.2462025999999, -1.93988939999997], [-45.2515093, -1.96062279999995], [-45.2829634999999, -1.97597179999997], [-45.3039194999999, -2.01891259999996], [-45.3205512, -2.03590139999994], [-45.3417992999999, -2.03070479999997], [-45.3529414, -2.03551999999996], [-45.3827706, -2.02384039999993], [-45.3898283, -2.02778539999997], [-45.3936623, -2.01860229999994], [-45.3947372, -2.02524939999995], [-45.4044325, -2.02171549999997], [-45.4052182, -2.02998439999993], [-45.41054, -2.02636739999997], [-45.4246949, -2.03920009999996], [-45.4437009, -2.02381779999996], [-45.4745478999999, -2.02230769999994], [-45.4997832999999, -2.03086969999993], [-45.5019035999999, -2.03908409999997], [-45.5391227, -2.04858709999996], [-45.6040718, -2.10441809999998], [-45.6317483, -2.10592069999996], [-45.6514190999999, -2.00091539999994]]], [[[-45.4203017999999, -1.40755189999993], [-45.4112357, -1.39978229999997], [-45.4044751, -1.40108479999998], [-45.4138661, -1.42077059999997], [-45.4203017999999, -1.40755189999993]]]]}}, {"type": "Feature", "properties": {"CD_MUN": "2111748", "NM_MUN": "Senador Alexandre Costa"}, "geometry": {"type": "Polygon", "coordinates": [[[-43.9499582, -5.33190349999995], [-44.0096164999999, -5.31214479999994], [-44.0401333999999, -5.31582369999995], [-44.0513920999999, -5.33034069999997], [-44.0951269, -5.34944289999993], [-44.1308773, -5.22972949999996], [-44.0176809, -5.16634109999995], [-43.7841199, -5.27370379999996], [-43.8025646, -5.28515509999994], [-43.8167261, -5.28461919999995], [-43.8248968, -5.29331679999996], [-43.8509614, -5.29862639999993], [-43.8682564, -5.32086649999997], [-43.9090371, -5.31893259999993], [-43.9499582, -5.33190349999995]]]}}, {"type": "Feature", "properties": {"CD_MUN": "2104206", "NM_MUN": "Fortuna"}, "geometry": {"type": "Polygon", "coordinates": [[[-44.0604810999999, -5.80390839999995], [-44.0733294999999, -5.81617389999997], [-44.0943209, -5.82055869999994], [-44.0908807, -5.83978659999997], [-44.2325837999999, -5.76405949999997], [-44.2173946, -5.72801299999998], [-44.2026442, -5.71598979999993], [-44.1841874, -5.71669799999995], [-44.1623944, -5.70592079999994], [-44.1440238, -5.67132919999995], [-44.1142265, -5.64231659999996], [-44.0771447, -5.62913009999994], [-44.0590347999999, -5.60837229999993], [-44.0429571999999, -5.60915079999995], [-44.0191464, -5.55356039999998], [-44.0202002999999, -5.52082449999995], [-44.0086835, -5.52309279999997], [-43.9921988999999, -5.50833759999995], [-43.9792737, -5.51676639999994], [-43.9716162999999, -5.54021799999992], [-43.9451094, -5.54508239999996], [-43.9420574, -5.53458219999993], [-43.9596172999999, -5.49793409999995], [-43.9795808, -5.49624929999993], [-43.993759, -5.47662559999998], [-44.0018477, -5.44832689999993], [-44.0213886, -5.42458259999995], [-44.0207101999999, -5.41652509999994], [-44.0283339, -5.41444989999997], [-44.025162, -5.37760409999993], [-43.8664936, -5.47370999999993], [-43.8649207, -5.50415329999993], [-43.8588801999999, -5.50521069999996], [-43.8511847, -5.52142189999995], [-43.8282505, -5.52970999999997], [-43.8167647999999, -5.54265209999994], [-43.8467962999999, -5.57491529999993], [-43.8658533, -5.57728219999996], [-43.8669867, -5.58303419999993], [-43.8865948, -5.58983969999997], [-43.8954484999999, -5.61333409999997], [-43.8916361, -5.63533039999993], [-43.8981565, -5.64883209999994], [-43.9131199999999, -5.65266399999996], [-43.9160752999999, -5.66351939999993], [-43.9253199, -5.66749049999993], [-43.9335697, -5.68563899999998], [-43.946294, -5.69611379999998], [-43.9499307, -5.70924779999996], [-43.971894, -5.72390529999996], [-43.9748933, -5.73891149999997], [-43.9981192, -5.74790189999993], [-44.0052304, -5.76060109999997], [-44.0242390999999, -5.76561379999993], [-44.0323294999999, -5.79223739999998], [-44.0604810999999, -5.80390839999995]]]}}, {"type": "Feature", "properties": {"CD_MUN": "2103554", "NM_MUN": "Conceição do Lago-Açu"}, "geometry": {"type": "Polygon", "coordinates": [[[-44.7025212, -3.76581259999995], [-44.6884572, -3.77108019999997], [-44.6802633, -3.76531579999994], [-44.6748535999999, -3.77944979999995], [-44.6697095, -3.77724409999996], [-44.6663197999999, -3.78675889999994], [-44.6570156999999, -3.78552699999995], [-44.6507084, -3.80011329999996], [-44.6625142999999, -3.80643639999994], [-44.6524615, -3.81110329999996], [-44.6569301, -3.81993339999997], [-44.6496026999999, -3.82234449999993], [-44.6422967, -3.81604439999995], [-44.6344331, -3.83289089999994], [-44.6120915, -3.83621819999996], [-44.6101513999999, -3.84779889999993], [-44.6138736, -3.84314379999995], [-44.6220797999999, -3.85082109999996], [-44.9331776999999, -3.91626449999995], [-45.0426342, -3.72332029999995], [-45.030476, -3.71248889999993], [-45.0117443999999, -3.71499379999995], [-45.0032108999999, -3.70375299999995], [-44.9981002, -3.71268449999997], [-44.9515248, -3.69320219999997], [-44.9386001999999, -3.70685879999996], [-44.9235998999999, -3.70989449999996], [-44.9174166, -3.73907519999995], [-44.9308912, -3.74605269999995], [-44.9273254, -3.75239969999996], [-44.9010658999999, -3.74692659999994], [-44.8972330999999, -3.73989519999998], [-44.8858056, -3.73988549999996], [-44.8789656, -3.74676099999994], [-44.8673287999999, -3.71889659999994], [-44.8589077, -3.71546839999996], [-44.865823, -3.69388409999993], [-44.8471994999999, -3.68728009999995], [-44.8457400999999, -3.66794659999994], [-44.8177494999999, -3.67763269999995], [-44.814449, -3.68681589999994], [-44.8076518, -3.68780899999996], [-44.8129233999999, -3.69255729999998], [-44.8060629, -3.70448469999997], [-44.7942955999999, -3.70058139999998], [-44.7996328999999, -3.69355959999996], [-44.7933661, -3.69042209999998], [-44.7922288999999, -3.70013089999998], [-44.7812402, -3.70464799999996], [-44.7742395, -3.69735229999998], [-44.7768498, -3.67921099999995], [-44.758708, -3.67503529999993], [-44.7513526, -3.68125179999993], [-44.7583777999999, -3.68610099999995], [-44.7286005, -3.69702499999994], [-44.7423204999999, -3.69791839999993], [-44.7386581, -3.70987659999997], [-44.7540135, -3.71940129999996], [-44.7487134, -3.72354299999995], [-44.7518239999999, -3.73010109999996], [-44.7415713999999, -3.72296789999996], [-44.7389034, -3.73266069999994], [-44.7247386999999, -3.72524029999994], [-44.7244077999999, -3.73703509999996], [-44.7082955, -3.74103579999996], [-44.712432, -3.74732939999996], [-44.7021814999999, -3.75635469999997], [-44.7025212, -3.76581259999995]]]}}, {"type": "Feature", "properties": {"CD_MUN": "2111722", "NM_MUN": "Satubinha"}, "geometry": {"type": "Polygon", "coordinates": [[[-45.2085698999999, -4.03318859999996], [-45.2094124, -4.06602839999994], [-45.2526908, -4.14860879999998], [-45.2699302999999, -4.12093469999996], [-45.3135243, -4.09433079999997], [-45.309989, -4.07482339999996], [-45.3188552999999, -4.07060769999993], [-45.3173470999999, -4.05930099999995], [-45.2941991, -4.02388979999995], [-45.3107171, -4.00710109999994], [-45.3080699999999, -3.98079829999995], [-45.3227853999999, -3.96550369999994], [-45.3162359, -3.95470729999994], [-45.3175532, -3.93759379999995], [-45.3249764999999, -3.92949379999993], [-45.312317, -3.90981339999996], [-45.3187055, -3.90322329999998], [-45.3362304, -3.90317459999994], [-45.3410972, -3.85666439999994], [-45.3285619, -3.85596289999995], [-45.3281011, -3.84118919999997], [-45.3133288999999, -3.83028369999994], [-45.3089304, -3.81032319999997], [-45.2991243, -3.79977179999997], [-45.2857567, -3.80399379999994], [-45.2684505999999, -3.79509149999996], [-45.2561028, -3.79898059999994], [-45.2196395999999, -3.77236029999995], [-45.2075857999999, -3.78572659999998], [-45.1972782999999, -3.77302999999995], [-45.1881898999999, -3.77753369999994], [-45.1784642, -3.76189869999996], [-45.1810416, -3.75711159999997], [-45.1573648999999, -3.74048449999998], [-45.1524537999999, -3.72944469999993], [-45.1463302, -3.73844829999996], [-45.1623754, -3.76204379999996], [-45.160273, -3.76790869999996], [-45.1726573999999, -3.77810039999997], [-45.1697238, -3.78943739999994], [-45.1778926, -3.78888179999996], [-45.1985867999999, -3.80877759999993], [-45.2200409, -4.03150039999997], [-45.2085698999999, -4.03318859999996]]]}}, {"type": "Feature", "properties": {"CD_MUN": "2111706", "NM_MUN": "São Vicente Ferrer"}, "geometry": {"type": "Polygon", "coordinates": [[[-44.8620534999999, -2.94587029999997], [-44.9053714, -2.93605219999995], [-44.9320021, -2.91855079999993], [-44.9745445, -2.93903849999998], [-44.9903512999999, -2.93575989999994], [-44.9961296, -2.92506779999997], [-45.0174266999999, -2.93635239999998], [-45.0225399999999, -2.91274649999997], [-45.0183809, -2.89835199999993], [-45.0279671, -2.88730489999995], [-45.0793252999999, -2.90684669999996], [-45.090883, -2.90467669999992], [-45.2176751, -2.95333749999998], [-45.2187547999999, -2.94779419999998], [-45.2139915, -2.92576269999995], [-45.2089745, -2.92966249999995], [-45.1990279999999, -2.92521659999994], [-45.1917066999999, -2.93704339999994], [-45.1879162, -2.93317469999994], [-45.1931918, -2.92603959999997], [-45.1835957, -2.92652559999993], [-45.185212, -2.92157799999995], [-45.2096334999999, -2.92089149999993], [-45.215991, -2.90801789999995], [-45.1960465, -2.91076219999997], [-45.1702718, -2.90299549999997], [-45.1277284999999, -2.88912209999995], [-45.1207343999999, -2.87828359999997], [-45.1051844, -2.88280939999993], [-45.0391294999999, -2.86746249999993], [-44.9802071999999, -2.84457389999994], [-44.9689238, -2.83403909999993], [-44.9611274, -2.84063059999994], [-44.935446, -2.80697799999996], [-44.9039600999999, -2.79347759999996], [-44.8442904999999, -2.80866369999995], [-44.819243, -2.79922489999996], [-44.7877091, -2.81874239999996], [-44.7831786, -2.82995129999995], [-44.7804283, -2.84894659999998], [-44.7927336, -2.86742339999995], [-44.791691, -2.88810749999993], [-44.8620534999999, -2.94587029999997]]]}}, {"type": "Feature", "properties": {"CD_MUN": "2103505", "NM_MUN": "Colinas"}, "geometry": {"type": "Polygon", "coordinates": [[[-43.9665424, -6.25951789999993], [-43.9802561, -6.28492789999996], [-43.9639483999999, -6.29458039999997], [-44.0997508, -6.35145549999993], [-44.2389198, -6.16653509999998], [-44.3138893, -6.02506589999996], [-44.330664, -6.02391609999995], [-44.3372408, -6.01595919999994], [-44.3581172999999, -6.01096929999994], [-44.3643139, -6.00221279999994], [-44.3714904999999, -6.00717739999993], [-44.3887415999999, -6.00345909999993], [-44.3956272999999, -6.01257599999997], [-44.410094, -6.00441469999993], [-44.4266587, -6.01465339999993], [-44.4506737999999, -5.99661729999997], [-44.4931213, -5.98436209999994], [-44.5447728999999, -5.99746289999996], [-44.5620289999999, -5.99186849999995], [-44.5791737, -6.00691229999995], [-44.5958894999999, -6.00861609999993], [-44.601502, -6.01697359999997], [-44.6021079, -5.82850349999995], [-44.5545647, -5.82729869999997], [-44.5414213999999, -5.81894439999996], [-44.5325966, -5.84472599999998], [-44.5189544999999, -5.85449289999997], [-44.5068970999999, -5.85442109999997], [-44.4974346, -5.87538999999992], [-44.4719239, -5.86164389999993], [-44.4770338, -5.88140279999993], [-44.4522435, -5.91640619999993], [-44.4393613999999, -5.92019619999996], [-44.4286286999999, -5.91147379999995], [-44.3940358999999, -5.90518209999993], [-44.3441546999999, -5.91383639999998], [-44.2953411, -5.92462059999997], [-44.2857086, -5.93682119999994], [-44.2711346999999, -5.94270549999993], [-44.2662771, -5.95450889999995], [-44.1583085999999, -5.91270579999997], [-44.1518859999999, -5.90087219999998], [-44.1312890999999, -5.88785489999998], [-44.1231539, -5.86519129999994], [-44.1108103, -5.87390619999996], [-44.1021919999999, -5.86742169999997], [-44.1017785999999, -5.85281809999998], [-44.0899959, -5.84328719999996], [-44.0943670999999, -5.82061409999994], [-44.0749321, -5.81626929999993], [-44.0741647999999, -5.85073599999993], [-44.0660751999999, -5.85697869999996], [-44.0638205, -5.86963879999996], [-44.0451528999999, -5.87715019999996], [-44.032865, -5.89682849999997], [-43.9045001, -6.00476209999994], [-43.9095174, -6.01898829999993], [-43.9299679, -6.03888149999995], [-43.9285879, -6.07433389999994], [-43.9227013, -6.07713239999993], [-43.9220192, -6.08755269999995], [-43.9306918, -6.09698469999995], [-43.9447473, -6.17909559999993], [-43.9538775999999, -6.17718639999993], [-43.9519806, -6.18743089999998], [-43.959243, -6.19244519999995], [-43.9539698999999, -6.22369609999993], [-43.9632665999999, -6.24865039999997], [-43.9577538, -6.25838139999996], [-43.9665424, -6.25951789999993]]]}}, {"type": "Feature", "properties": {"CD_MUN": "2111805", "NM_MUN": "Sítio Novo"}, "geometry": {"type": "Polygon", "coordinates": [[[-46.4690555, -5.75113019999998], [-46.4662542, -6.81184399999995], [-46.4775721, -6.81680259999996], [-46.4958162999999, -6.80810779999996], [-46.4968047999999, -6.78684209999994], [-46.5174969999999, -6.76984439999995], [-46.5185245, -6.75020299999994], [-46.5256768, -6.74285869999994], [-46.5553717, -6.73801559999993], [-46.5762172, -6.71875229999995], [-46.5756668, -6.70595729999997], [-46.5929313999999, -6.71559859999996], [-46.6143766, -6.70358739999995], [-46.6490014999999, -6.72959429999997], [-46.682764, -6.70190659999997], [-46.7183689, -6.69756189999993], [-46.7414588, -6.67258639999994], [-46.7271876, -6.65566889999997], [-46.7385904, -6.65167759999997], [-46.7571783, -6.62457359999996], [-46.7623085, -6.59739249999996], [-46.7527694999999, -6.58603799999997], [-46.7528594, -6.56620359999994], [-46.7339746, -6.55224489999995], [-46.7340475999999, -6.52747749999997], [-46.7189241, -6.50490489999993], [-46.7289261999999, -6.46531119999997], [-46.7264509999999, -6.45326479999994], [-46.7157161, -6.45260499999995], [-46.7085347, -6.44116159999993], [-46.7171023999999, -6.41620769999997], [-46.7068409999999, -6.40245179999994], [-46.6949398, -6.39915939999997], [-46.6788965, -6.37333419999993], [-46.6901953999999, -6.36345729999994], [-46.6848623, -6.35549439999994], [-46.6950305, -6.35352339999997], [-46.6932389, -6.34255099999996], [-46.6708494, -6.33998949999994], [-46.6887803, -6.32118279999997], [-46.6899852, -6.29917429999995], [-46.644875, -6.27692519999994], [-46.6340297, -6.25255379999993], [-46.6204501999999, -6.24701729999992], [-46.6186522, -6.23292279999993], [-46.6094917999999, -6.22427109999995], [-46.6142295, -6.20967729999995], [-46.6812419999999, -6.20324019999993], [-46.690478, -6.18996679999998], [-46.7020367, -6.18991229999995], [-46.694669, -6.16390869999998], [-46.6800696999999, -6.15577459999997], [-46.6717101999999, -6.13024559999997], [-46.692515, -6.11106139999993], [-46.7116349, -6.11265459999993], [-46.7121179, -6.10098049999993], [-46.7270650999999, -6.08576419999997], [-46.7140740999999, -6.07643079999997], [-46.7134346, -6.06926129999994], [-46.7314676999999, -6.05679439999994], [-46.7424263999999, -6.03681339999997], [-46.7353416, -6.00981159999998], [-46.7518731, -6.00222189999994], [-46.7594870999999, -5.97944909999995], [-46.7776861999999, -5.97725969999993], [-46.784953, -5.96343089999993], [-46.7831581999999, -5.94108249999994], [-46.7908383, -5.92530729999993], [-46.7757051, -5.91148619999996], [-46.7922172, -5.89253849999994], [-46.7947129, -5.87177499999996], [-46.7861822, -5.86073449999998], [-46.7811589999999, -5.82702319999993], [-46.7628043, -5.81815659999995], [-46.7564022999999, -5.79245259999993], [-46.7395508, -5.77909419999997], [-46.7373223, -5.75529269999993], [-46.7305243, -5.74750739999996], [-46.7154414, -5.75004859999996], [-46.6947364, -5.74360519999993], [-46.6706654, -5.76834049999997], [-46.6383183999999, -5.75043539999996], [-46.6271641, -5.75606719999996], [-46.6115139999999, -5.75125439999994], [-46.6062284, -5.74179039999996], [-46.5874992999999, -5.73876339999993], [-46.5874143999999, -5.73271009999996], [-46.5683680999999, -5.73937369999993], [-46.5498502, -5.73464449999994], [-46.5380195, -5.74253489999995], [-46.5285585999999, -5.73807569999997], [-46.5072537, -5.74126789999997], [-46.4936934, -5.75399049999993], [-46.4843777999999, -5.74833369999993], [-46.4690555, -5.75113019999998]]]}}, {"type": "Feature", "properties": {"CD_MUN": "2111789", "NM_MUN": "Serrano do Maranhão"}, "geometry": {"type": "Polygon", "coordinates": [[[-44.9249116999999, -2.01496569999995], [-44.969862, -2.01467879999996], [-44.9669446, -2.17104229999995], [-45.0947343999999, -2.05028139999996], [-45.1897855, -2.04044459999994], [-45.1918689, -2.02928299999996], [-45.1809243, -2.03004509999994], [-45.1789085, -2.01143589999998], [-45.1891077, -2.00761639999996], [-45.1866017999999, -2.00164469999993], [-45.1937134, -1.99569799999995], [-45.1761812, -1.99735849999996], [-45.1740468, -1.98385559999997], [-45.179616, -1.97580769999996], [-45.1722554, -1.96693979999998], [-45.1744651, -1.95724539999998], [-45.1547816999999, -1.95004879999993], [-45.1587478, -1.92686879999997], [-45.1429282, -1.90311339999994], [-45.1519271, -1.89196979999997], [-45.1762843, -1.88177839999997], [-45.1800036, -1.85031899999996], [-45.1669299, -1.83943719999996], [-45.1263526, -1.83506049999994], [-45.0901681, -1.80793139999997], [-45.0913543, -1.78802559999997], [-45.1210217999999, -1.78022889999994], [-45.1302999, -1.76914689999995], [-45.0983661, -1.74094099999996], [-45.0821971999999, -1.69412349999993], [-45.0620878999999, -1.68851479999995], [-45.0373511, -1.69284509999994], [-45.0315775, -1.68379679999993], [-45.0204193, -1.68618149999998], [-44.9969632, -1.67273889999996], [-44.9786496, -1.67192879999993], [-44.9781035, -1.66219179999996], [-44.9642193, -1.65660309999993], [-44.9371952, -1.64887169999997], [-44.9287631, -1.65414179999993], [-44.9124257999999, -1.65124319999995], [-44.9032225, -1.63743019999993], [-44.9276494, -1.60810539999994], [-44.8717493999999, -1.60133439999993], [-44.863349, -1.61656969999996], [-44.8536948999999, -1.61750499999994], [-44.8395111999999, -1.63661869999993], [-44.8174643999999, -1.64054529999993], [-44.8138744999999, -1.64922689999997], [-44.8280568, -1.66859479999994], [-44.8097723, -1.66558689999994], [-44.8087454999999, -1.68061279999995], [-44.8225856, -1.69263269999993], [-44.8300045999999, -1.68347629999994], [-44.8460868, -1.68010209999994], [-44.8519424, -1.69050779999998], [-44.8597181, -1.69050749999997], [-44.8597185, -1.69820649999997], [-44.8797377, -1.70840559999994], [-44.9239365999999, -1.71797939999993], [-44.9085683, -1.73243969999993], [-44.8891558999999, -1.76653989999994], [-44.9043364999999, -1.81755549999997], [-44.9281867, -1.81625639999993], [-44.9709577, -1.82738429999995], [-44.9744585999999, -1.83375979999994], [-44.9711947, -1.84466039999995], [-44.9287887, -1.87798719999995], [-44.915136, -1.87984319999993], [-44.913947, -1.91941219999995], [-44.9252256, -1.94492259999993], [-44.9249116999999, -2.01496569999995]]]}}, {"type": "Feature", "properties": {"CD_MUN": "2103604", "NM_MUN": "Coroatá"}, "geometry": {"type": "Polygon", "coordinates": [[[-44.0649814999999, -4.35456489999996], [-44.0517609999999, -4.38397159999994], [-44.0740787, -4.39724179999996], [-44.0641462, -4.40648899999997], [-44.0554279999999, -4.38836939999993], [-43.9369488999999, -4.33488609999995], [-44.0934882, -4.49475949999993], [-44.1803020999999, -4.33651029999993], [-44.2677667, -4.27775509999998], [-44.3427581999999, -4.09995699999996], [-44.4465213999999, -4.12914389999997], [-44.4497666999999, -4.11603599999995], [-44.4603637, -4.11148429999997], [-44.4546819999999, -4.09809359999997], [-44.4628013999999, -4.08592959999993], [-44.4020879999999, -4.08603899999997], [-44.3993303, -4.06677549999995], [-44.4084551, -4.05554979999994], [-44.4072358999999, -4.04317509999993], [-44.3874058, -4.02773849999994], [-44.3831552999999, -3.99734699999993], [-44.3546982, -3.97480019999995], [-44.3641052, -3.95923719999996], [-44.3597437, -3.94798489999994], [-44.3676234, -3.93174799999997], [-44.3380428, -3.90896079999993], [-44.3415987, -3.89427309999996], [-44.3303465, -3.89640679999997], [-44.3196824999999, -3.88178669999996], [-44.3229388999999, -3.86447399999997], [-44.1927873999999, -3.92920119999997], [-44.1659731999999, -3.91047029999993], [-44.1554957, -3.83683669999994], [-43.9927638, -3.84243609999993], [-43.9380702999999, -4.00046919999994], [-43.8954773999999, -3.96867439999994], [-43.9987316, -4.25229759999996], [-44.0160635999999, -4.27162809999993], [-44.0222628, -4.26524879999994], [-44.0344261, -4.27909779999993], [-44.0460931, -4.27483819999998], [-44.0644884, -4.29308129999993], [-44.0673710999999, -4.30397949999997], [-44.0601591999999, -4.33018289999995], [-44.0649814999999, -4.35456489999996]]]}}, {"type": "Feature", "properties": {"CD_MUN": "2111763", "NM_MUN": "Senador La Rocque"}, "geometry": {"type": "Polygon", "coordinates": [[[-47.2392029, -5.50023029999994], [-47.2409590999999, -5.51360149999994], [-47.2538565, -5.51038329999994], [-47.2774441999999, -5.53840819999994], [-47.2918582949999, -5.54550319499998], [-47.307975695, -5.53687338999993], [-47.3190992, -5.55648758999996], [-47.32598839, -5.54709540499994], [-47.3433089, -5.55408609999995], [-47.349926, -5.53965899999997], [-47.358713, -5.54592799999995], [-47.362382, -5.53746999999993], [-47.372307, -5.54002199999996], [-47.3817217, -5.51461609999996], [-47.3943237, -5.52035919999997], [-47.4064779, -5.50899949999996], [-47.3950146, -5.49190409999994], [-47.3976757, -5.48131159999997], [-47.3815403999999, -5.46422829999995], [-47.3602326, -5.45117279999994], [-47.3538184999999, -5.45742749999994], [-47.3306830999999, -5.43321459999993], [-47.3183981, -5.39462249999997], [-47.3085053999999, -5.38587529999995], [-47.2707710999999, -5.38078469999994], [-47.2587497, -5.36924549999998], [-47.2735215, -5.36488399999996], [-47.2483678, -5.34829969999993], [-47.2252579, -5.34265719999996], [-47.2020132, -5.35515509999993], [-47.1751379999999, -5.35034859999996], [-47.1536968, -5.33079719999995], [-47.1248423, -5.31709819999998], [-47.0632540999999, -5.31334149999998], [-47.0542515999999, -5.29938039999996], [-47.030816, -5.29386519999997], [-47.0286786999999, -5.27858089999995], [-46.9993224, -5.26475989999994], [-46.9942689, -5.25034729999993], [-46.9768043, -5.24273199999993], [-46.9477439999999, -5.21354539999993], [-46.9211056, -5.22114919999996], [-46.8885352, -5.20812859999995], [-46.8889844, -5.22260219999993], [-46.9057541999999, -5.25913569999994], [-46.9022118999999, -5.26757879999997], [-46.9124424, -5.28695449999998], [-46.900132, -5.34041929999995], [-46.9031442, -5.35362429999998], [-46.9119075, -5.35775589999997], [-46.9268008, -5.35353439999994], [-46.9473515999999, -5.36500969999997], [-46.9798382, -5.36838429999995], [-47.0450969, -5.40289489999998], [-47.1744014, -5.45137069999993], [-47.2392029, -5.50023029999994]]]}}, {"type": "Feature", "properties": {"CD_MUN": "2111607", "NM_MUN": "São Raimundo das Mangabeiras"}, "geometry": {"type": "Polygon", "coordinates": [[[-45.5242569, -7.27133229999993], [-45.5187577, -7.27955549999996], [-45.5263628, -7.27916049999993], [-45.5433518, -7.30297149999996], [-45.5595926999999, -7.29400639999994], [-45.5561734999999, -7.31345459999994], [-45.5624667, -7.32554699999997], [-45.5701946, -7.32659339999998], [-45.5760228, -7.31495209999997], [-45.5913098999999, -7.31362429999996], [-45.6005584, -7.34547699999996], [-45.6213855, -7.35099839999998], [-45.6321553, -7.37468349999995], [-45.6488057999999, -7.38488719999998], [-45.6518839, -7.39787179999996], [-45.6733409, -7.40658629999996], [-45.6786382999999, -7.39477019999993], [-45.7043786999999, -7.39004569999997], [-45.7198227, -7.36722339999994], [-45.7625472, -7.34635839999993], [-45.7673662, -7.33791709999997], [-45.8052388, -7.32847029999994], [-45.8358739999999, -7.30435689999996], [-45.8696752, -7.28967769999997], [-45.9591119999999, -7.05076549999995], [-45.9348849, -7.04623329999993], [-45.9197038, -7.05892369999998], [-45.9072768, -7.05652279999993], [-45.8996519999999, -7.04564599999998], [-45.8726636, -7.03049929999997], [-45.8671103, -7.01863639999993], [-45.8504214, -7.01057979999996], [-45.8322386999999, -6.98189959999996], [-45.8187991, -6.97302529999996], [-45.828812, -6.95544729999995], [-45.8373351, -6.95085639999996], [-45.8409713999999, -6.95654299999995], [-45.8488126, -6.95428579999998], [-45.8535931, -6.94204999999994], [-45.8783548, -6.94146009999997], [-45.9055984999999, -6.95632329999995], [-45.9121906, -6.94754949999998], [-45.9222821, -6.94814929999995], [-45.9315898, -6.95991279999993], [-45.9433354, -6.94884899999994], [-45.9710583999999, -6.94189899999998], [-45.9685716, -6.93373589999993], [-45.9788652999999, -6.93512729999998], [-45.9910316, -6.92201789999996], [-45.9843840999999, -6.91944079999996], [-45.9968595, -6.89315029999995], [-45.9926424, -6.88000929999993], [-46.0037538999999, -6.86554179999996], [-46.00264, -6.84619249999997], [-46.0148239, -6.83987469999994], [-46.0118553999999, -6.83367439999995], [-46.0268664, -6.81796189999994], [-46.0206648, -6.80847519999998], [-46.0035827999999, -6.80378129999997], [-45.9934473, -6.77443469999997], [-45.9549939999999, -6.74217629999993], [-45.9473393, -6.72568209999997], [-45.9301831999999, -6.71766789999998], [-45.9122652, -6.72648129999993], [-45.845656, -6.72293539999993], [-45.8263315, -6.71559209999998], [-45.8008634999999, -6.71903069999996], [-45.7729474, -6.70503849999994], [-45.7464983, -6.70013169999993], [-45.7329627999999, -6.71382619999997], [-45.7211765, -6.71135769999995], [-45.7092213, -6.72117479999997], [-45.6804614, -6.72743489999993], [-45.6492102999999, -6.74863359999995], [-45.6225466999999, -6.79757119999994], [-45.6017054, -6.81572909999994], [-45.5973698, -6.81187109999996], [-45.5753781, -6.81998069999997], [-45.5586173999999, -6.80684979999995], [-45.5055359999999, -6.80470609999998], [-45.4945648999999, -6.79581699999994], [-45.4590618999999, -6.78911109999996], [-45.4502694, -6.77788839999994], [-45.4251874, -6.77368719999993], [-45.4007491, -6.75760149999996], [-45.3698552, -6.75765929999994], [-45.3621560999999, -6.76457559999994], [-45.3541557999999, -6.78016699999995], [-45.3634291, -6.79175669999995], [-45.3687442, -6.81612199999995], [-45.3808245, -6.82059069999997], [-45.3690258999999, -6.89999179999995], [-45.5242569, -7.27133229999993]]]}}, {"type": "Feature", "properties": {"CD_MUN": "2103406", "NM_MUN": "Coelho Neto"}, "geometry": {"type": "Polygon", "coordinates": [[[-43.0826875, -4.44614599999994], [-43.2126193, -4.36002299999996], [-43.2199595, -4.30538419999993], [-43.2348979, -4.27609399999994], [-43.229974, -4.27262309999998], [-43.2283988999999, -4.23682449999995], [-43.2371836, -4.20157379999995], [-43.2239402, -4.17066769999997], [-43.2258967999999, -4.12664979999994], [-43.2335011, -4.11502169999994], [-43.2446894, -4.11620399999993], [-43.2474369999999, -4.09941759999998], [-43.2676895, -4.07513369999998], [-43.208812, -4.01840579999993], [-43.173889, -4.03293429999997], [-43.1623139, -4.06055029999993], [-43.1396680999999, -4.07868729999996], [-43.1354782999999, -4.10398059999994], [-43.127311, -4.11566729999993], [-43.1160027, -4.11925709999997], [-43.0929204, -4.10856999999993], [-43.0848625, -4.10308849999996], [-43.0807526, -4.08759269999996], [-43.0610007999999, -4.08429999999993], [-43.0551699, -4.09177929999993], [-43.05984, -4.11889999999994], [-43.0457489, -4.16570249999995], [-43.0321542999999, -4.18002539999998], [-42.9427550999999, -4.16726349999993], [-42.9811688999999, -4.21044369999993], [-42.9874121999999, -4.22837489999995], [-42.9814509, -4.30010329999993], [-42.9632735, -4.32865629999998], [-42.9628825999999, -4.37611229999993], [-42.9486143999999, -4.38546669999994], [-43.0826875, -4.44614599999994]]]}}, {"type": "Feature", "properties": {"CD_MUN": "2111573", "NM_MUN": "São Pedro dos Crentes"}, "geometry": {"type": "Polygon", "coordinates": [[[-46.9409793, -7.01864359999996], [-46.9247268, -7.00108849999998], [-46.9102295, -6.96489459999998], [-46.9109167, -6.94987299999997], [-46.9291109, -6.93699179999993], [-46.9203168, -6.92421439999993], [-46.9289530999999, -6.91791369999993], [-46.9306152, -6.90660199999996], [-46.9208331, -6.82482549999997], [-46.9078142, -6.80565059999998], [-46.8926216999999, -6.80730319999998], [-46.8786327, -6.76956179999996], [-46.8662310999999, -6.76620619999994], [-46.866643, -6.75667159999995], [-46.8546699999999, -6.74555259999994], [-46.8119192, -6.74039349999993], [-46.8164148, -6.72346079999994], [-46.840505, -6.72248469999994], [-46.8372846999999, -6.70530599999995], [-46.8584997, -6.70305869999993], [-46.8747471, -6.68152619999995], [-46.8765969, -6.67708759999994], [-46.8628826999999, -6.67067889999993], [-46.8366753999999, -6.67418739999994], [-46.7966448999999, -6.69200119999994], [-46.7340892, -6.68300179999994], [-46.7156537, -6.69875909999996], [-46.6799116999999, -6.70336879999996], [-46.6503595999999, -6.72945669999996], [-46.6143766, -6.70358739999995], [-46.5929313999999, -6.71559859999996], [-46.5756668, -6.70595729999997], [-46.5762172, -6.71875229999995], [-46.5553717, -6.73801559999993], [-46.5256768, -6.74285869999994], [-46.5185245, -6.75020299999994], [-46.5174969999999, -6.76984439999995], [-46.4968047999999, -6.78684209999994], [-46.4947657, -6.80910139999997], [-46.4764274999999, -6.81674449999997], [-46.4511171, -6.79601739999993], [-46.4199354, -6.81292619999994], [-46.4066035, -6.83199879999995], [-46.3960407, -6.82624839999994], [-46.3907596999999, -6.83942519999994], [-46.3696788, -6.84357669999997], [-46.3717377999999, -6.85815699999995], [-46.3637982, -6.87160779999994], [-46.3711534999999, -6.87852279999993], [-46.3579293999999, -6.90390719999994], [-46.3443791, -6.91266139999993], [-46.3065015, -6.90749239999997], [-46.3401732999999, -6.93939699999993], [-46.3738097999999, -6.92032899999998], [-46.3920244999999, -6.93003949999996], [-46.4158618, -6.93231979999996], [-46.4237555, -6.91747089999996], [-46.4253955999999, -6.90388489999998], [-46.4160846, -6.89245849999998], [-46.4258050999999, -6.86447669999995], [-46.458696, -6.86232659999996], [-46.4706730999999, -6.86768869999997], [-46.4795619999999, -6.86062479999993], [-46.4998332, -6.86272299999996], [-46.5259187999999, -6.83451039999994], [-46.5374212, -6.83494549999995], [-46.5773594, -6.81445389999993], [-46.6148607, -6.81867459999995], [-46.6482227, -6.83094039999997], [-46.6614486, -6.84760119999993], [-46.6820843, -6.83885259999994], [-46.6969262, -6.85760339999996], [-46.7228390999999, -6.86129529999994], [-46.7321142, -6.87212919999996], [-46.7273678999999, -6.87817919999998], [-46.7390599999999, -6.87634369999995], [-46.7404220999999, -6.89030669999994], [-46.7527550999999, -6.88865219999997], [-46.7604411999999, -6.90598039999998], [-46.77295, -6.90771199999995], [-46.7775331, -6.91462619999993], [-46.8060596, -6.92393719999995], [-46.8098884, -6.91907009999994], [-46.8241141, -6.92141889999994], [-46.8385638, -6.93001559999993], [-46.8433148999999, -6.94028289999994], [-46.8493898, -6.93941349999994], [-46.8520359999999, -6.95301389999997], [-46.8645850999999, -6.95969819999993], [-46.8554822999999, -6.98275399999994], [-46.8665556999999, -6.98063989999997], [-46.868981, -6.98672239999996], [-46.8853670999999, -6.98998809999995], [-46.8894137999999, -7.02185459999993], [-46.9096426, -7.01795489999995], [-46.9213807, -7.02982739999993], [-46.932849, -7.02809199999996], [-46.9409793, -7.01864359999996]]]}}, {"type": "Feature", "properties": {"CD_MUN": "2111672", "NM_MUN": "São Roberto"}, "geometry": {"type": "Polygon", "coordinates": [[[-44.9576423999999, -5.06658249999998], [-44.9706014999999, -5.08090329999993], [-44.9613709, -5.08892059999994], [-44.9669989, -5.09664319999996], [-44.9611449, -5.10149479999995], [-44.9718807, -5.11497709999998], [-45.0304169999999, -5.08453449999996], [-45.0434513, -5.06977899999993], [-45.0338621999999, -5.05906549999997], [-45.1499848, -5.00600559999998], [-45.1541453, -5.01987579999997], [-45.1630092999999, -5.02613369999995], [-45.1831837999999, -5.01945329999995], [-45.1881493999999, -5.01464099999993], [-45.1855442, -5.00421209999996], [-45.1925059, -4.99860999999993], [-45.1178897999999, -4.99213469999995], [-45.1042715, -4.96872809999996], [-45.0576351999999, -4.94701639999994], [-45.0402553, -4.92981209999994], [-45.0285221, -4.96105399999993], [-45.0138112, -4.96221539999993], [-44.9325626, -5.01401079999994], [-44.9341013, -5.02220189999997], [-44.9528692, -5.02486719999996], [-44.9530602, -5.03770269999995], [-44.9428963, -5.03922479999994], [-44.9558385999999, -5.04957519999994], [-44.9576423999999, -5.06658249999998]]]}}, {"type": "Feature", "properties": {"CD_MUN": "2111631", "NM_MUN": "São Raimundo do Doca Bezerra"}, "geometry": {"type": "Polygon", "coordinates": [[[-44.9914722, -5.13211019999994], [-44.9968875, -5.16458489999997], [-45.0072486999999, -5.17121079999993], [-45.0085354999999, -5.19035429999997], [-45.0211217, -5.20889269999998], [-45.1232355, -5.12093059999995], [-45.3306931, -5.12175879999995], [-45.3256514, -5.10262649999993], [-45.3320907999999, -5.10426729999995], [-45.3291584999999, -5.09546279999995], [-45.3478823, -5.09416059999995], [-45.3491620999999, -5.08323879999995], [-45.3118299, -5.07867799999997], [-45.2906457999999, -5.06811759999994], [-45.2603215, -5.02797079999993], [-45.2097153, -4.99972859999997], [-45.1923578999999, -4.99680609999996], [-45.1855442, -5.00421209999996], [-45.1881493999999, -5.01464099999993], [-45.1644534, -5.02644079999993], [-45.1541453, -5.01987579999997], [-45.1499848, -5.00600559999998], [-45.0338621999999, -5.05906549999997], [-45.0434513, -5.06977899999993], [-45.0304169999999, -5.08453449999996], [-44.9685317999999, -5.11538829999995], [-44.9707331, -5.13087239999993], [-44.9819426, -5.12726349999997], [-44.9914722, -5.13211019999994]]]}}, {"type": "Feature", "properties": {"CD_MUN": "2112001", "NM_MUN": "Tasso Fragoso"}, "geometry": {"type": "Polygon", "coordinates": [[[-46.2868295, -8.75803039999994], [-46.2703625, -8.72250099999997], [-46.2463504, -8.71037939999997], [-46.2334764999999, -8.67254979999996], [-46.2039654, -8.65345279999997], [-46.1794763999999, -8.64920639999997], [-46.1749826, -8.63917639999994], [-46.1465216999999, -8.62973109999996], [-46.1327903, -8.59837929999998], [-46.1116878999999, -8.57467509999998], [-46.1160949, -8.55597859999995], [-46.1095536, -8.54112439999994], [-46.1156192999999, -8.52433269999995], [-46.0962451999999, -8.47748839999997], [-46.0968023, -8.35941059999993], [-46.0831191, -8.34025149999997], [-46.0829573, -8.32792299999994], [-46.1062987999999, -8.29609749999997], [-46.1025981999999, -8.23559439999997], [-46.1205032999999, -8.22684219999996], [-46.1326278999999, -8.14989359999993], [-46.1484359999999, -8.11439779999995], [-46.1447661999999, -8.07705559999994], [-46.1010651999999, -8.05672059999995], [-46.0976676, -8.02398759999994], [-46.0812718, -8.02872939999997], [-46.0614914999999, -8.04472219999997], [-46.0573307, -8.06552519999997], [-46.0338088999999, -8.06796549999996], [-46.0339695, -8.08002629999993], [-46.0235800999999, -8.09283449999998], [-46.0125651, -8.12883669999997], [-46.0024544, -8.13446489999995], [-46.0072445, -8.15270029999994], [-46.0028947, -8.16257169999994], [-45.923164, -8.19647639999994], [-45.913261, -8.18588409999995], [-45.9121364, -8.13269549999995], [-45.8878664, -8.13026789999998], [-45.8519367, -8.10850099999993], [-45.778658, -8.10240679999993], [-45.7609689999999, -8.07061069999997], [-45.765925, -8.04713469999996], [-45.7944957, -8.01871609999995], [-45.7707715, -7.98811769999998], [-45.783801, -7.94547379999995], [-45.7932498, -7.93484959999995], [-45.8233084999999, -7.92958839999994], [-45.8310261999999, -7.91015359999994], [-45.8366111999999, -7.85033309999994], [-45.8275517, -7.81785849999994], [-45.7623897999999, -7.78184679999993], [-45.7382375999999, -7.77935329999997], [-45.7030427, -7.79050749999993], [-45.6756680999999, -7.78792829999998], [-45.6416776999999, -7.80569099999997], [-45.6212899, -7.80684189999994], [-45.5382964999999, -7.86164629999996], [-45.5362332, -7.87349509999996], [-45.5204209999999, -7.88560939999996], [-45.5432695, -7.89726929999995], [-45.5237299, -7.91076889999994], [-45.5312134, -7.92240619999995], [-45.544477, -7.92007999999993], [-45.5431184, -7.93445389999994], [-45.5564711, -7.95369189999997], [-45.5458456, -7.95773169999995], [-45.5475415999999, -7.96799639999995], [-45.5554554, -7.97111169999994], [-45.5681097999999, -7.99412209999997], [-45.5510972, -8.01451879999996], [-45.5637631, -8.01419259999994], [-45.5776554, -8.02833129999993], [-45.5630388, -8.04564359999995], [-45.5700816, -8.07395559999998], [-45.5863042999999, -8.09640299999995], [-45.5763626999999, -8.11474449999997], [-45.5878140999999, -8.12994579999997], [-45.5837278, -8.15693619999996], [-45.592959, -8.17308629999997], [-45.6130573999999, -8.18651419999998], [-45.6097819999999, -8.20541809999997], [-45.6357404, -8.22519839999995], [-45.6477776, -8.24362459999998], [-45.6643756999999, -8.25212079999994], [-45.6671249999999, -8.28865419999994], [-45.6903816999999, -8.33597489999994], [-45.6905796, -8.35581119999995], [-45.7062055, -8.36870339999996], [-45.7063626, -8.38762099999997], [-45.7246754999999, -8.39482399999997], [-45.7225948999999, -8.40531339999995], [-45.7350652, -8.41908079999996], [-45.7305013, -8.42956979999997], [-45.7449161, -8.44915429999998], [-45.7479168, -8.49410409999996], [-45.7386777999999, -8.50065559999996], [-45.7570901999999, -8.52693739999995], [-45.7538372999999, -8.54206329999994], [-45.7707796, -8.57329709999993], [-45.7945867999999, -8.58371149999994], [-45.7948031, -8.59179739999996], [-45.7661906, -8.60954559999993], [-45.7774735, -8.61743339999998], [-45.7978012999999, -8.61299809999997], [-45.7982986, -8.62059129999994], [-45.8159909999999, -8.63275259999995], [-45.8220231, -8.64852599999995], [-45.8124796, -8.65646759999993], [-45.8218323, -8.66592699999995], [-45.8400296, -8.71512369999994], [-45.8502252, -8.71019329999996], [-45.8642273, -8.71552299999996], [-45.8637039, -8.72996469999993], [-45.8898847, -8.73926219999993], [-45.8918982, -8.76275739999994], [-45.9087074, -8.75889389999998], [-45.9383923, -8.78682129999993], [-45.9533317, -8.78279589999994], [-45.9814486999999, -8.79120519999998], [-45.986998, -8.79818269999993], [-46.0173338, -8.79952059999994], [-46.054525, -8.81020949999993], [-46.0561703, -8.81610129999996], [-46.0701103, -8.81002919999997], [-46.097381, -8.83059719999994], [-46.1311504, -8.83733439999997], [-46.2004936, -8.80607629999997], [-46.2386101, -8.80928009999997], [-46.2562993999999, -8.80464999999998], [-46.2868295, -8.75803039999994]]]}}, {"type": "Feature", "properties": {"CD_MUN": "2103802", "NM_MUN": "Dom Pedro"}, "geometry": {"type": "Polygon", "coordinates": [[[-44.3486958999999, -5.10730709999996], [-44.3672523, -5.11284839999996], [-44.3912495, -5.10343029999996], [-44.4198216, -5.12378359999997], [-44.4436906999999, -5.09770539999994], [-44.445499, -5.10544599999997], [-44.4509389, -5.10531799999995], [-44.448029, -5.08341549999994], [-44.4554214999999, -5.08066809999997], [-44.4604571, -5.12321559999998], [-44.4550406, -5.14929319999993], [-44.4882754999999, -5.12738699999994], [-44.4856507, -5.09333669999995], [-44.4973356, -5.04311249999995], [-44.4849518999999, -5.01750609999993], [-44.4961615999999, -4.97590169999995], [-44.4117050999999, -4.97574709999998], [-44.4133052, -4.95077389999994], [-44.3807593, -4.92875699999996], [-44.3753465, -4.91500269999995], [-44.3589456999999, -4.90595139999994], [-44.3579273, -4.89495969999996], [-44.3066034999999, -4.91170169999998], [-44.312448, -5.02411839999996], [-44.3486958999999, -5.10730709999996]]]}}, {"type": "Feature", "properties": {"CD_MUN": "2111953", "NM_MUN": "Sucupira do Riachão"}, "geometry": {"type": "Polygon", "coordinates": [[[-43.4106497, -6.45284719999995], [-43.3962241, -6.46680089999995], [-43.3689449999999, -6.52678319999995], [-43.3793054, -6.53500139999994], [-43.3835304, -6.55270759999996], [-43.3818077999999, -6.59131289999993], [-43.4020049, -6.60948969999993], [-43.4396273, -6.58462029999993], [-43.46419, -6.59414699999996], [-43.4706093, -6.57243799999998], [-43.4930843, -6.57841259999998], [-43.5469689, -6.51797029999994], [-43.5675444, -6.50940509999998], [-43.5711678, -6.49218389999993], [-43.5862468, -6.47860089999995], [-43.5964003, -6.48863049999994], [-43.6056778999999, -6.48753389999996], [-43.6263481, -6.37839959999997], [-43.6496222, -6.34178369999995], [-43.6498134, -6.31711729999995], [-43.6129498999999, -6.32288319999998], [-43.609314, -6.30072299999995], [-43.5797084, -6.27122699999995], [-43.5779198, -6.26235499999996], [-43.5531700999999, -6.27131069999996], [-43.538022, -6.27074049999993], [-43.5142483, -6.25861579999997], [-43.4900405999999, -6.26906769999994], [-43.4554272999999, -6.25989949999996], [-43.4220867, -6.26205189999996], [-43.3687328, -6.28782769999998], [-43.3664084, -6.29856889999996], [-43.3346776, -6.28112539999995], [-43.3161835999999, -6.33244899999994], [-43.3328049, -6.34010659999996], [-43.3568662, -6.34007239999994], [-43.3486723, -6.38064619999994], [-43.3412556, -6.38455589999995], [-43.3503621, -6.39885649999997], [-43.3726073999999, -6.38970999999998], [-43.4217599, -6.40108949999996], [-43.4077596, -6.41564829999993], [-43.4106497, -6.45284719999995]]]}}, {"type": "Feature", "properties": {"CD_MUN": "2103752", "NM_MUN": "Davinópolis"}, "geometry": {"type": "Polygon", "coordinates": [[[-47.11955198, -5.65427558999994], [-47.30347019, -5.65889858999998], [-47.3252029999999, -5.63888669999994], [-47.3426104, -5.64674249999996], [-47.3533016, -5.64315639999995], [-47.3548294, -5.64860269999997], [-47.370527, -5.63938329999996], [-47.3956219999999, -5.64572319999996], [-47.4407381, -5.57845499999996], [-47.4250921, -5.52213389999997], [-47.4109243, -5.50924289999995], [-47.3906605999999, -5.52104569999995], [-47.3817217, -5.51461609999996], [-47.3732939999999, -5.53940299999994], [-47.362382, -5.53746999999993], [-47.358713, -5.54592799999995], [-47.349926, -5.53965899999997], [-47.3423678999999, -5.55439379999996], [-47.32598839, -5.54709540499994], [-47.3252625, -5.55454100999998], [-47.31576889, -5.55555440999996], [-47.307975695, -5.53687338999993], [-47.2952625949999, -5.54546978999997], [-47.27320751, -5.53939569499994], [-47.2667093049999, -5.54927779999997], [-47.252478405, -5.54389839499993], [-47.25261671, -5.55836180999995], [-47.24467519, -5.55232910999996], [-47.2379840999999, -5.56693690499998], [-47.2243423899999, -5.56824528999994], [-47.209552195, -5.58515520499998], [-47.1984739, -5.57791309999993], [-47.18975461, -5.58976039499993], [-47.18044981, -5.58295350499998], [-47.170824485, -5.59562460999996], [-47.1594789, -5.59839310499996], [-47.13591902, -5.64812939999996], [-47.11955198, -5.65427558999994]]]}}, {"type": "Feature", "properties": {"CD_MUN": "2111904", "NM_MUN": "Sucupira do Norte"}, "geometry": {"type": "Polygon", "coordinates": [[[-44.6305475, -6.67997019999996], [-44.171685, -6.25593059999994], [-44.0995670999999, -6.35169979999995], [-44.0578533, -6.36953039999997], [-44.1846922999999, -6.47662229999997], [-44.1856182, -6.48819639999994], [-44.1955442, -6.48578679999997], [-44.5074233999999, -6.74929209999993], [-44.6305475, -6.67997019999996]]]}}, {"type": "Feature", "properties": {"CD_MUN": "2103703", "NM_MUN": "Cururupu"}, "geometry": {"type": "MultiPolygon", "coordinates": [[[[-44.7579494999999, -1.68933849999996], [-44.7384726, -1.67909129999993], [-44.7316537, -1.68824669999998], [-44.7417285, -1.69886959999997], [-44.7579494999999, -1.68933849999996]]], [[[-44.7503381, -1.68024929999996], [-44.7471188, -1.67728749999998], [-44.7451192, -1.67831129999996], [-44.7453498, -1.67926709999995], [-44.7503381, -1.68024929999996]]], [[[-44.7421530999999, -1.66679319999997], [-44.7292133, -1.65869279999993], [-44.7258183, -1.66323699999992], [-44.726933, -1.67247419999995], [-44.7421530999999, -1.66679319999997]]], [[[-44.7950243, -1.52127349999995], [-44.772185, -1.48585969999993], [-44.7758603, -1.47850359999995], [-44.7935358, -1.47043879999995], [-44.7795641, -1.46177489999997], [-44.7589507, -1.46033039999998], [-44.7430495999999, -1.48696169999994], [-44.7458518999999, -1.51207189999997], [-44.7904841, -1.52658719999994], [-44.7950243, -1.52127349999995]]], [[[-44.8697531999999, -1.49284799999998], [-44.8684701999999, -1.48960519999997], [-44.8638031, -1.49197429999992], [-44.8697531999999, -1.49284799999998]]], [[[-45.0500542, -1.36960719999996], [-45.0450557999999, -1.36677889999993], [-45.041639, -1.37256459999998], [-45.0446267, -1.39911659999996], [-45.0500542, -1.36960719999996]]], [[[-45.0338619999999, -1.33802929999996], [-45.0287759999999, -1.31802649999997], [-45.0050768999999, -1.32502469999997], [-44.9785011, -1.31682599999993], [-45.0017248, -1.29203499999994], [-44.9810722999999, -1.26414089999997], [-44.9662021, -1.27113719999994], [-44.9290041, -1.26677189999998], [-44.8995088999999, -1.27426559999998], [-44.8781392, -1.28547459999993], [-44.8703958, -1.29930119999995], [-44.8743818, -1.30778769999995], [-44.8673909, -1.32960529999997], [-44.877601, -1.33035279999996], [-44.8925472, -1.34952499999997], [-44.8944815, -1.33768109999994], [-44.9164408, -1.34437289999994], [-44.9434249, -1.36498169999993], [-44.9472393, -1.37894309999996], [-44.9573708999999, -1.37796399999996], [-44.9891428, -1.40155679999998], [-45.0053356, -1.40082039999993], [-45.0185954999999, -1.38882999999993], [-45.0218118999999, -1.37255049999993], [-45.0140703, -1.34945409999995], [-45.0338619999999, -1.33802929999996]]], [[[-44.8697582, -1.48852209999995], [-44.8710427999999, -1.48771029999995], [-44.8694194999999, -1.48777799999993], [-44.8697582, -1.48852209999995]]], [[[-44.8964755, -1.53238159999995], [-44.8959568, -1.52807109999998], [-44.8950958999999, -1.53192249999995], [-44.8964755, -1.53238159999995]]], [[[-44.777374, -1.94351719999997], [-44.9252256, -1.94492259999993], [-44.913947, -1.91941219999995], [-44.915136, -1.87984319999993], [-44.9287887, -1.87798719999995], [-44.9711947, -1.84466039999995], [-44.9744585999999, -1.83375979999994], [-44.9709577, -1.82738429999995], [-44.9281867, -1.81625639999993], [-44.9043364999999, -1.81755549999997], [-44.8891558999999, -1.76653989999994], [-44.9085683, -1.73243969999993], [-44.9239365999999, -1.71797939999993], [-44.8797377, -1.70840559999994], [-44.8597185, -1.69820649999997], [-44.8597181, -1.69050749999997], [-44.8519424, -1.69050779999998], [-44.8460868, -1.68010209999994], [-44.8300045999999, -1.68347629999994], [-44.8225856, -1.69263269999993], [-44.8106245, -1.68562319999995], [-44.8097723, -1.66558689999994], [-44.8280568, -1.66859479999994], [-44.8140473, -1.64488769999997], [-44.8232742, -1.63687539999995], [-44.8395111999999, -1.63661869999993], [-44.8536948999999, -1.61750499999994], [-44.8410775999999, -1.60302639999998], [-44.8357046, -1.57294089999994], [-44.8026869, -1.58943859999994], [-44.7788164999999, -1.57844719999997], [-44.7685832999999, -1.56129379999993], [-44.7690418, -1.59141189999997], [-44.7634947999999, -1.59473639999993], [-44.7233624, -1.55672409999994], [-44.7075445999999, -1.55167979999993], [-44.7088926, -1.58061519999995], [-44.6966906, -1.58201329999997], [-44.6823256, -1.56595709999993], [-44.6570985, -1.58775069999996], [-44.6363315, -1.61655939999997], [-44.6584889, -1.65975659999998], [-44.6686233, -1.65723359999993], [-44.6750018, -1.64137429999994], [-44.7467771999999, -1.65073269999993], [-44.7532052, -1.66783289999995], [-44.7775457, -1.68022689999998], [-44.799796, -1.70429309999997], [-44.7852359999999, -1.71325699999994], [-44.7786245, -1.71247609999995], [-44.7774635, -1.70575989999998], [-44.7627385, -1.70459009999996], [-44.7543681, -1.71799189999996], [-44.7378323, -1.72201799999993], [-44.722651, -1.72121029999994], [-44.7164723, -1.71332569999993], [-44.7009158, -1.72624359999998], [-44.7040311, -1.74097429999995], [-44.7090658, -1.73575589999996], [-44.7256419999999, -1.75807469999995], [-44.7593749, -1.78303049999994], [-44.7572233999999, -1.78935579999995], [-44.7203201, -1.77985169999994], [-44.7205173999999, -1.78836119999994], [-44.7148933999999, -1.79031709999992], [-44.7031838, -1.76846329999995], [-44.6808578, -1.77264479999997], [-44.6662828, -1.76440989999998], [-44.6620230999999, -1.77093189999994], [-44.6509333, -1.76238129999996], [-44.6460499, -1.76514049999997], [-44.6542555999999, -1.74186819999994], [-44.6475636, -1.74237729999993], [-44.6511353999999, -1.72908609999996], [-44.6586735, -1.72287909999994], [-44.6525225, -1.71540059999995], [-44.6115965, -1.73207039999994], [-44.5984470999999, -1.74467159999995], [-44.6173714, -1.75948969999996], [-44.6154112, -1.76547459999995], [-44.6251918, -1.77883159999993], [-44.6202246999999, -1.81797119999993], [-44.639192, -1.83311699999996], [-44.6579551, -1.83709539999995], [-44.6666628, -1.86308159999993], [-44.7087948, -1.87682939999996], [-44.7119867, -1.88593009999994], [-44.7211502, -1.88589079999997], [-44.7138793999999, -1.88140409999994], [-44.7174424, -1.87442869999995], [-44.7318584999999, -1.88290989999996], [-44.7291645, -1.88865419999996], [-44.7479264, -1.91390719999993], [-44.777374, -1.94351719999997]]], [[[-44.7633254, -1.57905049999994], [-44.7616768, -1.55296579999992], [-44.7532664, -1.53690469999998], [-44.7370061999999, -1.53660129999997], [-44.7337307, -1.55417829999993], [-44.7633254, -1.57905049999994]]], [[[-44.7853436, -1.57585659999995], [-44.7812119, -1.57383529999993], [-44.7801569, -1.57401179999994], [-44.7811249, -1.57647039999995], [-44.7853436, -1.57585659999995]]], [[[-44.8391581, -1.55853089999994], [-44.8287938, -1.55774259999993], [-44.8246276, -1.56478089999996], [-44.8304042, -1.56757909999993], [-44.8391581, -1.55853089999994]]], [[[-44.8365906, -1.54279159999993], [-44.8089429999999, -1.51654109999993], [-44.8134036, -1.50567929999994], [-44.7811940999999, -1.48509989999997], [-44.7820543999999, -1.47860849999995], [-44.775571, -1.48176399999994], [-44.7764667, -1.49249289999995], [-44.7997649, -1.52525369999995], [-44.7937295, -1.53532899999993], [-44.7981619999999, -1.55150489999994], [-44.8091403, -1.56099059999997], [-44.8178682, -1.56057579999992], [-44.8365906, -1.54279159999993]]], [[[-44.9746317, -1.49469989999994], [-44.9638861, -1.47446549999995], [-44.9486808, -1.48179639999995], [-44.9564364999999, -1.48488439999994], [-44.9548712, -1.49128879999995], [-44.9371235, -1.48987349999993], [-44.9201131999999, -1.46201369999994], [-44.8868355, -1.44208889999993], [-44.8811961, -1.42545109999998], [-44.8856946999999, -1.41971779999994], [-44.8604482, -1.41129599999994], [-44.8305432999999, -1.42771629999993], [-44.8439059, -1.48886109999995], [-44.8851088, -1.47790869999994], [-44.8728836, -1.48906429999994], [-44.8822117999999, -1.48991959999995], [-44.8773178, -1.49582319999996], [-44.8948548, -1.51117309999995], [-44.8902260999999, -1.51638199999996], [-44.9000356, -1.53528309999996], [-44.9182656, -1.53903939999998], [-44.9123703999999, -1.55506709999997], [-44.9190712, -1.57158809999993], [-44.9107233, -1.58239949999995], [-44.9122058, -1.59581959999997], [-44.9021188999999, -1.60678139999993], [-44.8898851, -1.60359789999995], [-44.8944893999999, -1.60795619999993], [-44.9383253999999, -1.60325489999997], [-44.9366828, -1.57952879999993], [-44.9530991, -1.56002429999995], [-44.9493021, -1.53474619999997], [-44.9746317, -1.49469989999994]]]]}}, {"type": "Feature", "properties": {"CD_MUN": "2111201", "NM_MUN": "São José de Ribamar"}, "geometry": {"type": "Polygon", "coordinates": [[[-44.1826634999999, -2.69130209999997], [-44.1695761, -2.67780699999997], [-44.1744672, -2.67086539999997], [-44.1704546999999, -2.65798799999993], [-44.1829873, -2.63223599999998], [-44.1780378, -2.62351609999996], [-44.1635110999999, -2.61810659999998], [-44.1616885, -2.60783309999994], [-44.1947461999999, -2.56256909999996], [-44.2074082, -2.56701369999996], [-44.2090545, -2.54319999999996], [-44.1951827999999, -2.54004149999997], [-44.1973108999999, -2.53140849999994], [-44.1907108999999, -2.52953819999993], [-44.1896824999999, -2.52094109999996], [-44.2135321, -2.52136569999993], [-44.2067342, -2.49024769999994], [-44.2127644, -2.48535279999993], [-44.212186, -2.47452799999996], [-44.2208497, -2.47392839999998], [-44.2007323, -2.46385639999994], [-44.1819771, -2.46600959999995], [-44.1782168999999, -2.50835879999994], [-44.1837186, -2.53314329999995], [-44.1927648, -2.54184079999993], [-44.1907338999999, -2.55375429999998], [-44.1418786, -2.55470139999994], [-44.0771051999999, -2.54233669999996], [-44.0732814, -2.52502299999998], [-44.0594321999999, -2.52334289999993], [-44.0637427, -2.51533029999996], [-44.0583766, -2.50073469999995], [-44.0603058999999, -2.47805649999998], [-44.0527971, -2.46568849999994], [-44.0238605, -2.50829289999996], [-44.0360635, -2.55654409999994], [-44.0490313999999, -2.55463369999995], [-44.0537689, -2.56473879999993], [-44.0631963, -2.55955719999997], [-44.0814511999999, -2.56255119999997], [-44.0932409, -2.57560319999993], [-44.0930054, -2.59012549999994], [-44.1056652999999, -2.60337279999993], [-44.1056932, -2.62924479999998], [-44.1255654999999, -2.64774099999994], [-44.1240596, -2.65419019999996], [-44.1317910999999, -2.65632189999997], [-44.1372329, -2.68128169999994], [-44.1533272, -2.68482799999992], [-44.1726687, -2.70197859999996], [-44.1826634999999, -2.69130209999997]]]}}, {"type": "Feature", "properties": {"CD_MUN": "2103000", "NM_MUN": "Caxias"}, "geometry": {"type": "Polygon", "coordinates": [[[-43.7135003999999, -5.31165149999993], [-43.8118621, -5.28989619999993], [-43.8154139, -5.28453109999998], [-43.8025646, -5.28515509999994], [-43.7806760999999, -5.27108049999993], [-43.7612860999999, -5.20200829999993], [-43.7296946, -5.19853209999997], [-43.7248031999999, -5.18320589999996], [-43.6662279, -5.15197709999995], [-43.6392296, -5.11335829999996], [-43.6211468, -5.11997569999994], [-43.5936182, -5.11219289999997], [-43.6104559, -5.07741389999995], [-43.5478934, -4.98586689999996], [-43.5500646, -4.92982029999996], [-43.5650055, -4.87869329999995], [-43.6028772999999, -4.88142879999998], [-43.6269244, -4.86459689999998], [-43.6672862, -4.84910729999996], [-43.7130169, -4.86375479999998], [-43.7441214999999, -4.84464339999994], [-43.7560139, -4.85511849999995], [-43.7687311, -4.85129169999993], [-43.7701622, -4.84243839999993], [-43.7953985999999, -4.83272109999996], [-43.7939125, -4.82509869999996], [-43.7813063, -4.82498679999998], [-43.8023565999999, -4.81973119999998], [-43.8086767999999, -4.80394999999993], [-43.8245439999999, -4.79620189999997], [-43.8405342999999, -4.76152229999997], [-43.7004719999999, -4.73159449999997], [-43.6531983, -4.75470129999997], [-43.6322613999999, -4.73979469999995], [-43.629288, -4.72069409999995], [-43.6215592, -4.71671769999995], [-43.6110057999999, -4.68710969999995], [-43.5889212, -4.66173899999995], [-43.5544322, -4.67667119999993], [-43.5003341, -4.68351429999996], [-43.4903571999999, -4.67574419999994], [-43.4804205, -4.64849379999993], [-43.4654136, -4.64213929999994], [-43.4520598999999, -4.64589729999994], [-43.4509768999999, -4.64048809999997], [-43.4281804, -4.63796039999994], [-43.4201363999999, -4.62928119999998], [-43.4072897999999, -4.63415659999993], [-43.3982751999999, -4.62974519999995], [-43.3878587, -4.63920129999997], [-43.366434, -4.64354899999995], [-43.3363217, -4.67184859999998], [-43.3041266, -4.68141189999994], [-43.2990134999999, -4.69345349999998], [-43.2828064, -4.69449989999993], [-43.2535895, -4.71732229999998], [-43.2398691, -4.69470729999995], [-43.2119241999999, -4.67661399999997], [-43.2040901999999, -4.62941959999995], [-43.1341442, -4.56253629999998], [-43.1219753, -4.50969719999995], [-43.0826724, -4.44615559999994], [-42.9363794, -4.38217159999994], [-42.8800097, -4.41586779999994], [-42.8710854, -4.43002119999994], [-42.8772744, -4.46166959999994], [-42.8535975999999, -4.47432219999996], [-42.8503982999999, -4.48446059999998], [-42.8521698, -4.50597089999997], [-42.8750876, -4.53651709999997], [-42.8665233, -4.56629579999998], [-42.9161688999999, -4.65143339999997], [-42.9509598999999, -4.67724539999995], [-42.9530907, -4.68735529999998], [-42.9442167, -4.70636799999994], [-42.9230767999999, -4.72127659999995], [-42.9208598, -4.73208059999996], [-42.9262348, -4.75068269999997], [-42.9489948, -4.76642479999992], [-42.9479302999999, -4.78856709999997], [-42.9386461999999, -4.80921269999993], [-42.8974052, -4.84261439999995], [-42.8898412999999, -4.89471199999997], [-43.0390707, -4.92738409999993], [-43.0433414, -5.07557969999993], [-43.0632912999999, -5.08105929999994], [-43.0952012, -5.06824039999998], [-43.1110694, -5.07150619999993], [-43.1324238999999, -5.08667319999995], [-43.1323644999999, -5.10721819999998], [-43.1425723, -5.11566409999995], [-43.2059565, -5.14316029999998], [-43.2290854999999, -5.14322499999997], [-43.2289769, -5.18233089999995], [-43.2658625999999, -5.20607239999993], [-43.3520774, -5.19157969999998], [-43.4510304999999, -5.22366309999995], [-43.436587, -5.27370639999998], [-43.4474225, -5.28839909999994], [-43.5285785, -5.22718189999995], [-43.5670249, -5.23019219999998], [-43.7009267, -5.29844409999993], [-43.7135003999999, -5.31165149999993]]]}}, {"type": "Feature", "properties": {"CD_MUN": "2111300", "NM_MUN": "São Luís"}, "geometry": {"type": "MultiPolygon", "coordinates": [[[[-44.4130699999999, -2.79812429999993], [-44.4118445999999, -2.79623189999995], [-44.412133, -2.79818639999996], [-44.4130699999999, -2.79812429999993]]], [[[-44.3735611, -2.57924109999993], [-44.3739586999999, -2.57733489999993], [-44.3731768, -2.57925439999997], [-44.3735611, -2.57924109999993]]], [[[-44.3657499, -2.54497569999995], [-44.3657052, -2.54254989999993], [-44.3638695999999, -2.54450989999998], [-44.3657499, -2.54497569999995]]], [[[-44.3498514, -2.76253939999998], [-44.367984, -2.75641039999994], [-44.3859581999999, -2.76360729999993], [-44.3880156, -2.79580979999997], [-44.410043, -2.79923469999994], [-44.4030569999999, -2.76954569999998], [-44.38627, -2.74865889999995], [-44.3917063, -2.72053829999993], [-44.3792172, -2.68416749999994], [-44.3804292, -2.66817799999995], [-44.3681728999999, -2.65406099999996], [-44.3540919, -2.60319719999995], [-44.3776879, -2.56564709999998], [-44.3579430999999, -2.55426919999996], [-44.3559533, -2.53276339999996], [-44.3489264, -2.52694199999996], [-44.3208354999999, -2.52718329999993], [-44.3175906, -2.54036889999998], [-44.3093309, -2.53893469999997], [-44.3070077, -2.51742359999997], [-44.3115511, -2.50525259999995], [-44.3203242, -2.50285069999995], [-44.304569, -2.48750599999994], [-44.2145298, -2.47330349999993], [-44.2054951, -2.50078429999996], [-44.2125811, -2.50715429999997], [-44.2135321, -2.52136569999993], [-44.1896824999999, -2.52094109999996], [-44.1907108999999, -2.52953819999993], [-44.1973108999999, -2.53140849999994], [-44.1951827999999, -2.54004149999997], [-44.2090545, -2.54319999999996], [-44.2074082, -2.56701369999996], [-44.1947461999999, -2.56256909999996], [-44.1616885, -2.60783309999994], [-44.1635110999999, -2.61810659999998], [-44.1780378, -2.62351609999996], [-44.1829873, -2.63223599999998], [-44.1704255, -2.65811829999996], [-44.1744672, -2.67020149999996], [-44.1705047, -2.68121319999995], [-44.1826182999999, -2.69092139999998], [-44.1756531999999, -2.70205289999996], [-44.1946156, -2.70514359999993], [-44.2222595, -2.72632499999997], [-44.2495716999999, -2.73032179999996], [-44.2657685, -2.76038779999993], [-44.3069553999999, -2.77911929999993], [-44.3300709, -2.78130599999997], [-44.3498514, -2.76253939999998]]], [[[-44.3657416, -2.53991899999994], [-44.365583, -2.53863639999997], [-44.3651216, -2.53975459999998], [-44.3657416, -2.53991899999994]]], [[[-44.3727226999999, -2.52263809999994], [-44.3656733, -2.51864569999998], [-44.3613936, -2.52288099999993], [-44.3639434999999, -2.52886139999993], [-44.3727226999999, -2.52263809999994]]], [[[-44.3595319999999, -2.52365079999993], [-44.3598441999999, -2.52287639999997], [-44.359349, -2.52323129999996], [-44.3595319999999, -2.52365079999993]]]]}}, {"type": "Feature", "properties": {"CD_MUN": "2103109", "NM_MUN": "Cedral"}, "geometry": {"type": "MultiPolygon", "coordinates": [[[[-44.5386093, -2.02305399999995], [-44.53955, -2.02009249999998], [-44.5354194999999, -2.02174499999995], [-44.5386093, -2.02305399999995]]], [[[-44.7223764, -2.07153969999996], [-44.712861, -2.05947639999994], [-44.6831913999999, -2.05242329999993], [-44.7124368, -2.02688209999997], [-44.7219757999999, -1.97518829999996], [-44.6977884, -1.96795029999993], [-44.6964523999999, -1.98920219999997], [-44.6786484, -1.98261539999993], [-44.652226, -1.99040879999995], [-44.6327244999999, -1.98307489999996], [-44.6161392, -1.96836909999996], [-44.6266587, -1.94985689999993], [-44.6379732999999, -1.94414669999998], [-44.6209645, -1.93136529999992], [-44.6224298, -1.92244619999997], [-44.6083520999999, -1.91276649999998], [-44.6011844, -1.89752769999996], [-44.5872793, -1.89761929999997], [-44.5776653, -1.89032859999998], [-44.5648017999999, -1.89627639999998], [-44.539082, -1.88864009999998], [-44.5293129, -1.87893719999994], [-44.5176911999999, -1.88212299999998], [-44.4891805, -1.95705879999997], [-44.4947688999999, -1.96403269999996], [-44.5113406999999, -1.95814089999993], [-44.4954941999999, -1.96835199999992], [-44.4928806, -1.98128529999997], [-44.4820832, -1.98831679999995], [-44.5076407999999, -2.00920979999995], [-44.5355549999999, -2.01964769999995], [-44.5671841, -2.01634929999994], [-44.5876352999999, -2.03763259999994], [-44.6159153, -2.03512339999997], [-44.6213559999999, -2.04295999999994], [-44.6275371999999, -2.03747459999994], [-44.6281094999999, -2.04678669999993], [-44.6380262, -2.04450059999994], [-44.6418543999999, -2.05725589999997], [-44.6491606, -2.05580459999993], [-44.6519373, -2.06249449999996], [-44.7162620999999, -2.07503789999993], [-44.7223764, -2.07153969999996]]]]}}, {"type": "Feature", "properties": {"CD_MUN": "2111250", "NM_MUN": "São José dos Basílios"}, "geometry": {"type": "Polygon", "coordinates": [[[-44.5125341999999, -5.11129699999998], [-44.5448716999999, -5.17053349999998], [-44.5551538, -5.16845489999997], [-44.5567963999999, -5.17371139999995], [-44.5632454, -5.16271119999993], [-44.5715946999999, -5.16277729999996], [-44.5750881, -5.15084699999994], [-44.5994426999999, -5.14295219999997], [-44.5965327, -5.13546189999994], [-44.6091555, -5.13777989999994], [-44.6276953999999, -5.12596569999994], [-44.6234818999999, -5.11873919999994], [-44.6343936, -5.11213789999994], [-44.6343545, -5.09680709999998], [-44.6585590999999, -5.08524349999993], [-44.6563808, -5.07357719999993], [-44.6657675, -5.06620369999996], [-44.6655622, -5.05527079999996], [-44.6596084, -5.04932789999998], [-44.6388388999999, -5.06073189999995], [-44.6422755, -5.05456089999996], [-44.6342705, -5.04660159999997], [-44.6392347999999, -5.03775119999995], [-44.6323386999999, -5.03428879999996], [-44.6284851, -5.01934619999997], [-44.6169133999999, -5.01352049999997], [-44.6207633999999, -5.00579059999995], [-44.6029940999999, -4.99913129999993], [-44.6111428, -4.98735129999994], [-44.6060342, -4.98284939999996], [-44.6127673, -4.98235239999997], [-44.6145172, -4.97072069999996], [-44.6206203, -4.96794789999996], [-44.6112818999999, -4.95062879999995], [-44.6186655, -4.93645739999994], [-44.6149417, -4.92464329999996], [-44.6216951, -4.92461699999996], [-44.6321291, -4.91117189999994], [-44.6162821, -4.89868579999995], [-44.615693, -4.89015959999995], [-44.6434269, -4.87561989999995], [-44.64299949, -4.85702480299994], [-44.5141571999999, -4.97593369999993], [-44.4961615999999, -4.97590169999995], [-44.4849518999999, -5.01750609999993], [-44.4973952, -5.04077419999993], [-44.4856507, -5.09333669999995], [-44.4867886, -5.12536239999997], [-44.5007883, -5.11026919999995], [-44.5125341999999, -5.11129699999998]]]}}, {"type": "Feature", "properties": {"CD_MUN": "2111102", "NM_MUN": "São João dos Patos"}, "geometry": {"type": "Polygon", "coordinates": [[[-43.4621617, -6.59406679999995], [-43.4396273, -6.58462029999993], [-43.4020049, -6.60948969999993], [-43.4545886, -6.84599689999993], [-43.4811804999999, -6.83540989999995], [-43.5050697999999, -6.80083099999996], [-43.5416337, -6.78913689999996], [-43.5487866, -6.76320079999994], [-43.5616591, -6.74812089999995], [-43.5843755999999, -6.75748429999993], [-43.6375111999999, -6.71956249999994], [-43.6705729999999, -6.70662179999994], [-43.6985419, -6.70955139999995], [-43.7042114, -6.70102939999992], [-43.7149901, -6.69873329999996], [-43.7287137, -6.70480159999994], [-43.7538213, -6.70348799999994], [-43.7908571, -6.54509259999998], [-43.8101604, -6.50795489999996], [-43.8211894, -6.51269819999993], [-43.8087361999999, -6.46738499999998], [-43.7843632999999, -6.45492799999994], [-43.8119225999999, -6.42834849999997], [-43.8383694999999, -6.38230959999993], [-43.8367334, -6.34537619999998], [-43.8592624, -6.28428829999996], [-43.6498134, -6.31711729999995], [-43.6496222, -6.34178369999995], [-43.6263481, -6.37839959999997], [-43.6056778999999, -6.48753389999996], [-43.5964003, -6.48863049999994], [-43.5862468, -6.47860089999995], [-43.5711678, -6.49218389999993], [-43.5675444, -6.50940509999998], [-43.5469689, -6.51797029999994], [-43.4935143, -6.57812009999998], [-43.4698632, -6.57289209999993], [-43.4621617, -6.59406679999995]]]}}, {"type": "Feature", "properties": {"CD_MUN": "2102903", "NM_MUN": "Carutapera"}, "geometry": {"type": "MultiPolygon", "coordinates": [[[[-45.9558906, -1.19172829999997], [-45.9541859, -1.18284049999994], [-45.9535539999999, -1.18273799999997], [-45.9558906, -1.19172829999997]]], [[[-46.1763342, -1.47494249999994], [-46.1397841, -1.44387519999998], [-46.1402727, -1.43283549999995], [-46.15415, -1.42257729999994], [-46.1417385999999, -1.41212359999997], [-46.1302067999999, -1.37685439999996], [-46.1160363, -1.36718219999995], [-46.1145703999999, -1.35194099999995], [-46.1037226, -1.33728589999993], [-46.1289363, -1.33425719999997], [-46.1291318, -1.31246979999997], [-46.1473091, -1.30944099999994], [-46.1592317999999, -1.28775109999998], [-46.1588409, -1.27465889999996], [-46.1400773, -1.24769259999994], [-46.1508272999999, -1.23264609999995], [-46.1492636, -1.22600209999996], [-46.1330409, -1.21036929999997], [-46.0770823999999, -1.19624309999995], [-46.0750388, -1.16099839999993], [-46.0679711, -1.15038929999997], [-46.0664207, -1.16246839999997], [-46.0646995, -1.14427679999994], [-46.0563551, -1.13158219999997], [-46.0385085, -1.17299939999998], [-46.0460616, -1.12114079999998], [-46.0209012, -1.08336239999994], [-46.0031997999999, -1.07696389999995], [-45.9975403, -1.05652109999994], [-45.9854304, -1.04979489999994], [-45.9646989999999, -1.05605379999997], [-45.9697181999999, -1.06550439999995], [-45.9772199, -1.06094419999994], [-45.9844517999999, -1.06597549999998], [-45.9769851, -1.06547289999997], [-45.9678261, -1.08722139999998], [-45.9785396, -1.09538939999993], [-45.9837421999999, -1.11081079999997], [-45.9799477999999, -1.11636059999995], [-45.9675647, -1.10855019999997], [-45.9616581, -1.11168859999998], [-45.9642512, -1.13970559999996], [-45.9513962999999, -1.14351859999994], [-45.9596099999999, -1.15885089999995], [-45.9541568, -1.16141999999996], [-45.9577631, -1.19513719999998], [-45.9472527, -1.20237799999995], [-45.8969547999999, -1.11821679999997], [-45.8869179, -1.08183479999997], [-45.870392, -1.07344149999994], [-45.8761595999999, -1.06784649999997], [-45.8715496, -1.05253059999995], [-45.8555595, -1.05151339999998], [-45.8439101, -1.07569919999997], [-45.8501838, -1.10198519999994], [-45.8649478999999, -1.10832119999998], [-45.8647027, -1.13065389999997], [-45.8995892, -1.14978299999996], [-45.9120748999999, -1.16634129999994], [-45.9059533, -1.17186129999993], [-45.8818486, -1.14886999999993], [-45.8710206, -1.15345719999993], [-45.8838661, -1.17840089999993], [-45.8768830999999, -1.17056859999997], [-45.8684205, -1.17182829999996], [-45.8752491, -1.19261239999997], [-45.8622625, -1.18118719999995], [-45.8682453, -1.20527849999996], [-45.8614062, -1.21334689999998], [-45.8484518, -1.21342809999993], [-45.8494550999999, -1.22919879999995], [-45.8639213, -1.24984939999996], [-45.8871516999999, -1.26555569999994], [-45.8848163, -1.28442869999998], [-45.9050877, -1.29097059999998], [-46.0162693, -1.52362929999993], [-46.0241106, -1.51859869999993], [-46.0341829, -1.66687709999997], [-46.0561274, -1.74144659999996], [-46.0686261, -1.72751289999997], [-46.0627949, -1.69433329999993], [-46.0684783999999, -1.67709469999994], [-46.0926145, -1.67612159999993], [-46.1086503, -1.64523169999995], [-46.1612840999999, -1.62284779999993], [-46.1469182, -1.61044139999996], [-46.1549318, -1.59373649999998], [-46.1336272, -1.57869219999998], [-46.1440840999999, -1.51783019999993], [-46.1763342, -1.47494249999994]]], [[[-45.8987456, -1.15936469999997], [-45.9042302, -1.16194909999996], [-45.8924011999999, -1.15048109999998], [-45.8987456, -1.15936469999997]]], [[[-46.0173837999999, -1.07725259999995], [-46.0142789, -1.07202469999993], [-46.0094824, -1.07258279999996], [-46.0118270999999, -1.07688399999995], [-46.0173837999999, -1.07725259999995]]]]}}, {"type": "Feature", "properties": {"CD_MUN": "2111078", "NM_MUN": "São João do Soter"}, "geometry": {"type": "Polygon", "coordinates": [[[-43.7847831999999, -5.27339919999997], [-44.0168648, -5.16671949999994], [-44.0026319, -5.16427519999996], [-43.9600952, -5.05062589999994], [-43.9258965999999, -5.02593599999994], [-43.9018414999999, -5.02613789999998], [-43.8975467999999, -5.01656539999993], [-43.8709034999999, -5.00065729999994], [-43.8559648999999, -4.97808449999997], [-43.8482289, -4.94440629999997], [-43.8310167, -4.93171299999995], [-43.8329305999999, -4.89310829999994], [-43.8512001999999, -4.88459509999996], [-43.8526588, -4.87249149999997], [-43.843036, -4.86162239999993], [-43.8412551, -4.81061779999993], [-43.8270914999999, -4.79042779999997], [-43.8086767999999, -4.80394999999993], [-43.8023565999999, -4.81973119999998], [-43.7813063, -4.82498679999998], [-43.7939125, -4.82509869999996], [-43.7953985999999, -4.83272109999996], [-43.7701622, -4.84243839999993], [-43.7687311, -4.85129169999993], [-43.7560139, -4.85511849999995], [-43.7441214999999, -4.84464339999994], [-43.7130169, -4.86375479999998], [-43.6672862, -4.84910729999996], [-43.6269244, -4.86459689999998], [-43.6028772999999, -4.88142879999998], [-43.5650055, -4.87869329999995], [-43.5500646, -4.92982029999996], [-43.5478934, -4.98586689999996], [-43.6104559, -5.07741389999995], [-43.5936182, -5.11219289999997], [-43.6211468, -5.11997569999994], [-43.6392296, -5.11335829999996], [-43.6662279, -5.15197709999995], [-43.7248031999999, -5.18320589999996], [-43.7296946, -5.19853209999997], [-43.7612860999999, -5.20200829999993], [-43.7847831999999, -5.27339919999997]]]}}, {"type": "Feature", "properties": {"CD_MUN": "2111052", "NM_MUN": "São João do Paraíso"}, "geometry": {"type": "Polygon", "coordinates": [[[-46.7270506, -6.65832789999996], [-46.7412947, -6.67126959999996], [-46.7333472999999, -6.68337579999996], [-46.7965083, -6.69200109999997], [-46.8502124999999, -6.67047549999995], [-46.8996232, -6.68332319999996], [-46.9125198, -6.67789669999996], [-46.9350532, -6.68407959999996], [-46.9611030999999, -6.68054089999993], [-46.9660668999999, -6.66428339999993], [-46.9865275999999, -6.65513649999997], [-46.9953318999999, -6.66175989999994], [-47.0076918999999, -6.65784489999993], [-47.0479501, -6.67225589999993], [-47.0824198999999, -6.66390609999996], [-47.0863747, -6.65652609999995], [-47.1231592, -6.66235229999995], [-47.1472838999999, -6.65207759999993], [-47.1693969, -6.63314029999998], [-47.1704665, -6.61222029999993], [-47.1947380999999, -6.60157269999996], [-47.1968836999999, -6.59294469999998], [-47.2056080999999, -6.59517689999996], [-47.2077513, -6.57603839999996], [-47.2164721, -6.56839769999993], [-47.2006863999999, -6.55646109999998], [-47.1876849999999, -6.55598389999994], [-47.1612914, -6.52710169999995], [-47.1397163999999, -6.51980579999997], [-47.0814495, -6.54729029999993], [-47.0690506, -6.54635029999997], [-47.0959073999999, -6.48088079999997], [-47.1056341, -6.43976909999998], [-47.1404831, -6.42021579999994], [-47.1221184999999, -6.38195849999994], [-47.1068415, -6.38547089999997], [-47.0598957, -6.37875769999994], [-47.0556015999999, -6.35952569999995], [-47.040197, -6.35021829999994], [-47.0390151, -6.33721379999997], [-47.0288755999999, -6.33470459999995], [-47.0257286999999, -6.31370819999995], [-47.0193090999999, -6.31192879999998], [-47.0275152999999, -6.28720719999995], [-47.0141801999999, -6.28530449999994], [-47.0172833, -6.27708939999997], [-47.0069505, -6.28108519999995], [-46.9951897, -6.27141679999994], [-46.9834946, -6.28132819999996], [-46.9713828, -6.26917659999998], [-46.9566215999999, -6.27849649999996], [-46.9467016999999, -6.27311489999994], [-46.9440202, -6.27949379999995], [-46.9312297, -6.27811029999998], [-46.9333508999999, -6.29081659999997], [-46.9273659999999, -6.28538139999995], [-46.9271636999999, -6.29590759999996], [-46.9208798999999, -6.29822019999995], [-46.9178079, -6.29238039999996], [-46.9076456, -6.29698239999993], [-46.901447, -6.29034699999994], [-46.8947583, -6.29427219999997], [-46.865507, -6.28690139999998], [-46.8498129, -6.29386649999998], [-46.8438666, -6.31866039999994], [-46.7651721999999, -6.35540349999997], [-46.7889843, -6.32829949999996], [-46.794953, -6.29775819999998], [-46.8096505999999, -6.29053479999993], [-46.8129362, -6.27718339999996], [-46.8027142999999, -6.25126589999996], [-46.8115031, -6.25070979999998], [-46.8056943, -6.23506879999996], [-46.8135336999999, -6.22392709999997], [-46.8362175999999, -6.21879019999994], [-46.8545721, -6.19892489999995], [-46.8176443999999, -6.19803439999993], [-46.8131183, -6.20438659999996], [-46.8081291999999, -6.19601059999997], [-46.8011, -6.20402809999996], [-46.793168, -6.19044739999993], [-46.7874555, -6.19862909999995], [-46.7852372999999, -6.19140989999994], [-46.7648928, -6.19595119999997], [-46.7575836999999, -6.18913329999998], [-46.7426818, -6.19892359999994], [-46.7197535999999, -6.18895819999995], [-46.6916533, -6.18930999999998], [-46.6812419999999, -6.20324019999993], [-46.6142295, -6.20967729999995], [-46.6094917999999, -6.22427109999995], [-46.6186522, -6.23292279999993], [-46.6204501999999, -6.24701729999992], [-46.6340297, -6.25255379999993], [-46.644875, -6.27692519999994], [-46.6899852, -6.29917429999995], [-46.6887803, -6.32118279999997], [-46.6707651, -6.33867319999996], [-46.6932389, -6.34255099999996], [-46.6950305, -6.35352339999997], [-46.6848623, -6.35549439999994], [-46.6901953999999, -6.36345729999994], [-46.6788965, -6.37333419999993], [-46.6949398, -6.39915939999997], [-46.7068409999999, -6.40245179999994], [-46.7171023999999, -6.41620769999997], [-46.7085347, -6.44116159999993], [-46.7157161, -6.45260499999995], [-46.7264509999999, -6.45326479999994], [-46.7289261999999, -6.46531119999997], [-46.7189241, -6.50490489999993], [-46.7340475999999, -6.52747749999997], [-46.7339746, -6.55224489999995], [-46.7528594, -6.56620359999994], [-46.7527694999999, -6.58603799999997], [-46.7623085, -6.59739249999996], [-46.7571783, -6.62457359999996], [-46.7385904, -6.65167759999997], [-46.7270506, -6.65832789999996]]]}}, {"type": "Feature", "properties": {"CD_MUN": "2103257", "NM_MUN": "Cidelândia"}, "geometry": {"type": "Polygon", "coordinates": [[[-47.7538213999999, -5.25052669999997], [-47.8147994, -5.32362439999997], [-47.8307993, -5.32481699999994], [-47.8400667999999, -5.33368039999993], [-47.8555663, -5.32627969999993], [-47.8746798, -5.27008949999993], [-47.9373486, -5.23957519999993], [-47.91121, -5.21459279999993], [-47.9155031999999, -5.19888309999993], [-47.8987992, -5.19439289999997], [-47.8937438, -5.17540429999997], [-47.8872368, -5.17483999999996], [-47.9111688, -5.15172839999997], [-47.9458208, -5.08886329999996], [-47.9845728, -5.04649639999997], [-47.979901, -5.00953219999997], [-47.9915172999999, -4.99778919999994], [-47.9916464, -4.98216739999998], [-48.0118929, -4.95947369999993], [-48.0192139, -4.93677939999998], [-48.0141361999999, -4.92564909999993], [-48.0176036999999, -4.91204559999994], [-48.0125439, -4.89849699999996], [-48.0181037999999, -4.89452059999996], [-48.0119258999999, -4.88025629999993], [-48.013702, -4.86400789999993], [-48.0325652, -4.83169329999993], [-48.0583627999999, -4.80415969999996], [-48.0253774, -4.77829559999998], [-48.0063979, -4.78574449999996], [-47.9967343, -4.78076209999995], [-47.9800653, -4.78477269999996], [-47.9195804, -4.82930879999998], [-47.8609527, -4.85472269999997], [-47.8553173, -4.87103219999995], [-47.8322588999999, -4.88454239999993], [-47.8135998, -4.92118909999994], [-47.8046171, -4.92229639999994], [-47.8066231999999, -4.92939629999995], [-47.7784864, -4.94570089999996], [-47.7760974, -4.95689509999994], [-47.7515404, -4.96385599999996], [-47.7172346, -4.98648869999994], [-47.7132912, -5.00834939999993], [-47.697232, -5.02962949999994], [-47.5545892, -5.09522159999995], [-47.5387474, -5.15617979999996], [-47.5925627999999, -5.15812779999993], [-47.6066764, -5.16395009999997], [-47.6444647, -5.16080289999996], [-47.6614069, -5.16803609999994], [-47.6867043, -5.15625149999994], [-47.7052667, -5.23542569999995], [-47.7279507, -5.23003429999994], [-47.7393407, -5.24663389999995], [-47.7538213999999, -5.25052669999997]]]}}, {"type": "Feature", "properties": {"CD_MUN": "2111532", "NM_MUN": "São Pedro da Água Branca"}, "geometry": {"type": "Polygon", "coordinates": [[[-48.7551506999999, -5.34916539999995], [-48.4331515, -5.09806549999996], [-48.4346237999999, -5.07667299999997], [-48.4272989, -5.07529689999996], [-48.4190462999999, -5.08571089999998], [-48.4003782999999, -5.07415619999995], [-48.2123779, -4.92493319999994], [-48.1873568, -4.98194519999993], [-48.1951637, -4.99417229999995], [-48.1933739999999, -5.02136969999998], [-48.2114657, -5.03948459999998], [-48.2244853999999, -5.06672189999995], [-48.2118757, -5.08272699999998], [-48.215953, -5.08822999999995], [-48.2027064, -5.11597039999998], [-48.2052480999999, -5.12212489999996], [-48.1937402, -5.12743979999993], [-48.2047875, -5.13526809999996], [-48.2005683, -5.16087089999996], [-48.2213877, -5.19461869999998], [-48.2158423, -5.20142549999997], [-48.2148501, -5.23195549999997], [-48.2249519, -5.23552879999994], [-48.2934031999999, -5.20404809999997], [-48.3209044, -5.20138769999994], [-48.3639097999999, -5.16838049999996], [-48.4661546999999, -5.18544559999998], [-48.4863222, -5.19381979999997], [-48.5194602, -5.19213549999995], [-48.5577369, -5.22393049999994], [-48.5685726, -5.28293279999997], [-48.6061316999999, -5.33650079999995], [-48.6301017, -5.33295779999997], [-48.6514635, -5.31143779999996], [-48.6794384, -5.30582009999995], [-48.6992101, -5.32012319999995], [-48.7044668999999, -5.34472809999994], [-48.712127, -5.35301359999994], [-48.7551506999999, -5.34916539999995]]]}}, {"type": "Feature", "properties": {"CD_MUN": "2111508", "NM_MUN": "São Mateus do Maranhão"}, "geometry": {"type": "Polygon", "coordinates": [[[-44.5730793, -4.11455249999995], [-44.6331142, -4.11458249999993], [-44.6339596999999, -4.11023149999994], [-44.626903, -4.11006949999995], [-44.6330409, -4.10341119999993], [-44.6294047, -4.09350249999994], [-44.6594972999999, -4.09395509999996], [-44.6837184, -4.07573679999996], [-44.6988431999999, -4.09454559999995], [-44.7584836, -4.09116669999997], [-44.7524576, -4.08600039999993], [-44.7564821, -4.07356929999997], [-44.7445281999999, -4.07726759999997], [-44.7373279, -4.06733759999997], [-44.7469121, -4.06120799999997], [-44.7335323, -4.05438699999996], [-44.7402605999999, -4.03597869999993], [-44.7364487999999, -4.02529779999998], [-44.7242252, -4.03970939999994], [-44.7140275, -4.02683189999993], [-44.7065888, -4.03011029999993], [-44.6686649, -4.01589389999998], [-44.6503825999999, -4.01476759999997], [-44.6413216, -4.02003529999996], [-44.6432126999999, -4.02540709999994], [-44.626538, -4.03181899999993], [-44.6170625, -4.02529659999993], [-44.6359353999999, -4.00975279999994], [-44.6326251999999, -3.99391469999995], [-44.6383686999999, -3.98828009999994], [-44.635736, -3.98138299999994], [-44.6271611999999, -3.98042899999996], [-44.6383714, -3.94219039999996], [-44.6220812999999, -3.93092429999996], [-44.6268294, -3.92772099999996], [-44.620325, -3.92002239999994], [-44.6273181999999, -3.90864289999996], [-44.6097157999999, -3.89974209999997], [-44.613706, -3.87294569999995], [-44.6254982, -3.86601199999996], [-44.6186554999999, -3.84477979999997], [-44.5053945999999, -3.84875159999996], [-44.4802632999999, -3.90516789999998], [-44.4800428999999, -3.91916449999997], [-44.4363145, -3.92740529999998], [-44.4330438, -3.93383569999997], [-44.4226537, -3.93222729999997], [-44.4154548, -3.93881799999997], [-44.4111078999999, -3.92943569999994], [-44.4191946, -3.91414409999993], [-44.3931822, -3.89657139999997], [-44.3875897, -3.87842009999997], [-44.3611374, -3.86494819999996], [-44.3562157, -3.85074699999996], [-44.3229388999999, -3.86447399999997], [-44.3196824999999, -3.88178669999996], [-44.3303465, -3.89640679999997], [-44.3415987, -3.89427309999996], [-44.3380428, -3.90896079999993], [-44.3676234, -3.93174799999997], [-44.3597437, -3.94798489999994], [-44.3641052, -3.95923719999996], [-44.3546982, -3.97480019999995], [-44.3831552999999, -3.99734699999993], [-44.3874058, -4.02773849999994], [-44.4072358999999, -4.04317509999993], [-44.4084551, -4.05554979999994], [-44.3993303, -4.06677549999995], [-44.4020879999999, -4.08603899999997], [-44.4628013999999, -4.08592959999993], [-44.4546819999999, -4.09809359999997], [-44.4604914999999, -4.11119549999995], [-44.4497666999999, -4.11603599999995], [-44.4468788999999, -4.12915179999993], [-44.4867879999999, -4.12970289999993], [-44.4868126, -4.09134279999995], [-44.5779492, -4.09272549999997], [-44.5730793, -4.11455249999995]]]}}, {"type": "Feature", "properties": {"CD_MUN": "2103307", "NM_MUN": "Codó"}, "geometry": {"type": "Polygon", "coordinates": [[[-43.8528322999999, -4.88209579999995], [-43.8329305999999, -4.89310829999994], [-43.8310167, -4.93171299999995], [-43.8482289, -4.94440629999997], [-43.8559648999999, -4.97808449999997], [-43.8709034999999, -5.00065729999994], [-43.8975467999999, -5.01656539999993], [-43.9018414999999, -5.02613789999998], [-43.9258965999999, -5.02593599999994], [-43.9599023, -5.05049999999994], [-43.9653843999999, -5.04205089999994], [-43.9748966, -5.04164849999995], [-43.9847635, -5.02838619999994], [-43.9870791, -5.01073229999997], [-44.0086211, -4.99763029999997], [-44.0208193999999, -4.98006289999995], [-44.0347482999999, -4.97771469999998], [-44.0636071, -4.99699299999997], [-44.0775126999999, -4.98538409999998], [-44.1084913999999, -4.98808169999995], [-44.1130181, -4.96992929999993], [-44.1427859999999, -4.96458529999995], [-44.1419634, -4.95159079999996], [-44.1260368, -4.93384069999996], [-44.1180998, -4.93612779999995], [-44.1199442999999, -4.92636719999996], [-44.1143425, -4.92155139999994], [-44.1192651, -4.91954699999997], [-44.1130967, -4.91056679999997], [-44.1205095, -4.90225259999994], [-44.1377049, -4.91203519999993], [-44.1477829999999, -4.90566069999994], [-44.1703618999999, -4.91222049999993], [-44.1663343, -4.90073119999994], [-44.1718754999999, -4.89269889999997], [-44.1941719, -4.87901519999997], [-44.2080568, -4.88269479999997], [-44.2190874999999, -4.90890599999994], [-44.2433963999999, -4.90656439999998], [-44.2643609, -4.92661529999998], [-44.2689660999999, -4.91307759999995], [-44.2956917, -4.91444129999996], [-44.3579273, -4.89495969999996], [-44.3606195999999, -4.87871219999994], [-44.3439629, -4.84782619999993], [-44.3250399, -4.84618799999993], [-44.3225404, -4.83457509999994], [-44.3018129, -4.84547119999996], [-44.2843627, -4.82463309999997], [-44.274557, -4.82651679999998], [-44.2629534, -4.81605649999995], [-44.2538789, -4.81615149999993], [-44.1975944, -4.72933669999998], [-44.2032323999999, -4.71293709999998], [-44.199215, -4.69113749999997], [-44.2086209999999, -4.67458709999994], [-44.2042081, -4.65782469999994], [-44.2266425999999, -4.64561139999995], [-44.2339689, -4.62172799999996], [-44.2202986999999, -4.60541479999995], [-44.2308705, -4.59338359999992], [-44.2165818999999, -4.54728709999995], [-44.1960513, -4.52762789999997], [-44.0874785, -4.50570399999998], [-44.0934882, -4.49475949999993], [-43.9362288999999, -4.33456049999995], [-43.9243723, -4.30624709999995], [-43.9080782, -4.32610149999994], [-43.8976294999999, -4.32619839999995], [-43.8731761999999, -4.35648319999996], [-43.8487297999999, -4.34535959999994], [-43.835182, -4.34595339999993], [-43.8228420999999, -4.32824079999995], [-43.8079514999999, -4.32474839999998], [-43.7522696999999, -4.24198299999995], [-43.5944756, -4.22853219999996], [-43.5156878, -4.18674689999995], [-43.4295102999999, -4.22297829999997], [-43.3681715, -4.30177359999993], [-43.6960081999999, -4.49248169999993], [-43.7026192, -4.49005489999996], [-43.7014516, -4.47972149999993], [-43.7162817999999, -4.48112149999997], [-43.7202847, -4.46826729999998], [-43.7529781, -4.47208459999996], [-43.7421242999999, -4.47558539999994], [-43.6790624999999, -4.55003449999998], [-43.6419271, -4.58223949999996], [-43.6203705, -4.61224119999997], [-43.6140058, -4.63377149999997], [-43.5963728, -4.64248409999993], [-43.5847418, -4.65952579999993], [-43.6054784999999, -4.67815789999997], [-43.6215592, -4.71671769999995], [-43.629288, -4.72069409999995], [-43.6322613999999, -4.73979469999995], [-43.642486, -4.75086249999993], [-43.6580632, -4.75503399999997], [-43.6775067, -4.73871409999992], [-43.7004719999999, -4.73159449999997], [-43.8353633, -4.75640919999995], [-43.8415924999999, -4.76341459999998], [-43.8265706, -4.78896709999998], [-43.8412551, -4.81061779999993], [-43.843036, -4.86162239999993], [-43.8528322999999, -4.88209579999995]]]}}, {"type": "Feature", "properties": {"CD_MUN": "2103174", "NM_MUN": "Centro Novo do Maranhão"}, "geometry": {"type": "Polygon", "coordinates": [[[-46.9461520999999, -3.91555049999994], [-46.9360662999999, -3.87954149999996], [-46.9473048999999, -3.85528529999993], [-46.9443312, -3.84682439999995], [-46.9561947, -3.80513529999996], [-46.9510415999999, -3.79922599999998], [-46.9720637999999, -3.76728749999995], [-46.9732086, -3.75030879999997], [-46.9803975, -3.74617549999994], [-46.9770703999999, -3.73417449999994], [-46.9830607, -3.73394299999995], [-46.9926434, -3.71345199999996], [-46.996774, -3.71797699999996], [-46.996769, -3.70534299999997], [-47.0066308, -3.70396369999997], [-47.0092198, -3.69571319999994], [-47.0294911, -3.68216289999998], [-47.0242342, -3.67085289999994], [-47.0330241, -3.64341599999995], [-47.0251387, -3.63930879999998], [-47.0235309, -3.62622789999995], [-47.0328052, -3.60303809999994], [-47.0274305, -3.59881209999998], [-47.0414005, -3.59072759999998], [-47.0272373, -3.58093299999996], [-47.0395232, -3.57362259999996], [-47.0339934, -3.56870349999997], [-47.0388460999999, -3.56210329999993], [-47.0184659, -3.56553949999994], [-47.0184765, -3.54854249999994], [-47.0102674, -3.54942039999997], [-47.0037685999999, -3.53420399999993], [-46.9943866999999, -3.53873969999995], [-46.9862752999999, -3.52957079999993], [-46.9756993999999, -3.52976839999997], [-46.9783593999999, -3.51771929999995], [-46.9688798, -3.51440279999997], [-46.9823173999999, -3.49494269999997], [-46.9687820999999, -3.48938249999998], [-46.9597912, -3.49508899999995], [-46.9690753, -3.47367739999993], [-46.9484548, -3.47679899999997], [-46.9487968, -3.46577599999995], [-46.9563218, -3.46128879999998], [-46.9470866, -3.45943529999994], [-46.9511912, -3.44816829999996], [-46.946207, -3.45226539999993], [-46.9420536, -3.44650989999997], [-46.9466957, -3.43894969999997], [-46.9553445999999, -3.43836439999995], [-46.9563218, -3.42587769999994], [-46.9399036, -3.42085379999997], [-46.9486990999999, -3.40544019999993], [-46.9443502, -3.39680649999997], [-46.9491389, -3.39217259999998], [-46.9379979, -3.39675779999993], [-46.9360923, -3.39144099999993], [-46.9442524999999, -3.37719759999993], [-46.938682, -3.37280749999996], [-46.9278831, -3.37763659999996], [-46.9215308999999, -3.37051489999993], [-46.9250001999999, -3.36478329999994], [-46.916107, -3.36536869999998], [-46.9172796999999, -3.36131999999998], [-46.9057478999999, -3.36751499999997], [-46.9070672, -3.35897849999998], [-46.8988092, -3.35561269999994], [-46.9027672, -3.35053959999993], [-46.8904046, -3.34336889999997], [-46.8898670999999, -3.33536879999997], [-46.8744751, -3.34590549999996], [-46.8676341, -3.34073469999993], [-46.8654840999999, -3.33336879999996], [-46.8729602999999, -3.32829559999993], [-46.8677807, -3.32692969999994], [-46.8586432, -3.34297859999998], [-46.8493101999999, -3.33702739999995], [-46.8492125, -3.31839289999994], [-46.8391953999999, -3.32414909999994], [-46.8299112999999, -3.31146589999997], [-46.813884, -3.31005119999998], [-46.8122226, -3.30205089999993], [-46.8265886, -3.29790429999997], [-46.8108056, -3.29000149999996], [-46.8093885, -3.28278149999994], [-46.8200897, -3.27404919999998], [-46.8185748999999, -3.26809759999998], [-46.8114408, -3.27292719999997], [-46.802059, -3.26599979999997], [-46.8061635, -3.24404659999993], [-46.7953158, -3.24026569999995], [-46.7859094999999, -3.24724209999994], [-46.7791907, -3.24216839999997], [-46.7785311, -3.21684839999995], [-46.7552719, -3.21621409999995], [-46.7580571999999, -3.20904249999995], [-46.7715436, -3.20406619999994], [-46.7583992, -3.19474769999994], [-46.7730582999999, -3.17859879999997], [-46.7646538, -3.17742789999994], [-46.7515582999999, -3.18884439999994], [-46.7441798999999, -3.17933069999998], [-46.7495549, -3.16591369999998], [-46.7287388999999, -3.16235209999996], [-46.7199434, -3.15347239999994], [-46.7303514, -3.14449509999997], [-46.7293741, -3.12819899999994], [-46.744473, -3.13737169999996], [-46.7481377999999, -3.12185619999997], [-46.7319639, -3.12458849999996], [-46.7188684, -3.10921919999993], [-46.7124673, -3.11561089999998], [-46.7164741, -3.12639369999994], [-46.7077275, -3.12707679999994], [-46.7029388, -3.11902629999997], [-46.7067501999999, -3.10063179999997], [-46.6765035999999, -3.09414239999995], [-46.6820251999999, -3.07438119999995], [-46.6731808, -3.06730619999996], [-46.6773342, -3.03427229999994], [-46.6673172, -3.02968549999997], [-46.672399, -3.01580309999997], [-46.6588149, -3.01085029999996], [-46.6741580999999, -3.00021269999996], [-46.6684898999999, -2.99279549999994], [-46.6499216999999, -2.99601609999996], [-46.6492375999999, -2.98342639999993], [-46.6629682999999, -2.97469159999997], [-46.6474296, -2.96981179999995], [-46.6484068999999, -2.96127209999997], [-46.6676103999999, -2.95468429999994], [-46.6730342, -2.94507089999996], [-46.6539284999999, -2.93106539999997], [-46.6661933, -2.90764129999997], [-46.6626262, -2.90329799999995], [-46.6733763, -2.89307409999998], [-46.6811456, -2.89361099999996], [-46.680828, -2.88314299999996], [-46.668441, -2.87594469999993], [-46.639416, -2.88355779999995], [-46.6346273, -2.87052759999995], [-46.6395626, -2.87160129999995], [-46.6406375999999, -2.86184079999992], [-46.6355556999999, -2.86852669999996], [-46.6312068999999, -2.86169439999998], [-46.6391227999999, -2.85871739999993], [-46.6400022999999, -2.85090889999998], [-46.6209454999999, -2.85964459999997], [-46.6109772999999, -2.85525239999993], [-46.6187466, -2.83597499999996], [-46.6148375, -2.82938639999998], [-46.5895748999999, -2.84578449999998], [-46.5756976, -2.84153859999998], [-46.582392, -2.82909359999996], [-46.5898192999999, -2.83353479999994], [-46.5957806, -2.82631179999993], [-46.5906011, -2.81962559999994], [-46.5997386, -2.81811259999995], [-46.6025238, -2.78921989999998], [-46.6252943, -2.80654589999995], [-46.6348227999999, -2.79644309999998], [-46.6390251, -2.78565709999998], [-46.631158, -2.76891649999993], [-46.6359955, -2.75539689999994], [-46.6422501, -2.75022339999992], [-46.6518761999999, -2.75720279999996], [-46.6588149, -2.74129159999995], [-46.6539774, -2.72904069999993], [-46.6748911, -2.73187159999998], [-46.6675615, -2.72669789999998], [-46.6713728999999, -2.70619819999996], [-46.6631149, -2.69355659999997], [-46.6471852999999, -2.68994459999993], [-46.6506545999999, -2.68047549999994], [-46.6343340999999, -2.68545409999996], [-46.6345296, -2.67417889999996], [-46.6186, -2.66539299999994], [-46.6222648, -2.64494109999993], [-46.6060909, -2.63947409999997], [-46.5926044999999, -2.66549059999994], [-46.5874737999999, -2.64167069999996], [-46.5788737999999, -2.63151779999993], [-46.5068486, -2.61687399999994], [-46.5094384, -2.59061249999996], [-46.5017668, -2.58094729999993], [-46.4913587999999, -2.58329039999995], [-46.4872053999999, -2.57504079999995], [-46.5008879, -2.55590039999993], [-46.5017179, -2.54677689999994], [-46.4912121999999, -2.53755069999994], [-46.4735724, -2.54658159999997], [-46.4193336, -2.53242509999995], [-46.4365825, -2.51524169999993], [-46.4293506999999, -2.49908329999994], [-46.4400517999999, -2.48180189999994], [-46.4324291, -2.46549659999994], [-46.4405892999999, -2.45241309999994], [-46.442153, -2.41941109999993], [-46.4094143, -2.37137119999994], [-46.4132256, -2.36419429999995], [-46.4318916, -2.36448729999995], [-46.4562746, -2.38674999999995], [-46.4673667, -2.37635099999994], [-46.4642883, -2.36336439999997], [-46.4316473, -2.33480309999993], [-46.4324291, -2.29711109999994], [-46.4159132, -2.26913439999993], [-46.4319404999999, -2.23705569999993], [-46.4106358999999, -2.22875519999997], [-46.3961232999999, -2.24672329999993], [-46.382246, -2.24901819999997], [-46.3643618999999, -2.22772979999996], [-46.3472106999999, -2.22196819999994], [-46.3323561, -2.19091389999994], [-46.2832969, -2.15439009999994], [-46.3008879, -2.14179209999998], [-46.2721071, -2.11757239999997], [-46.2686866999999, -2.09481729999993], [-46.2775799, -2.07933779999996], [-46.2745992, -2.05462879999993], [-46.2631651, -2.04930609999997], [-46.0587669, -2.05089929999997], [-46.0988328999999, -2.09270979999997], [-46.1082355, -2.13467269999995], [-46.1509252, -2.19470999999993], [-46.1375027999999, -2.20080539999998], [-46.159138, -2.26021639999993], [-46.1732426, -2.27187979999997], [-46.1792603, -2.28805749999998], [-46.1900596999999, -2.37223969999997], [-46.2052995999999, -2.38642819999995], [-46.2115683, -2.40860979999997], [-46.2282448999999, -2.43042299999996], [-46.2289279, -2.46165289999993], [-46.2584128999999, -2.47748189999993], [-46.2773999, -2.47938059999996], [-46.2824532, -2.48624549999994], [-46.2790777, -2.50987379999998], [-46.2597893, -2.54459289999994], [-46.2573783, -2.57014999999996], [-46.2443421999999, -2.58764039999994], [-46.2515916999999, -2.61017339999995], [-46.2327855999999, -2.63187279999994], [-46.2052995999999, -2.64537469999993], [-46.1845645999999, -2.67044959999993], [-46.1823947, -2.68154039999996], [-46.0752811999999, -2.68166929999995], [-46.0644073999999, -2.68634419999995], [-46.0799559, -2.71404609999996], [-46.0691864, -2.74119059999992], [-46.0908137, -2.78368629999994], [-46.0916920999999, -2.80776419999995], [-46.1316285999999, -2.86543459999996], [-46.1225638999999, -2.90722749999998], [-46.1791492, -2.95817439999996], [-46.1900019999999, -3.01062329999996], [-46.2062190999999, -3.03050379999996], [-46.2908457, -3.07562949999993], [-46.3891404, -3.18003459999994], [-46.4007932, -3.21206259999997], [-46.3908139, -3.27515149999994], [-46.3985271999999, -3.34659879999998], [-46.4138285999999, -3.40116919999997], [-46.4594982, -3.48575369999998], [-46.4756652999999, -3.48626799999994], [-46.5034057999999, -3.50276999999994], [-46.5798538999999, -3.57914569999997], [-46.6308430999999, -3.61306149999996], [-46.6933154, -3.67641859999998], [-46.7066573, -3.73489109999997], [-46.7386493, -3.78512479999995], [-46.7268917, -3.80713529999997], [-46.7295584, -3.82886089999994], [-46.7244643999999, -3.83922619999993], [-46.6972272, -3.85768719999993], [-46.7094627, -3.87798859999998], [-46.7573864, -3.90505339999993], [-46.761087, -3.97563279999997], [-46.8048368999999, -3.99873879999996], [-46.8439178, -4.00321649999995], [-46.869636, -4.03213129999995], [-46.8917465, -4.04399949999993], [-46.9055989999999, -4.08320319999996], [-46.9271034999999, -4.08664709999994], [-46.916196, -4.07721929999997], [-46.9125190999999, -4.03830909999994], [-46.9182145, -3.99884899999995], [-46.9361431999999, -3.96098979999994], [-46.9461520999999, -3.91555049999994]]]}}, {"type": "Feature", "properties": {"CD_MUN": "2103158", "NM_MUN": "Centro do Guilherme"}, "geometry": {"type": "Polygon", "coordinates": [[[-46.035369595, -2.43632990499998], [-46.0313915, -2.46147509999997], [-46.0478575, -2.47142819999993], [-46.0493887, -2.51214949999996], [-46.0688362999999, -2.55846869999993], [-46.0607461, -2.56299049999996], [-46.0666256, -2.57404609999998], [-46.053551, -2.58505959999997], [-46.0581228, -2.62806329999995], [-46.0694513999999, -2.65527579999997], [-46.0633728999999, -2.66045669999994], [-46.0677104, -2.66764179999996], [-46.056257, -2.67533239999995], [-46.0258120999999, -2.68172879999997], [-46.1823947, -2.68154039999996], [-46.1845645999999, -2.67044959999993], [-46.2052995999999, -2.64537469999993], [-46.2327855999999, -2.63187279999994], [-46.2515916999999, -2.61017339999995], [-46.2443421999999, -2.58764039999994], [-46.2573783, -2.57014999999996], [-46.2597893, -2.54459289999994], [-46.2790777, -2.50987379999998], [-46.2824532, -2.48624549999994], [-46.2773999, -2.47938059999996], [-46.2584128999999, -2.47748189999993], [-46.2289279, -2.46165289999993], [-46.2282448999999, -2.43042299999996], [-46.2115683, -2.40860979999997], [-46.2052995999999, -2.38642819999995], [-46.1900596999999, -2.37223969999997], [-46.1792603, -2.28805749999998], [-46.1732426, -2.27187979999997], [-46.159138, -2.26021639999993], [-46.1476549, -2.22274739999995], [-46.1409113999999, -2.23042579999998], [-46.1297872, -2.22965649999998], [-46.1257558, -2.21552669999994], [-46.0939612, -2.18613399999992], [-46.0771702, -2.15658699999994], [-46.0514087, -2.14449279999997], [-46.0209414999999, -2.15818879999995], [-45.9981440999999, -2.15743359999993], [-46.0021068, -2.16985859999994], [-45.9924108, -2.17260599999997], [-46.005215, -2.21205319999996], [-45.9968263, -2.22516679999995], [-45.9945006, -2.25573139999995], [-46.0004053, -2.26824739999995], [-45.9973717, -2.28065519999996], [-46.0076794999999, -2.29567909999997], [-46.0034216999999, -2.30139239999994], [-46.0095914999999, -2.34177609999995], [-45.9973568999999, -2.36504399999995], [-46.0168591999999, -2.41203039999994], [-46.0127279, -2.41940019999993], [-46.0168045, -2.42799139999994], [-46.035369595, -2.43632990499998]]]}}, {"type": "Feature", "properties": {"CD_MUN": "2103125", "NM_MUN": "Central do Maranhão"}, "geometry": {"type": "Polygon", "coordinates": [[[-44.8169187, -2.29863669999997], [-44.8451466999999, -2.31490969999993], [-44.8480410999999, -2.33024109999997], [-44.8679097999999, -2.33575459999997], [-44.8628462999999, -2.35785939999994], [-44.8759846999999, -2.36579529999995], [-44.8807624999999, -2.37764009999995], [-44.8897952, -2.37555689999994], [-44.8983097, -2.38481459999997], [-44.9239949, -2.35982029999997], [-44.9348848, -2.32957319999997], [-44.9348891, -2.23344359999993], [-44.9157956999999, -2.21756359999995], [-44.9000649, -2.19024119999995], [-44.8687882999999, -2.16549819999994], [-44.8713905, -2.14505639999993], [-44.8581624, -2.12511789999996], [-44.8354919, -2.14974809999995], [-44.7957529, -2.15203199999996], [-44.7981124999999, -2.17440549999998], [-44.7839562999999, -2.18685419999997], [-44.7878112999999, -2.20690889999997], [-44.7989727, -2.22216329999998], [-44.7838889, -2.24807269999997], [-44.7558016999999, -2.24431509999994], [-44.7476164, -2.25139129999997], [-44.7317118999999, -2.25183639999995], [-44.7399253999999, -2.26096159999997], [-44.7551295, -2.25825959999997], [-44.7697717, -2.28548769999998], [-44.7989383, -2.30339739999994], [-44.8169187, -2.29863669999997]]]}}, {"type": "Feature", "properties": {"CD_MUN": "2111409", "NM_MUN": "São Luís Gonzaga do Maranhão"}, "geometry": {"type": "Polygon", "coordinates": [[[-44.4256763999999, -4.43397429999993], [-44.4307995, -4.48080979999997], [-44.5773665, -4.47529609999998], [-44.5786438, -4.46245939999994], [-44.5989599, -4.45053119999994], [-44.8506596999999, -4.45644669999996], [-44.8492226, -4.43905209999997], [-44.8575645999999, -4.43316589999995], [-44.8565042, -4.42671109999998], [-44.8649316999999, -4.42570589999997], [-44.8604068999999, -4.41306979999996], [-44.8689191999999, -4.41839709999994], [-44.8699812999999, -4.41243259999993], [-44.8829378999999, -4.41445399999998], [-44.8772107, -4.40943439999995], [-44.8798341999999, -4.40241719999995], [-44.8753214, -4.40518939999993], [-44.8732856999999, -4.38427909999996], [-44.7399124999999, -4.28066979999994], [-44.4769365, -4.27889079999994], [-44.4730999999999, -4.30486189999993], [-44.4067056, -4.32127609999998], [-44.3958575, -4.31807609999993], [-44.4256763999999, -4.43397429999993]]]}}, {"type": "Feature", "properties": {"CD_MUN": "2103208", "NM_MUN": "Chapadinha"}, "geometry": {"type": "Polygon", "coordinates": [[[-43.2087132999999, -4.01831119999997], [-43.4292435, -4.22332239999997], [-43.5156878, -4.18674689999995], [-43.5945690999999, -4.22841779999993], [-43.6023167, -4.21506119999998], [-43.5948389, -4.20715189999993], [-43.5983472999999, -4.18346029999998], [-43.5877156, -4.15745249999998], [-43.5883056, -4.14677499999993], [-43.605624, -4.12510849999995], [-43.5945551999999, -4.10491969999993], [-43.6009557, -4.09332339999997], [-43.6021724999999, -4.04371269999996], [-43.6146272, -4.03073899999993], [-43.6238438999999, -4.03089059999996], [-43.6459829999999, -4.00627179999998], [-43.6555676, -4.00763349999994], [-43.6895122999999, -3.97239529999996], [-43.7032907999999, -3.96950249999998], [-43.7293457, -3.93511679999995], [-43.6066977, -3.61867269999993], [-43.4472162, -3.31666119999994], [-43.4340839, -3.32842379999994], [-43.4366285, -3.33572029999993], [-43.4286284999999, -3.34336749999994], [-43.4337932999999, -3.34783589999995], [-43.4224207999999, -3.36580719999995], [-43.4323661999999, -3.38598909999996], [-43.4295997999999, -3.39835029999995], [-43.4381074999999, -3.40506289999996], [-43.4323439, -3.42137319999995], [-43.4480073999999, -3.43303859999997], [-43.4143227, -3.43652109999994], [-43.4048031999999, -3.44334609999993], [-43.4072818, -3.49271099999993], [-43.3947138999999, -3.50115849999997], [-43.3897929999999, -3.51349169999997], [-43.4021317, -3.52179579999995], [-43.3934191, -3.54925919999994], [-43.3875561999999, -3.54961169999996], [-43.3831714, -3.58154739999998], [-43.3947252999999, -3.59352429999996], [-43.3666669999999, -3.62331169999993], [-43.3676017999999, -3.64964019999996], [-43.3403764999999, -3.66130289999995], [-43.334894, -3.68277709999995], [-43.2309225, -3.70641419999993], [-43.2164998, -3.73967559999994], [-43.2148099999999, -3.76137739999996], [-43.2018404999999, -3.76545599999997], [-43.1976789, -3.78263099999998], [-43.2087132999999, -4.01831119999997]]]}}, {"type": "Feature", "properties": {"CD_MUN": "2110708", "NM_MUN": "São Domingos do Maranhão"}, "geometry": {"type": "Polygon", "coordinates": [[[-44.4983958, -5.80099529999995], [-44.4569809, -5.82876929999998], [-44.4738498999999, -5.85146239999995], [-44.4722209, -5.86369819999993], [-44.4974346, -5.87538999999992], [-44.5010167, -5.85994189999997], [-44.520635, -5.85354659999996], [-44.5393172999999, -5.83380449999993], [-44.5373602999999, -5.80012779999993], [-44.5442154, -5.78838659999997], [-44.5424894, -5.77801029999995], [-44.5251814, -5.76541289999994], [-44.5273268, -5.75510149999997], [-44.5202738999999, -5.74909189999994], [-44.4647325999999, -5.73554549999994], [-44.4539599999999, -5.69687879999998], [-44.4473470999999, -5.61405139999994], [-44.4623434, -5.60727489999994], [-44.4879857, -5.53301329999994], [-44.4771825999999, -5.49652969999994], [-44.460324, -5.49207329999996], [-44.4460202, -5.49702609999997], [-44.4274829, -5.47073889999996], [-44.411064, -5.46497159999996], [-44.3784714999999, -5.47014029999997], [-44.3549432999999, -5.45843109999993], [-44.3442345999999, -5.47442579999995], [-44.3326544999999, -5.46165749999994], [-44.3116244, -5.47355109999995], [-44.2947905999999, -5.50456429999997], [-44.2600303999999, -5.50425329999996], [-44.249317, -5.50084519999996], [-44.2373999, -5.47514729999995], [-44.2247341999999, -5.47055509999996], [-44.2208201999999, -5.46249939999996], [-44.2094188999999, -5.46431309999997], [-44.2131039999999, -5.47766989999997], [-44.2025793999999, -5.50581319999998], [-44.1972244999999, -5.55517939999993], [-44.1589188, -5.52156479999996], [-44.1445636999999, -5.51865959999998], [-44.1444291, -5.55211849999995], [-44.1228424, -5.59121489999995], [-44.1375919, -5.61540759999997], [-44.1828444, -5.66092739999993], [-44.1825686999999, -5.67677219999996], [-44.1647444, -5.70714139999995], [-44.1855272999999, -5.71701479999996], [-44.2026442, -5.71598979999993], [-44.2173946, -5.72801299999998], [-44.2325837999999, -5.76405949999997], [-44.4983958, -5.80099529999995]]]}}, {"type": "Feature", "properties": {"CD_MUN": "2102507", "NM_MUN": "Cajari"}, "geometry": {"type": "Polygon", "coordinates": [[[-45.0494676, -3.51193589999997], [-45.0155240999999, -3.53570849999994], [-45.0313578999999, -3.57104549999997], [-45.0580803, -3.57229669999992], [-45.1060272, -3.55756789999998], [-45.1226652, -3.56726089999995], [-45.1184514999999, -3.52848879999993], [-45.1297412, -3.50861839999993], [-45.1045324999999, -3.48556249999996], [-45.1072599999999, -3.47541459999997], [-45.0948011999999, -3.47189819999994], [-45.0977437, -3.46039429999996], [-45.0889099, -3.46855579999993], [-45.0886829999999, -3.45069099999995], [-45.0815172, -3.45931029999997], [-45.0741439, -3.45247579999995], [-45.0849671, -3.43781369999994], [-45.0783962, -3.42863859999994], [-45.083523, -3.42033369999996], [-45.2717053, -3.39245179999995], [-45.2622762, -3.37996939999994], [-45.2546844999999, -3.32131639999994], [-45.2151719, -3.33220059999996], [-45.1530546, -3.33244689999998], [-45.1299581, -3.32652249999995], [-45.0868158, -3.27294579999995], [-45.0331272999999, -3.23936339999995], [-45.0193267, -3.27920329999995], [-45.0227409, -3.29116289999996], [-45.0162943, -3.29855419999996], [-45.0236791999999, -3.31146789999997], [-44.99349, -3.33511719999996], [-44.9702134999999, -3.33006869999997], [-44.9533802, -3.34047339999995], [-44.9371619, -3.33012159999993], [-44.9467966, -3.31564409999993], [-44.9387657999999, -3.31422429999998], [-44.9458263999999, -3.29261249999996], [-44.9419679, -3.28599139999994], [-44.9395162, -3.29405879999996], [-44.9281574, -3.29240399999998], [-44.9321545, -3.30097779999994], [-44.9207691, -3.30743119999994], [-44.89638, -3.30161809999993], [-44.8962175, -3.29402639999995], [-44.8838511, -3.28350689999996], [-44.8903799999999, -3.27693319999997], [-44.8727140999999, -3.28369629999997], [-44.8711072999999, -3.29258679999998], [-44.8785477, -3.29831529999996], [-44.8622038999999, -3.32916029999996], [-44.863712, -3.34636059999997], [-44.8820782999999, -3.35506569999995], [-44.8921774, -3.35192169999993], [-44.8937286, -3.37445809999997], [-44.8778543, -3.38333739999996], [-44.8990772999999, -3.40076429999993], [-44.9002164999999, -3.42478629999994], [-44.9261911, -3.44009609999995], [-44.9284825999999, -3.46135409999994], [-44.9478986, -3.45809839999993], [-44.9735985999999, -3.42842669999993], [-45.011412, -3.42988379999997], [-45.0124645, -3.45811109999994], [-45.0302247, -3.45906919999993], [-45.0328957999999, -3.48114349999997], [-45.0443567999999, -3.48989369999993], [-45.0413988999999, -3.50066549999997], [-45.0494676, -3.51193589999997]]]}}, {"type": "Feature", "properties": {"CD_MUN": "2102556", "NM_MUN": "Campestre do Maranhão"}, "geometry": {"type": "Polygon", "coordinates": [[[-47.2382297999999, -6.11517350999998], [-47.2049261299999, -6.11764557999993], [-47.18515931, -6.10567622999997], [-47.1589234899999, -6.11051539999994], [-47.1521771, -6.12202419999994], [-47.1442534999999, -6.12062629999997], [-47.1432002999999, -6.13039849999996], [-47.1345734999999, -6.12871769999992], [-47.1253368, -6.14921979999997], [-47.1169869999999, -6.14757019999996], [-47.1120205999999, -6.15631639999998], [-47.0885731, -6.15366889999996], [-47.0823549, -6.16853689999994], [-47.0650497, -6.17100609999994], [-47.0691777, -6.18261719999992], [-47.0432319999999, -6.19751499999995], [-47.0936859999999, -6.21396199999998], [-47.1176609999999, -6.23454099999998], [-47.2696913999999, -6.28756729999998], [-47.3026947, -6.25121089999993], [-47.3219468999999, -6.25528399999996], [-47.3423915, -6.24203519999998], [-47.3807457, -6.25002259999997], [-47.3853683999999, -6.23039149999994], [-47.4014776, -6.20924849999994], [-47.4232039999999, -6.16018609999998], [-47.4333688, -6.08115139999995], [-47.4302297, -6.06835279999996], [-47.421373, -6.08523099999996], [-47.397623, -6.07866149999995], [-47.3903845, -6.08622469999995], [-47.35962799, -6.08000211999996], [-47.3396620999999, -6.08602440999994], [-47.33426121, -6.07549347999998], [-47.31329088, -6.07055328999996], [-47.28510089, -6.10073840999996], [-47.28018471, -6.09539099999995], [-47.25045619, -6.10088788999997], [-47.2382297999999, -6.11517350999998]]]}}, {"type": "Feature", "properties": {"CD_MUN": "2102374", "NM_MUN": "Cachoeira Grande"}, "geometry": {"type": "Polygon", "coordinates": [[[-44.0291412999999, -3.29115729999995], [-44.0301555999999, -3.25494959999997], [-44.0418376, -3.24115439999997], [-44.03401, -3.22053259999996], [-44.0438195, -3.20943619999997], [-44.0315456, -3.18733269999996], [-44.0180339999999, -3.19030339999995], [-44.0068285, -3.18517789999993], [-44.0117455, -3.17761689999998], [-44.0076764999999, -3.17477639999993], [-44.013818, -3.17161069999997], [-44.0085159, -3.15948439999994], [-43.9979142999999, -3.15890239999993], [-43.9943476, -3.14285829999994], [-44.001706, -3.14361809999997], [-43.9931215999999, -3.11863059999996], [-44.015862, -3.10089819999996], [-44.0054873, -3.08818019999995], [-43.9860229999999, -3.08044069999994], [-44.0027267, -3.06149439999996], [-44.0197732999999, -3.07213909999996], [-44.029333, -3.06656389999995], [-44.0337997, -3.07145499999996], [-44.0400746999999, -3.04989379999995], [-44.0519244, -3.04981279999993], [-44.0428601, -3.04317369999995], [-44.0550428999999, -3.03990469999997], [-44.0521317, -3.03355049999993], [-44.0611906999999, -3.02887159999995], [-44.0780920999999, -3.03293749999995], [-44.0778597, -3.01758289999998], [-44.0882976999999, -3.02218549999998], [-44.0712882, -2.99900529999996], [-44.0725404999999, -2.98920639999994], [-44.0619778999999, -2.98242949999997], [-44.0611375, -2.97037469999998], [-44.0741601, -2.96492429999995], [-44.0683597, -2.95253599999995], [-44.0738742, -2.94898209999997], [-44.0594398, -2.93289359999994], [-44.0650330999999, -2.92969359999995], [-44.0580585, -2.92152549999997], [-44.0613934, -2.89985499999995], [-44.0534517, -2.89360919999996], [-44.0297626999999, -2.90450749999997], [-44.0215094, -2.92335819999994], [-44.0280026, -2.94776579999996], [-44.0082738, -2.96208979999994], [-43.9987618, -2.98717629999993], [-43.9016162999999, -3.03197819999997], [-43.8872355999999, -3.04927819999995], [-43.8607064, -3.06261219999993], [-43.7762751, -3.08759989999993], [-43.7654415, -3.09945119999998], [-43.7527254999999, -3.14382799999993], [-43.7601928, -3.18297039999993], [-44.0291412999999, -3.29115729999995]]]}}, {"type": "Feature", "properties": {"CD_MUN": "2102358", "NM_MUN": "Buritirana"}, "geometry": {"type": "Polygon", "coordinates": [[[-46.944791, -5.50955129999994], [-46.945551, -5.55200579999996], [-46.9513287, -5.55517249999997], [-46.9484611, -5.57307349999996], [-46.9553, -5.58584569999994], [-46.9435928999999, -5.59908839999997], [-46.9472048, -5.61021649999998], [-46.9387576999999, -5.61161879999997], [-46.9466222999999, -5.61562789999994], [-46.9454674, -5.62497299999995], [-46.9751603999999, -5.64131099999997], [-47.08601992, -5.67231067999995], [-47.13577499, -5.64829446999994], [-47.159325205, -5.59856099499996], [-47.1709482049999, -5.59553330499995], [-47.1801533949999, -5.58310190499998], [-47.186393595, -5.59036251499998], [-47.1988292, -5.57782490999995], [-47.209552195, -5.58515520499998], [-47.2243423899999, -5.56824528999994], [-47.2379840999999, -5.56693690499998], [-47.24467519, -5.55232910999996], [-47.25261671, -5.55836180999995], [-47.252478405, -5.54389839499993], [-47.2667093049999, -5.54927779999997], [-47.272706195, -5.53964769999993], [-47.280879193, -5.54037550699996], [-47.2555748, -5.51166629999994], [-47.2409590999999, -5.51360149999994], [-47.235538, -5.49592039999993], [-47.211224, -5.47691009999994], [-47.198303, -5.47400229999994], [-47.1744014, -5.45137069999993], [-47.0450969, -5.40289489999998], [-46.9798382, -5.36838429999995], [-46.9473515999999, -5.36500969999997], [-46.9268008, -5.35353439999994], [-46.9058891, -5.35507019999994], [-46.9067228, -5.37111279999993], [-46.8980041, -5.38719769999994], [-46.9012059999999, -5.41539719999997], [-46.9105041999999, -5.41872009999997], [-46.9086680999999, -5.43147589999995], [-46.9161898999999, -5.43164409999997], [-46.9284905, -5.44985469999995], [-46.9323717999999, -5.46090949999996], [-46.9259382, -5.47558429999998], [-46.9360806, -5.48615249999995], [-46.9300514, -5.49065049999996], [-46.9312816, -5.50303189999994], [-46.944791, -5.50955129999994]]]}}, {"type": "Feature", "properties": {"CD_MUN": "2110658", "NM_MUN": "São Domingos do Azeitão"}, "geometry": {"type": "Polygon", "coordinates": [[[-44.4230865, -6.79749529999998], [-44.4015682, -6.81776559999997], [-44.4094344, -6.82501639999998], [-44.4070986, -6.83542589999996], [-44.4407603, -6.85970969999994], [-44.4586499, -6.88902169999994], [-44.4532654999999, -6.89752569999996], [-44.4940344999999, -6.88395259999993], [-44.5127057, -6.92493949999994], [-44.5354919, -7.01512489999993], [-44.5580821, -6.99638989999994], [-44.5727098, -6.99634209999994], [-44.5757986, -6.98704559999993], [-44.5831694999999, -6.98913939999994], [-44.5875961, -6.97786899999994], [-44.5959556, -6.97764409999996], [-44.6156134999999, -6.96120279999997], [-44.6891401999999, -6.97523629999995], [-44.6997517999999, -6.97420449999993], [-44.7101598, -6.96346309999996], [-44.7099171999999, -6.94103559999996], [-44.7391496, -6.92761159999998], [-44.7498153999999, -6.91527459999998], [-44.754093, -6.89079359999994], [-44.7686464, -6.88488079999996], [-44.791053, -6.71401499999996], [-44.7397908, -6.71184049999994], [-44.7119003999999, -6.69680229999994], [-44.7053854, -6.70421669999996], [-44.6986416999999, -6.69378799999993], [-44.6857001, -6.70303849999993], [-44.6804691999999, -6.69204099999996], [-44.6688015999999, -6.70051869999998], [-44.6665432999999, -6.69194019999998], [-44.6602511999999, -6.69736829999994], [-44.6603405, -6.68999179999997], [-44.6493523, -6.69205769999996], [-44.6440406, -6.68049209999998], [-44.6305475, -6.67997019999996], [-44.4230865, -6.79749529999998]]]}}, {"type": "Feature", "properties": {"CD_MUN": "2110609", "NM_MUN": "São Bernardo"}, "geometry": {"type": "Polygon", "coordinates": [[[-42.4113574, -3.47436029999994], [-42.4140937999999, -3.45772819999996], [-42.4247564999999, -3.45340679999993], [-42.4578759999999, -3.48397079999995], [-42.485044, -3.47874989999997], [-42.4846914999999, -3.44728299999997], [-42.4963804, -3.44592459999996], [-42.6404687, -3.36045749999994], [-42.309277, -3.09247919999996], [-42.2455351999999, -3.19916989999996], [-42.2766584, -3.26679459999997], [-42.2727472, -3.44471339999996], [-42.2971219, -3.45386499999995], [-42.3166987, -3.43417029999995], [-42.3314229, -3.43352589999995], [-42.3558482, -3.45065579999994], [-42.3874661, -3.44751509999998], [-42.3961118999999, -3.47065349999997], [-42.4113574, -3.47436029999994]]]}}, {"type": "Feature", "properties": {"CD_MUN": "2102408", "NM_MUN": "Cajapió"}, "geometry": {"type": "MultiPolygon", "coordinates": [[[[-44.5916374, -3.04093449999993], [-44.5738704999999, -3.04439139999994], [-44.5481124, -3.04508459999994], [-44.569869, -3.05363549999993], [-44.5834096999999, -3.05040529999997], [-44.5916374, -3.04093449999993]]], [[[-44.5885956, -2.87610159999997], [-44.5909688, -2.87298339999995], [-44.5880079, -2.86667419999998], [-44.5885956, -2.87610159999997]]], [[[-44.7385973, -2.87518229999995], [-44.7820454, -2.89588909999998], [-44.7915538999999, -2.88926619999995], [-44.7927336, -2.86742339999995], [-44.7804283, -2.84894659999998], [-44.7831786, -2.82995129999995], [-44.7877091, -2.81874239999996], [-44.818845, -2.79802359999996], [-44.7142678, -2.79029219999995], [-44.6914462999999, -2.79538739999992], [-44.6804772999999, -2.79037799999998], [-44.6513788, -2.80288069999995], [-44.6324992999999, -2.85199639999996], [-44.6519734999999, -2.89298089999994], [-44.6552493999999, -2.88677659999996], [-44.7029649, -2.89097219999996], [-44.7336301, -2.88636569999994], [-44.7385973, -2.87518229999995]]], [[[-44.6671074, -2.97182799999996], [-44.6640859999999, -2.96178669999995], [-44.6610868, -2.95703059999994], [-44.6611503999999, -2.98017759999993], [-44.6671074, -2.97182799999996]]], [[[-44.6292213, -2.94333339999997], [-44.6282917, -2.93265139999994], [-44.6209595, -2.92640529999994], [-44.6292213, -2.94333339999997]]], [[[-44.6596079, -2.94458659999998], [-44.6643218, -2.92832209999995], [-44.6408003, -2.91483209999996], [-44.6400566999999, -2.92356369999993], [-44.6596079, -2.94458659999998]]], [[[-44.6415526, -2.97268279999997], [-44.6138693999999, -2.95055269999995], [-44.6007605, -2.90497759999994], [-44.5896165999999, -2.89483989999997], [-44.5803079, -2.85940349999993], [-44.5861828, -2.81465109999994], [-44.5317360999999, -2.74945689999993], [-44.5158508, -2.74250779999994], [-44.5022061999999, -2.72643159999996], [-44.4786707, -2.72840849999994], [-44.4790204, -2.95786029999994], [-44.4955972, -2.97596339999996], [-44.5818651, -3.03202029999994], [-44.5920609, -3.01517569999993], [-44.6332581999999, -2.98634959999993], [-44.6415526, -2.97268279999997]]]]}}, {"type": "Feature", "properties": {"CD_MUN": "2102754", "NM_MUN": "Capinzal do Norte"}, "geometry": {"type": "Polygon", "coordinates": [[[-44.2323317999999, -4.78758919999996], [-44.2444227999999, -4.79526699999997], [-44.2538789, -4.81615149999993], [-44.2629534, -4.81605649999995], [-44.274557, -4.82651679999998], [-44.2843627, -4.82463309999997], [-44.3018129, -4.84547119999996], [-44.3112060999999, -4.84370649999994], [-44.3521709, -4.80750759999995], [-44.3540613, -4.77975289999995], [-44.4061029, -4.74440129999994], [-44.4186392999999, -4.72053289999997], [-44.4503905, -4.69723099999993], [-44.3970333999999, -4.66532329999995], [-44.4068688, -4.65698559999993], [-44.4151866, -4.61655999999994], [-44.3958226999999, -4.60420989999994], [-44.3874597999999, -4.60606499999994], [-44.3808248, -4.58305309999997], [-44.360199, -4.57915309999993], [-44.347572, -4.55821839999993], [-44.1960513, -4.52762789999997], [-44.2165818999999, -4.54728709999995], [-44.2308705, -4.59338359999992], [-44.2202986999999, -4.60541479999995], [-44.2339689, -4.62172799999996], [-44.2266425999999, -4.64561139999995], [-44.2042081, -4.65782469999994], [-44.2086209999999, -4.67458709999994], [-44.199215, -4.69113749999997], [-44.2032323999999, -4.71293709999998], [-44.1975944, -4.72933669999998], [-44.2203089999999, -4.75941799999993], [-44.2323317999999, -4.78758919999996]]]}}, {"type": "Feature", "properties": {"CD_MUN": "2111029", "NM_MUN": "São João do Carú"}, "geometry": {"type": "Polygon", "coordinates": [[[-46.6991978999999, -3.69357799999995], [-46.6933154, -3.67641859999998], [-46.6308430999999, -3.61306149999996], [-46.5932860999999, -3.59104379999997], [-46.4951725999999, -3.49633989999995], [-46.4756652999999, -3.48626799999994], [-46.4594982, -3.48575369999998], [-46.4138285999999, -3.40116919999997], [-46.3985271999999, -3.34659879999998], [-46.3956757, -3.29136639999996], [-46.2783707, -3.34644909999997], [-46.2798784999999, -3.40290869999995], [-46.273805, -3.42413189999996], [-46.2919458, -3.43500999999998], [-46.2624388999999, -3.46730469999994], [-46.2734897999999, -3.48579359999997], [-46.1074657999999, -3.48705389999998], [-46.1037812, -3.51793059999994], [-46.1181202999999, -3.51935749999996], [-46.1283179, -3.56270319999993], [-46.1157423, -3.58936099999994], [-46.1025223, -3.59501859999995], [-46.1117004, -3.60533019999997], [-46.1207132, -3.59807349999994], [-46.1330730999999, -3.60581189999994], [-46.1433979, -3.58522739999995], [-46.1564410999999, -3.58846259999996], [-46.1597323999999, -3.57959579999994], [-46.1661966999999, -3.58235079999997], [-46.1890382999999, -3.57312739999998], [-46.2023828, -3.58327559999998], [-46.2051562, -3.59623109999995], [-46.2135246, -3.58254979999998], [-46.2219453, -3.58928719999994], [-46.242881, -3.58491309999994], [-46.2461211999999, -3.57967769999993], [-46.2406920999999, -3.57560359999997], [-46.2447665, -3.57080619999994], [-46.2549043999999, -3.57327039999996], [-46.2574574999999, -3.55758839999993], [-46.2726929999999, -3.55525849999998], [-46.2777622, -3.56194399999993], [-46.2813472999999, -3.54954939999993], [-46.2883341, -3.54770549999995], [-46.3014765999999, -3.55919939999995], [-46.2967722, -3.53993949999995], [-46.3122046999999, -3.54633919999998], [-46.3274044, -3.53847009999993], [-46.3238377, -3.54997199999997], [-46.3322299, -3.54441639999993], [-46.3381366999999, -3.55427369999995], [-46.3540232, -3.55542599999995], [-46.3565144, -3.56728019999997], [-46.3574095, -3.55795659999995], [-46.3682292, -3.55453069999993], [-46.3648504999999, -3.57077459999994], [-46.3763051, -3.57240359999997], [-46.3825919999999, -3.58304379999993], [-46.403691, -3.57043249999992], [-46.4030339, -3.59162829999997], [-46.420218, -3.59216329999992], [-46.4244646999999, -3.57686319999993], [-46.4370125999999, -3.59125519999998], [-46.4349094999999, -3.57714389999995], [-46.4517519, -3.57663129999997], [-46.4559737, -3.59296559999996], [-46.4738027, -3.59529159999994], [-46.4700007, -3.60889769999994], [-46.4803027, -3.60398839999993], [-46.4894755, -3.61797329999996], [-46.5041740999999, -3.61803059999994], [-46.5226139, -3.63234829999993], [-46.5294246999999, -3.63241779999993], [-46.530675, -3.62544889999998], [-46.5444707, -3.62870339999995], [-46.5435570999999, -3.63534619999996], [-46.5481751999999, -3.63115679999993], [-46.5633225999999, -3.63785449999995], [-46.5682198, -3.64948759999993], [-46.6001921, -3.66831959999996], [-46.5997191, -3.67479289999994], [-46.6169292, -3.67920839999994], [-46.6212116, -3.69537009999993], [-46.6431845, -3.70918609999995], [-46.6597889999999, -3.69614669999993], [-46.6963507, -3.70493829999998], [-46.6991978999999, -3.69357799999995]]]}}, {"type": "Feature", "properties": {"CD_MUN": "2111003", "NM_MUN": "São João Batista"}, "geometry": {"type": "Polygon", "coordinates": [[[-44.6739517999999, -2.99956289999994], [-44.6582157, -3.01537729999995], [-44.6176533999999, -3.02861919999998], [-44.5802219, -3.05137439999993], [-44.6742525, -3.15212399999996], [-44.6919267, -3.13188939999998], [-44.7442023, -3.11971839999995], [-44.7492410999999, -3.10978369999998], [-44.7638415, -3.10723209999998], [-44.7685102999999, -3.09852919999997], [-44.7758344, -3.10039079999996], [-44.8095668, -3.07539079999998], [-44.8065541, -3.06555899999995], [-44.8438467999999, -3.04626359999997], [-44.8578502, -3.04043349999995], [-44.9219924, -3.03626459999992], [-44.9184405, -3.02204339999997], [-44.9228539, -3.01710349999996], [-44.9293503, -3.02564389999998], [-44.9360963999999, -3.02435919999994], [-44.930689, -3.02036579999998], [-44.935105, -3.01391799999993], [-44.9235964, -3.00969889999993], [-44.9225069999999, -2.99936589999993], [-44.9308559999999, -2.99260349999997], [-44.9362727, -2.99861929999997], [-44.9395858, -2.99150899999995], [-44.9437606, -2.99646609999996], [-44.9422117, -2.99033079999998], [-44.9336531, -2.98827509999995], [-44.9392505, -2.97641829999998], [-44.9494106, -2.97971649999994], [-44.9533168999999, -2.97297089999995], [-44.9686854999999, -2.97142489999993], [-44.9620219999999, -2.96709939999994], [-44.9641621, -2.95078589999997], [-44.9745445, -2.93903849999998], [-44.9320021, -2.91855079999993], [-44.9053714, -2.93605219999995], [-44.8620534999999, -2.94587029999997], [-44.791691, -2.88810749999993], [-44.7820454, -2.89588909999998], [-44.7547375, -2.88811619999996], [-44.7408244, -2.87552249999993], [-44.7336301, -2.88636569999994], [-44.7029649, -2.89097219999996], [-44.6552493999999, -2.88677659999996], [-44.6519734999999, -2.89298089999994], [-44.6724000999999, -2.90599469999995], [-44.6797541999999, -2.91944789999997], [-44.6794480999999, -2.97908429999995], [-44.6739517999999, -2.99956289999994]]]}}, {"type": "Feature", "properties": {"CD_MUN": "2102804", "NM_MUN": "Carolina"}, "geometry": {"type": "Polygon", "coordinates": [[[-46.886025, -7.74113899999998], [-46.8730188, -7.74521699999997], [-46.8673944, -7.73613879999994], [-46.8540586, -7.74007879999994], [-46.8371976999999, -7.73192739999996], [-46.8301192, -7.74632599999995], [-46.804224, -7.74647189999996], [-46.8052041, -7.75440369999995], [-46.7949788, -7.76793019999997], [-46.794478, -7.78808559999993], [-46.8027264999999, -7.80304149999995], [-46.8186436999999, -7.80767289999994], [-46.8352523999999, -7.82525249999998], [-46.8308977999999, -7.83965499999994], [-46.846503, -7.88034179999994], [-46.8066332999999, -7.95102979999996], [-46.830271, -7.96422199999995], [-46.8378081, -7.95939009999995], [-46.8404381999999, -7.96588979999996], [-46.8474993999999, -7.95879209999993], [-46.8584633999999, -7.95946549999996], [-46.8665192999999, -7.96950159999994], [-46.8725395, -7.95517459999996], [-46.8960415999999, -7.98606309999997], [-46.9178486, -7.98185789999997], [-46.9207633, -7.99553619999995], [-46.9249940999999, -7.99201459999995], [-46.9536901, -8.00605169999994], [-46.9537371, -8.02595729999996], [-46.9661892999999, -8.03341349999994], [-46.9635102999999, -8.04021459999996], [-46.9803901, -8.04481579999998], [-46.9822473, -8.05043379999995], [-46.9893791, -8.04761269999995], [-46.9985880999999, -8.06709179999996], [-47.0026953999999, -8.05772479999996], [-47.009385, -8.06245439999998], [-47.0158834, -8.05652899999995], [-47.020205, -8.06077479999993], [-47.0447239, -8.05351599999995], [-47.0455514, -8.04625979999997], [-47.0541517999999, -8.04238999999995], [-47.0514841999999, -8.03494079999996], [-47.0598570999999, -8.02787659999996], [-47.067536, -7.99805219999996], [-47.0750742, -8.00017019999996], [-47.0847044999999, -7.98770319999994], [-47.107472, -7.99032389999996], [-47.0988563999999, -7.97984279999997], [-47.1077859, -7.96941249999998], [-47.1036372, -7.95404269999995], [-47.1137510999999, -7.95881059999994], [-47.1175224, -7.95223089999996], [-47.1082903, -7.93688699999996], [-47.1176732, -7.93907799999994], [-47.1221561999999, -7.92183029999995], [-47.1429970999999, -7.92476969999996], [-47.1432040999999, -7.89517859999995], [-47.1570278, -7.89377289999993], [-47.1765483999999, -7.87162749999993], [-47.181339, -7.86167249999994], [-47.1757258, -7.85599749999994], [-47.1877127, -7.85866169999997], [-47.1892243, -7.84226639999997], [-47.1986439999999, -7.84938499999993], [-47.2013863999999, -7.84001459999996], [-47.20967, -7.83907439999996], [-47.2073756999999, -7.83377709999996], [-47.2150000999999, -7.83609989999997], [-47.2354753, -7.82375179999997], [-47.230651, -7.81624389999996], [-47.2455059, -7.81595709999993], [-47.2472162, -7.80887379999996], [-47.2357529999999, -7.80429969999994], [-47.2481276999999, -7.80040289999994], [-47.2407790999999, -7.79434339999995], [-47.2556281999999, -7.76365669999996], [-47.2465928999999, -7.75817439999997], [-47.2603056999999, -7.75488229999996], [-47.2671806, -7.76066889999993], [-47.2606909, -7.74290569999994], [-47.2739936999999, -7.74571009999994], [-47.2750240999999, -7.73039889999995], [-47.2815143, -7.73530029999995], [-47.2938071999999, -7.72784949999993], [-47.3058134, -7.73480619999998], [-47.3139502999999, -7.73081809999996], [-47.3161674, -7.71750959999997], [-47.3062679, -7.71343789999997], [-47.3172716, -7.70235389999993], [-47.3112806, -7.69835659999995], [-47.3033566, -7.70265609999996], [-47.3029898999999, -7.69024639999998], [-47.3316710999999, -7.68544009999994], [-47.3320573, -7.67273959999994], [-47.3387494, -7.66690409999995], [-47.3149328, -7.66003789999996], [-47.3369882, -7.63621979999994], [-47.3495455999999, -7.63136889999993], [-47.3581252, -7.61602419999997], [-47.3741376, -7.62402279999998], [-47.3525614, -7.64178629999998], [-47.353785, -7.64813119999997], [-47.3660017999999, -7.65541059999993], [-47.3822787999999, -7.65459809999993], [-47.3884070999999, -7.63246829999997], [-47.3830179999999, -7.60038939999993], [-47.4051568, -7.58719639999993], [-47.3990893, -7.56912769999997], [-47.4399749999999, -7.55599979999994], [-47.4266289999999, -7.54340049999996], [-47.4251085999999, -7.52855909999994], [-47.4610916, -7.51836339999994], [-47.4751227, -7.53389859999993], [-47.4802534, -7.52600249999995], [-47.4805071, -7.49150469999995], [-47.4972817, -7.47947789999995], [-47.501525, -7.43979489999998], [-47.5284918999999, -7.43353969999993], [-47.5628338999999, -7.45063349999998], [-47.5915697, -7.44006829999995], [-47.5803435999999, -7.41920289999996], [-47.5629288, -7.40621099999993], [-47.5121741999999, -7.38718009999997], [-47.4834958, -7.36512059999995], [-47.4782023999999, -7.33675369999997], [-47.488322, -7.31182039999993], [-47.5038448999999, -7.29009459999997], [-47.5428977, -7.26538359999995], [-47.6001226, -7.26673399999993], [-47.6270110999999, -7.30082369999997], [-47.6477121, -7.30412289999992], [-47.6910091, -7.23829849999993], [-47.7374579, -7.21686559999995], [-47.7498257999999, -7.19526169999995], [-47.7494126999999, -7.17269449999998], [-47.7384544, -7.15602179999996], [-47.7047343, -7.13585919999997], [-47.6603749, -7.15136809999996], [-47.6444559999999, -7.14361159999993], [-47.6274526999999, -7.12158139999997], [-47.6184294999999, -7.09116039999998], [-47.5972326999999, -7.06340099999994], [-47.574782, -7.05033779999997], [-47.5482934999999, -7.01889359999996], [-47.5288692, -6.97720689999994], [-47.5260699999999, -6.93613359999995], [-47.5061521, -6.90112169999998], [-47.5070392, -6.87201009999995], [-47.5193662, -6.83908689999993], [-47.5112010999999, -6.84515539999995], [-47.4976512, -6.83903949999996], [-47.4913771999999, -6.84149119999995], [-47.493038, -6.84721159999998], [-47.4847867999999, -6.84344189999996], [-47.4885037999999, -6.85179849999997], [-47.4776955, -6.85063859999997], [-47.4548346, -6.87566349999997], [-47.3985827, -6.90703259999998], [-47.3886639, -6.92978549999998], [-47.3639509, -6.93123529999997], [-47.3241447, -6.95242319999994], [-47.3119116, -6.95031899999998], [-47.2743943999999, -6.98490579999998], [-47.2475350999999, -6.98749159999994], [-47.23749, -6.98246969999997], [-47.2197952, -6.99096439999994], [-47.1880470999999, -6.98013739999993], [-47.1828702999999, -6.98940449999998], [-47.1666367, -6.99249599999996], [-47.1523151, -7.00474649999995], [-47.1353799, -6.99371559999997], [-47.1256769, -7.00839959999996], [-47.107626, -7.00754359999996], [-47.0942841999999, -7.02048239999993], [-47.0800517, -7.01548199999996], [-47.0582204, -7.02735219999994], [-47.0362403, -7.01713299999994], [-47.0161715, -7.02233429999995], [-46.997561, -7.01490779999995], [-46.9934699999999, -7.02437219999996], [-46.9859015, -7.02335329999994], [-46.9807954, -7.01104959999998], [-46.9545676, -7.03122319999994], [-46.9534894999999, -7.02208799999994], [-46.9443898, -7.01810249999994], [-46.9213807, -7.02982739999993], [-46.9096426, -7.01795489999995], [-46.8897651, -7.02196919999994], [-46.8836798999999, -7.01684459999996], [-46.8845554, -7.02516129999998], [-46.8662785, -7.03258979999993], [-46.8652293, -7.04541749999993], [-46.8450228, -7.06016279999994], [-46.8227117, -7.06219329999993], [-46.8174301999999, -7.07216679999993], [-46.7929889, -7.07192749999996], [-46.778923, -7.07945309999997], [-46.7779576, -7.08884369999993], [-46.7668667999999, -7.09630149999998], [-46.7655561999999, -7.11113709999995], [-46.7748703, -7.11884479999998], [-46.7749537999999, -7.12768959999994], [-46.7297751, -7.16018569999994], [-46.7304640999999, -7.18577079999994], [-46.7110215, -7.20886999999993], [-46.7059222, -7.23213209999994], [-46.7143809999999, -7.23675989999998], [-46.9266531, -7.21613209999992], [-46.9694524999999, -7.24287839999994], [-46.9895053, -7.27744879999995], [-46.9741918999999, -7.30203059999997], [-46.9679692, -7.33352029999998], [-46.9721446999999, -7.34523169999994], [-46.9830090999999, -7.35481869999995], [-47.0076472, -7.35704029999994], [-47.0236199, -7.36562919999994], [-47.0266396, -7.38247909999995], [-47.0374514, -7.38880879999994], [-47.0535010999999, -7.38887579999994], [-47.0747545, -7.40443279999994], [-47.0874775, -7.40650739999995], [-47.1091167, -7.43518719999997], [-47.1252804, -7.52089769999998], [-47.1443125, -7.54369659999998], [-47.1550855999999, -7.54553439999995], [-47.1629771, -7.55706339999995], [-47.2003008999999, -7.58068409999993], [-47.2040699, -7.60609019999993], [-47.2197624999999, -7.62817929999994], [-47.2179672999999, -7.63826089999998], [-47.2094784, -7.63614599999994], [-47.205753, -7.64171099999993], [-47.2006713, -7.63254399999994], [-47.2016776, -7.64470439999997], [-47.1874142, -7.65200249999998], [-47.1839747, -7.64837819999997], [-47.190309, -7.64425439999997], [-47.1850052999999, -7.63693449999994], [-47.1827939, -7.64415359999998], [-47.1521064, -7.65286459999993], [-47.1507033999999, -7.66323449999993], [-47.1417706, -7.65551519999997], [-47.1279178, -7.65720079999994], [-47.1089069999999, -7.64847849999995], [-47.0961574, -7.66691229999998], [-47.0959844, -7.65766479999996], [-47.0866473, -7.64848619999998], [-47.0573323, -7.65659439999996], [-47.0484092999999, -7.65308449999998], [-47.0502489, -7.66947029999994], [-47.0342934, -7.68549199999995], [-47.0356806, -7.69803739999998], [-47.0031853999999, -7.70417839999993], [-46.9886157, -7.69739059999995], [-46.9791782, -7.70921979999997], [-46.9723529999999, -7.69730939999994], [-46.9716731, -7.70476989999997], [-46.9547211, -7.71031969999996], [-46.9509952, -7.69844429999995], [-46.9500508, -7.71274749999998], [-46.9383728, -7.71117859999993], [-46.9313193, -7.71839829999993], [-46.9195738999999, -7.71238669999997], [-46.9102224, -7.72626689999993], [-46.8998660999999, -7.72718329999998], [-46.8939769, -7.74782929999998], [-46.886025, -7.74113899999998]]]}}, {"type": "Feature", "properties": {"CD_MUN": "2110807", "NM_MUN": "São Félix de Balsas"}, "geometry": {"type": "Polygon", "coordinates": [[[-45.0855974, -7.50230909999993], [-44.9875127999999, -7.10216379999997], [-44.9710871, -7.09037149999995], [-44.9708249999999, -7.07733349999995], [-44.9921509, -7.02431129999997], [-44.9357459, -6.86790899999994], [-44.9509325999999, -6.84492429999995], [-44.9520128, -6.83048019999995], [-44.9797113, -6.79734989999997], [-44.979126, -6.78317499999997], [-44.9566854999999, -6.73244329999994], [-44.9442076999999, -6.73164689999993], [-44.9338508, -6.71382109999996], [-44.9025874, -6.70583379999994], [-44.8929798999999, -6.71207649999997], [-44.8801553, -6.70252789999995], [-44.8660912999999, -6.70893039999993], [-44.8527448999999, -6.70242319999994], [-44.8463854, -6.71022959999993], [-44.8383365, -6.70330929999994], [-44.8141168, -6.71251769999998], [-44.7932072, -6.71052959999997], [-44.7686464, -6.88488079999996], [-44.754093, -6.89079359999994], [-44.7498153999999, -6.91527459999998], [-44.7391496, -6.92761159999998], [-44.7099171999999, -6.94103559999996], [-44.7101598, -6.96346309999996], [-44.6973376999999, -6.97443879999997], [-44.6994895, -7.01189479999994], [-44.7106805, -7.04426319999993], [-44.7228219, -7.04825359999995], [-44.7303482999999, -7.05534809999995], [-44.7276242999999, -7.06012399999997], [-44.7406786, -7.06294149999997], [-44.7537634, -7.07538839999995], [-44.754154, -7.08619009999995], [-44.7830870999999, -7.09935069999995], [-44.7845134999999, -7.10587139999996], [-44.7724360999999, -7.12476089999996], [-44.7472093, -7.13465539999993], [-44.7367381, -7.14912839999994], [-44.7177875, -7.15039479999996], [-44.7049923, -7.16337279999993], [-44.7203529, -7.16895549999998], [-44.7194857, -7.18564349999997], [-44.7093495999999, -7.18931469999995], [-44.6984849, -7.17953489999996], [-44.6867354, -7.18680849999993], [-44.6929324, -7.21757259999993], [-44.7049322999999, -7.23635949999993], [-44.6976534999999, -7.25505089999996], [-44.7874932, -7.24870469999996], [-45.0028710999999, -7.49637449999994], [-45.0195825, -7.49639869999993], [-45.0492328, -7.51320979999997], [-45.0855974, -7.50230909999993]]]}}, {"type": "Feature", "properties": {"CD_MUN": "2102606", "NM_MUN": "Cândido Mendes"}, "geometry": {"type": "MultiPolygon", "coordinates": [[[[-45.4994119, -1.36176799999993], [-45.4972207, -1.34695399999993], [-45.4955611999999, -1.34642869999993], [-45.4994119, -1.36176799999993]]], [[[-45.4906951, -1.34770139999995], [-45.4913033999999, -1.34309069999995], [-45.4870053999999, -1.33969669999993], [-45.4906951, -1.34770139999995]]], [[[-45.5963318, -1.23981209999994], [-45.5804227, -1.22110929999997], [-45.5762587, -1.19278259999993], [-45.541619, -1.20356949999996], [-45.5321908, -1.22054509999992], [-45.5400852, -1.23070759999996], [-45.5780755, -1.23076369999995], [-45.5963318, -1.23981209999994]]], [[[-45.6288383999999, -2.15932539999994], [-45.6333759, -2.17845799999998], [-45.6398763999999, -2.17851109999998], [-45.6571820999999, -2.14709179999994], [-45.6530318, -2.13177909999996], [-45.6645305, -2.12987779999997], [-45.6624012999999, -2.11121929999996], [-45.6862624, -2.09106149999997], [-45.6747917, -2.05715059999994], [-45.6824642999999, -2.04225499999995], [-45.6866041, -1.98419199999995], [-45.7005265, -1.95569279999995], [-45.7177619, -1.94064869999994], [-45.7863955999999, -1.90714089999994], [-45.8167622999999, -1.83596119999993], [-45.8607160999999, -1.81053069999996], [-45.8674923999999, -1.81220619999993], [-45.8840178999999, -1.79186259999994], [-45.8719953, -1.78451189999993], [-45.8709038, -1.76378379999994], [-45.8778884, -1.75284269999997], [-45.8706716999999, -1.74978789999994], [-45.8625592, -1.72100459999996], [-45.8525577999999, -1.71439419999996], [-45.8583002999999, -1.70668109999997], [-45.8540664999999, -1.69719979999996], [-45.8654518, -1.68924449999997], [-45.8629716, -1.67902319999996], [-45.8500399, -1.66794369999997], [-45.8511860999999, -1.65927729999993], [-45.8271224, -1.64615279999992], [-45.8309910999999, -1.63308089999992], [-45.8231689, -1.61593739999995], [-45.8286467999999, -1.60989369999993], [-45.8130606999999, -1.58183349999996], [-45.8064950999999, -1.58388009999993], [-45.8128687999999, -1.57922869999993], [-45.8116295999999, -1.56937509999995], [-45.7844094, -1.58072099999993], [-45.763186, -1.56009629999994], [-45.7705038999999, -1.53201299999995], [-45.7758319, -1.53015179999994], [-45.7654836999999, -1.44450369999993], [-45.7038755999999, -1.39451189999994], [-45.6862462999999, -1.39727419999997], [-45.6971725, -1.38624789999994], [-45.6935685, -1.37020569999993], [-45.6676315999999, -1.36795679999994], [-45.6769133, -1.37820379999994], [-45.6638159, -1.36935919999996], [-45.6412991999999, -1.37247829999995], [-45.6307178, -1.36750949999993], [-45.6141593, -1.33351839999995], [-45.6212070999999, -1.31024489999993], [-45.6167523, -1.28551749999997], [-45.6108292, -1.27461059999996], [-45.5937076, -1.26672039999994], [-45.5854171, -1.27906899999994], [-45.5989936999999, -1.29958429999994], [-45.5921061, -1.30243719999993], [-45.5497247, -1.27600369999993], [-45.5449925, -1.30137779999995], [-45.5311336999999, -1.30910939999995], [-45.5177925, -1.30224599999997], [-45.5143598999999, -1.30808979999995], [-45.5267855, -1.35876959999996], [-45.5155998, -1.37743899999992], [-45.5034022999999, -1.37613809999993], [-45.4759213999999, -1.32483819999993], [-45.4460528, -1.31180229999995], [-45.4610589, -1.30567839999998], [-45.4524494999999, -1.29463889999994], [-45.4158743, -1.29626369999994], [-45.4088138, -1.30514659999994], [-45.4074934, -1.32475409999995], [-45.422132, -1.35352069999993], [-45.4348618999999, -1.35111329999995], [-45.4507733, -1.36846329999997], [-45.4558873, -1.36447049999992], [-45.474976, -1.37200719999993], [-45.4868071999999, -1.41979139999995], [-45.4815791, -1.42069449999997], [-45.4872592, -1.44182009999997], [-45.4806035, -1.45465189999993], [-45.4889818, -1.47078179999994], [-45.4755408999999, -1.47984729999996], [-45.4803714, -1.49184309999993], [-45.5065999, -1.49760519999995], [-45.5267974, -1.51587509999996], [-45.5761635, -1.53780929999994], [-45.6015743, -1.55941219999994], [-45.71201, -1.77019349999995], [-45.6222802, -1.95068459999993], [-45.6397241, -1.96529789999994], [-45.6514190999999, -2.00091539999994], [-45.6317483, -2.10592069999996], [-45.6288383999999, -2.15932539999994]]], [[[-45.5764808, -1.27195649999993], [-45.5760576, -1.26220529999995], [-45.5704957999999, -1.26054239999996], [-45.5696245, -1.27047979999998], [-45.5764808, -1.27195649999993]]]]}}, {"type": "Feature", "properties": {"CD_MUN": "2110906", "NM_MUN": "São Francisco do Maranhão"}, "geometry": {"type": "Polygon", "coordinates": [[[-42.8779309, -6.41849319999994], [-42.8668653999999, -6.48815079999997], [-42.8823063, -6.49421959999995], [-42.8864108999999, -6.50460919999995], [-42.9000834999999, -6.50388499999997], [-43.2966421, -6.34216079999993], [-43.3559461999999, -6.34944959999996], [-43.3568662, -6.34007239999994], [-43.3328049, -6.34010659999996], [-43.3161835999999, -6.33244899999994], [-43.3292256, -6.30400929999996], [-43.3288188999999, -6.29024399999997], [-43.3346776, -6.28112539999995], [-43.3664084, -6.29856889999996], [-43.3687328, -6.28782769999998], [-43.3982316, -6.27761619999995], [-43.3193216999999, -6.26115899999996], [-43.3134661999999, -6.19315929999993], [-43.3284791, -6.10761029999998], [-43.3144434, -6.02522569999996], [-43.3068618, -6.02046399999995], [-43.3339852, -5.91109099999994], [-43.0964273, -5.90971019999995], [-43.0887339, -5.91617359999998], [-43.0842112999999, -5.95734009999995], [-43.0708227, -5.97755729999994], [-43.0478658, -5.99562779999997], [-43.0506908, -6.01815949999997], [-43.0761977, -6.04619779999996], [-43.0477101, -6.10392189999993], [-42.9922986, -6.11757459999995], [-42.9797895, -6.13307309999993], [-42.9699110999999, -6.17732509999996], [-42.9346657, -6.19159559999997], [-42.8993598, -6.22309179999996], [-42.8757586, -6.22581199999996], [-42.8545028, -6.24985639999994], [-42.8556756, -6.26491389999995], [-42.8465869, -6.28278809999995], [-42.8491966999999, -6.30714469999998], [-42.8597801, -6.32994769999993], [-42.8536721, -6.33354149999997], [-42.8345664, -6.32518819999996], [-42.8293404999999, -6.34060349999993], [-42.8515221, -6.35860069999995], [-42.8568971999999, -6.39050569999995], [-42.8779309, -6.41849319999994]]]}}, {"type": "Feature", "properties": {"CD_MUN": "2102705", "NM_MUN": "Cantanhede"}, "geometry": {"type": "Polygon", "coordinates": [[[-44.2935669, -3.70280839999998], [-44.2785158, -3.72790649999996], [-44.2633398, -3.72541199999995], [-44.2715398999999, -3.73850249999992], [-44.2602861999999, -3.75625409999998], [-44.2727401, -3.76164229999995], [-44.2755114, -3.77062459999996], [-44.3783481, -3.69144959999994], [-44.4036955, -3.69354809999993], [-44.4089427, -3.70651379999993], [-44.4218729, -3.71321849999993], [-44.4333864, -3.70921849999996], [-44.4395666999999, -3.68705929999993], [-44.4534872999999, -3.68015259999993], [-44.4600131999999, -3.66828869999995], [-44.4557096999999, -3.64235269999995], [-44.4457375, -3.62947179999998], [-44.4470195, -3.57358469999997], [-44.4524620999999, -3.56178379999994], [-44.4002864999999, -3.53029349999997], [-44.3979088999999, -3.53797369999995], [-44.0874049999999, -3.53642939999997], [-44.0850685, -3.53188729999994], [-44.0666783, -3.55877919999995], [-44.0506743999999, -3.56137129999996], [-44.0510643, -3.58749819999997], [-44.0363493999999, -3.64769179999996], [-44.0412097999999, -3.65259859999998], [-44.0346249999999, -3.65630289999996], [-44.0292344, -3.67860799999994], [-44.0482143999999, -3.70401259999994], [-44.0978077, -3.62342139999993], [-44.1215473, -3.63199449999996], [-44.1364766, -3.62944669999996], [-44.1396195, -3.64834459999997], [-44.1546764999999, -3.65190409999997], [-44.1835718999999, -3.69601659999995], [-44.2053177999999, -3.71491859999998], [-44.2086811, -3.70730779999997], [-44.2406551, -3.70421529999993], [-44.2619089999999, -3.69374709999994], [-44.2773999999999, -3.70603329999994], [-44.2935669, -3.70280839999998]]]}}, {"type": "Feature", "properties": {"CD_MUN": "2110856", "NM_MUN": "São Francisco do Brejão"}, "geometry": {"type": "Polygon", "coordinates": [[[-47.2018409, -5.22999339999996], [-47.2256002, -5.26594939999995], [-47.2765319, -5.31407389999993], [-47.2843353, -5.30394139999993], [-47.3128450999999, -5.30743879999994], [-47.331246, -5.26670379999996], [-47.344126, -5.26349899999997], [-47.3392909, -5.25720099999995], [-47.3553626999999, -5.24989819999996], [-47.3817523, -5.27228339999994], [-47.4157299999999, -5.23414769999994], [-47.4094171, -5.21678649999996], [-47.4331850999999, -5.21998409999998], [-47.462032, -5.19335839999997], [-47.4670879, -5.18105409999993], [-47.4893427, -5.17200799999995], [-47.499134, -5.14234719999996], [-47.5150995, -5.12885989999995], [-47.5154656999999, -5.15566789999997], [-47.5265909999999, -5.17742469999996], [-47.5387474, -5.15617979999996], [-47.5545892, -5.09522159999995], [-47.5119496, -5.06199899999996], [-47.5021004, -5.06497489999992], [-47.4942629999999, -5.07719349999996], [-47.4817052, -5.07308709999995], [-47.4767310999999, -5.04674269999992], [-47.3505359, -5.02635839999994], [-47.3307283999999, -5.04364139999996], [-47.3157838, -5.04393709999994], [-47.3212859, -5.05876059999997], [-47.3125812, -5.07622299999997], [-47.3012967, -5.08189939999994], [-47.2913402999999, -5.07915959999997], [-47.2902854, -5.08615999999995], [-47.2808388999999, -5.08096419999993], [-47.2711439999999, -5.08179699999994], [-47.2690607, -5.08809849999994], [-47.2602866999999, -5.08571529999995], [-47.2300410999999, -5.15160769999994], [-47.2150369, -5.16831189999994], [-47.1355526, -5.14338179999993], [-47.1504447, -5.15298539999998], [-47.1565426999999, -5.17879759999994], [-47.1795164, -5.19343709999993], [-47.1850691999999, -5.22147739999997], [-47.2018409, -5.22999339999996]]]}}, {"type": "Feature", "properties": {"CD_MUN": "2110203", "NM_MUN": "Santa Rita"}, "geometry": {"type": "Polygon", "coordinates": [[[-44.2427961999999, -3.30846999999994], [-44.2620487, -3.28958169999993], [-44.2930537, -3.28761799999995], [-44.2908308, -3.27276939999996], [-44.2963316, -3.26802649999996], [-44.3331823999999, -3.26440869999993], [-44.3369625999999, -3.25458829999997], [-44.3559468, -3.25071629999997], [-44.3556963999999, -3.23645199999993], [-44.3646692, -3.23878799999994], [-44.3703772, -3.22225979999996], [-44.3846995, -3.22285839999995], [-44.4006798999999, -3.20679349999995], [-44.4109227, -3.21320279999998], [-44.4223866, -3.20448249999993], [-44.4237621, -3.21121549999998], [-44.4364118, -3.21715609999995], [-44.4442177, -3.20814589999998], [-44.4390976, -3.19646879999993], [-44.4669282999999, -3.19308869999998], [-44.4710499, -3.17705789999997], [-44.5493801, -3.08627529999995], [-44.5412143, -3.06421169999993], [-44.5557664, -3.05038199999996], [-44.4954935, -3.02601359999994], [-44.4880070999999, -3.03869279999998], [-44.4721552, -3.03693979999997], [-44.3219657, -3.10502679999996], [-44.3164229, -3.03218769999995], [-44.3014368999999, -3.03067509999994], [-44.2848701, -3.04400959999992], [-44.2412613, -3.04359469999997], [-44.2533190999999, -3.06974239999994], [-44.2223724, -3.10967349999993], [-44.2418163, -3.13254769999998], [-44.2135357, -3.13385449999993], [-44.2148438999999, -3.18400789999993], [-44.1232282999999, -3.18368589999994], [-44.117607, -3.19411619999994], [-44.0915780999999, -3.19848539999992], [-44.1021938, -3.21853989999994], [-44.1178235, -3.22909509999994], [-44.1028597, -3.24354899999997], [-44.1025452, -3.25347939999995], [-44.1699156999999, -3.26719569999995], [-44.2090868, -3.25324359999996], [-44.2427961999999, -3.30846999999994]]]}}, {"type": "Feature", "properties": {"CD_MUN": "2102002", "NM_MUN": "Bom Jardim"}, "geometry": {"type": "Polygon", "coordinates": [[[-47.0884053, -4.30359069999997], [-47.0692602, -4.26345399999997], [-47.0727401999999, -4.23662959999996], [-47.0296857, -4.22046079999996], [-47.0129178, -4.19328649999994], [-47.0101948, -4.17469039999997], [-46.9643809999999, -4.11272199999996], [-46.9619559999999, -4.09085459999994], [-46.9484846999999, -4.08065459999995], [-46.9242962, -4.08746429999997], [-46.9055989999999, -4.08320319999996], [-46.8917465, -4.04399949999993], [-46.869636, -4.03213129999995], [-46.8439178, -4.00321649999995], [-46.8048368999999, -3.99873879999996], [-46.761087, -3.97563279999997], [-46.7573864, -3.90505339999993], [-46.7094627, -3.87798859999998], [-46.6972272, -3.85768719999993], [-46.7244643999999, -3.83922619999993], [-46.7295584, -3.82886089999994], [-46.7268917, -3.80713529999997], [-46.7386493, -3.78512479999995], [-46.7115077, -3.74411819999995], [-46.6963507, -3.70493829999998], [-46.6640437, -3.69632609999996], [-46.6513828999999, -3.69908589999994], [-46.6431845, -3.70918609999995], [-46.6271214999999, -3.70186329999996], [-46.6169292, -3.67920839999994], [-46.5997191, -3.67479289999994], [-46.6001921, -3.66831959999996], [-46.5682198, -3.64948759999993], [-46.5633225999999, -3.63785449999995], [-46.5481751999999, -3.63115679999993], [-46.5435570999999, -3.63534619999996], [-46.5444707, -3.62870339999995], [-46.530675, -3.62544889999998], [-46.5294246999999, -3.63241779999993], [-46.5226139, -3.63234829999993], [-46.5041740999999, -3.61803059999994], [-46.4894755, -3.61797329999996], [-46.4803027, -3.60398839999993], [-46.4700007, -3.60889769999994], [-46.4738027, -3.59529159999994], [-46.4559737, -3.59296559999996], [-46.4517519, -3.57663129999997], [-46.4349094999999, -3.57714389999995], [-46.4370125999999, -3.59125519999998], [-46.4244646999999, -3.57686319999993], [-46.420218, -3.59216329999992], [-46.4031231, -3.59165119999994], [-46.4033729999999, -3.57022419999993], [-46.3825919999999, -3.58304379999993], [-46.3763051, -3.57240359999997], [-46.3648504999999, -3.57077459999994], [-46.3681748, -3.55448829999995], [-46.3574095, -3.55795659999995], [-46.3567333, -3.56734549999993], [-46.3540232, -3.55542599999995], [-46.3381366999999, -3.55427369999995], [-46.3322299, -3.54441639999993], [-46.3238377, -3.54997199999997], [-46.3274044, -3.53847009999993], [-46.3122046999999, -3.54633919999998], [-46.2980618999999, -3.53915609999996], [-46.3025302, -3.55874149999994], [-46.2901095, -3.55439609999996], [-46.2883341, -3.54770549999995], [-46.2813472999999, -3.54954939999993], [-46.2777622, -3.56194399999993], [-46.2726929999999, -3.55525849999998], [-46.2574574999999, -3.55758839999993], [-46.2549043999999, -3.57327039999996], [-46.2447665, -3.57080619999994], [-46.2406920999999, -3.57560359999997], [-46.2461211999999, -3.57967769999993], [-46.242881, -3.58491309999994], [-46.2219453, -3.58928719999994], [-46.2135246, -3.58254979999998], [-46.2051562, -3.59623109999995], [-46.2023828, -3.58327559999998], [-46.1890382999999, -3.57312739999998], [-46.1661966999999, -3.58235079999997], [-46.1597323999999, -3.57959579999994], [-46.1564410999999, -3.58846259999996], [-46.1433979, -3.58522739999995], [-46.1330730999999, -3.60581189999994], [-46.1207132, -3.59807349999994], [-46.1123552, -3.60554319999994], [-46.1025223, -3.59501859999995], [-46.1157423, -3.58936099999994], [-46.1283179, -3.56270319999993], [-46.1181202999999, -3.51935749999996], [-46.1037812, -3.51793059999994], [-46.1094308, -3.48588269999993], [-45.6875436, -3.48729829999996], [-45.5432258, -3.48988179999998], [-45.5423805999999, -3.50549409999996], [-45.5334384999999, -3.51478809999998], [-45.5348183, -3.52765359999995], [-45.5194552, -3.54458679999993], [-45.5284920999999, -3.56499649999995], [-45.5204064, -3.57062889999997], [-45.5188649999999, -3.58235739999998], [-45.5088076, -3.57562989999997], [-45.5021563, -3.59919469999994], [-45.4908823, -3.61113499999993], [-45.4688419999999, -3.60408549999994], [-45.4640492999999, -3.59206259999996], [-45.4435377, -3.59526209999996], [-45.4157253, -3.57729129999996], [-45.4053471, -3.57524909999995], [-45.3991791999999, -3.58397899999994], [-45.3986164, -3.59640809999996], [-45.4082597999999, -3.60100259999996], [-45.3949681999999, -3.60470809999993], [-45.398726, -3.61073539999995], [-45.4046703, -3.60731489999995], [-45.4161647, -3.61307999999997], [-45.4235323999999, -3.62669429999994], [-45.4341818, -3.61804779999994], [-45.4609680999999, -3.63323929999996], [-45.4607348, -3.64645779999995], [-45.4665366, -3.64746199999996], [-45.4615363, -3.65628389999995], [-45.4810616999999, -3.66912739999998], [-45.4731522, -3.67784579999994], [-45.4929452, -3.68741869999997], [-45.498746, -3.69814679999996], [-45.5042612999999, -3.69143099999997], [-45.5030901, -3.67557509999995], [-45.5106368, -3.67404199999993], [-45.5074615999999, -3.66959029999992], [-45.5193568, -3.67054869999993], [-45.5280739999999, -3.65854059999998], [-45.5411956999999, -3.66302859999996], [-45.5542564, -3.65824769999995], [-45.5865889999999, -3.68029619999993], [-45.6160674, -3.67900449999996], [-45.6166221, -3.66923709999998], [-45.6224978, -3.66773069999994], [-45.6169642, -3.65650959999994], [-45.6222683, -3.63958299999996], [-45.6449977, -3.62142569999997], [-45.6624348999999, -3.63322759999994], [-45.6866209, -3.63993529999993], [-45.6929534, -3.63372229999993], [-45.705071, -3.64177279999996], [-45.7325064999999, -3.63535339999993], [-45.7412669, -3.64225659999994], [-45.765126, -3.64484109999995], [-45.7683805999999, -3.63975149999993], [-45.8135091999999, -3.63631809999993], [-45.8342898999999, -3.64887549999997], [-45.8410627, -3.66478559999996], [-45.8451679, -3.65812599999992], [-45.8648732, -3.66321289999996], [-45.8881117999999, -3.65984669999995], [-45.9123676, -3.69038479999995], [-45.9435784999999, -3.70564719999993], [-45.9709493999999, -3.69536109999996], [-45.9766943, -3.68531069999995], [-45.991528, -3.68309329999994], [-46.0135536999999, -3.70593029999998], [-46.0490217999999, -3.70068289999995], [-46.0612609, -3.70453639999994], [-46.068322, -3.71737029999997], [-46.1014427, -3.71745919999995], [-46.1103146999999, -3.73619679999996], [-46.1192373, -3.73823169999997], [-46.1390104, -3.76418289999998], [-46.1651204999999, -3.78388319999993], [-46.1630908, -3.79485119999993], [-46.1705221, -3.81270009999997], [-46.1793400999999, -3.81586539999995], [-46.1829731, -3.84481129999995], [-46.189245, -3.84647889999997], [-46.2036151999999, -3.87432249999995], [-46.2053327, -3.92802149999994], [-46.2306933, -3.94639059999997], [-46.2512958999999, -3.95116369999994], [-46.278737, -4.01083259999996], [-46.3584984999999, -4.05509579999995], [-46.3729839, -4.08580859999995], [-46.4274105, -4.12160829999993], [-46.4501562, -4.16880359999993], [-46.4703972999999, -4.18499669999994], [-46.4791503, -4.18435499999993], [-46.4806644999999, -4.20100259999998], [-46.4872224, -4.20045549999998], [-46.5000461, -4.21832499999994], [-46.5327419, -4.23927699999996], [-46.5312317999999, -4.25378489999997], [-46.539252, -4.26956929999994], [-46.5590187, -4.27288709999993], [-46.5752004, -4.29188759999994], [-46.5890247999999, -4.29827579999994], [-46.5928491999999, -4.30926929999993], [-46.6197242, -4.32204419999994], [-46.6317200999999, -4.33497829999993], [-46.6425541999999, -4.33494819999993], [-46.6498612, -4.34223509999993], [-46.6780515, -4.34177079999995], [-46.685259, -4.35494119999993], [-46.6992931999999, -4.35569449999997], [-46.7211876, -4.37485869999995], [-46.7325845999999, -4.37222849999995], [-46.7389252999999, -4.38294549999995], [-46.7677653, -4.37218319999994], [-46.8227216999999, -4.37722829999996], [-46.8492648, -4.39539939999997], [-46.8575198999999, -4.41653039999994], [-46.8749056999999, -4.43257259999996], [-46.8894207, -4.42719159999996], [-46.9323055, -4.44315259999996], [-46.9365129999999, -4.43287079999993], [-46.9482131, -4.43484539999997], [-46.9652505, -4.42526459999993], [-46.9998651, -4.42739669999997], [-47.0172664999999, -4.41998509999996], [-47.0314461999999, -4.38825469999995], [-47.0598813, -4.36623059999994], [-47.0626576, -4.34481229999994], [-47.0710482, -4.34246479999996], [-47.0730414999999, -4.32369969999996], [-47.0884053, -4.30359069999997]]]}}, {"type": "Feature", "properties": {"CD_MUN": "2110278", "NM_MUN": "Santo Amaro do Maranhão"}, "geometry": {"type": "Polygon", "coordinates": [[[-43.0972717999999, -2.91476869999997], [-43.1856288, -2.95894999999996], [-43.1992604, -2.94857289999993], [-43.2126014, -2.93416399999995], [-43.2255074999999, -2.89520759999994], [-43.2840957999999, -2.79917049999995], [-43.2843376, -2.78167269999994], [-43.2558455, -2.73532349999994], [-43.2611560999999, -2.71947859999995], [-43.2829963999999, -2.69965229999997], [-43.3190675, -2.64261049999993], [-43.3224562, -2.60461949999996], [-43.3471178, -2.55478339999996], [-43.3371822, -2.54655079999998], [-43.3416374, -2.51931239999993], [-43.3314177999999, -2.51789439999993], [-43.3346736999999, -2.51072759999994], [-43.3225285999999, -2.50336739999995], [-43.3409559999999, -2.50036879999993], [-43.3400981999999, -2.49188679999997], [-43.3303971999999, -2.47900369999996], [-43.3045981, -2.47619739999993], [-43.3181771, -2.38464179999994], [-43.3264419, -2.37828559999997], [-43.3148269, -2.36626139999993], [-43.3296137, -2.34322979999996], [-43.36948, -2.34728089999993], [-43.3779208, -2.34266799999995], [-43.3739505, -2.33942249999996], [-43.3174928999999, -2.33769969999997], [-43.2374131, -2.35868959999993], [-43.0145701, -2.45714899999996], [-43.0126418, -2.47226189999998], [-43.0208256999999, -2.49266219999993], [-43.0168558999999, -2.49757739999995], [-43.0252594, -2.50926639999994], [-43.0467346, -2.51253189999994], [-43.0527064999999, -2.53798009999997], [-43.0442236, -2.56249909999997], [-43.0498052999999, -2.56040409999997], [-43.0546777, -2.57061039999996], [-43.0504228999999, -2.58489849999995], [-43.0578859, -2.60185749999994], [-43.070977, -2.60809689999996], [-43.0609385, -2.61288349999995], [-43.0669513999999, -2.63508729999995], [-43.0369166999999, -2.65359799999993], [-43.0366562999999, -2.66260769999997], [-43.046331, -2.67117419999994], [-43.0300566999999, -2.67868009999995], [-43.0451543999999, -2.70176479999998], [-43.0355354, -2.70394049999993], [-43.0412284999999, -2.72130779999998], [-43.0365029, -2.72647869999997], [-43.0553404999999, -2.74024989999998], [-43.0549109999999, -2.74957649999993], [-43.0658109999999, -2.75940519999995], [-43.0806848, -2.75936339999993], [-43.0947037999999, -2.77253809999996], [-43.12204, -2.77507069999996], [-43.1002329, -2.81843709999993], [-43.0982071999999, -2.85134979999998], [-43.0886773999999, -2.86874509999996], [-43.0695668, -2.88503689999993], [-43.0972717999999, -2.91476869999997]]]}}, {"type": "Feature", "properties": {"CD_MUN": "2101970", "NM_MUN": "Boa Vista do Gurupi"}, "geometry": {"type": "Polygon", "coordinates": [[[-46.1352914, -1.81524909999996], [-46.1331029, -1.82691729999993], [-46.1411636, -1.83562269999993], [-46.1344902, -1.83817549999998], [-46.2233899999999, -1.91491349999995], [-46.228765, -1.88849279999994], [-46.2448411, -1.88194859999993], [-46.2152786, -1.84590619999994], [-46.2125422, -1.82744519999994], [-46.2303286, -1.80312329999992], [-46.2536365999999, -1.79584619999997], [-46.2847384, -1.80080339999995], [-46.2977362, -1.79413679999993], [-46.3073135, -1.80539429999993], [-46.31413, -1.80427099999997], [-46.3244888, -1.77269399999994], [-46.3118822, -1.73323249999993], [-46.2949753999999, -1.72659009999995], [-46.2658526, -1.73284179999996], [-46.2475775, -1.72092449999997], [-46.2211910999999, -1.73127889999995], [-46.2061411, -1.72024069999998], [-46.2035023999999, -1.70529499999998], [-46.1928500999999, -1.70763949999997], [-46.1740864, -1.70050849999996], [-46.1553226999999, -1.67540339999994], [-46.1639228, -1.65391249999993], [-46.1612840999999, -1.62284779999993], [-46.1086503, -1.64523169999995], [-46.0926145, -1.67612159999993], [-46.0656615999999, -1.68092519999993], [-46.0640839, -1.71085049999994], [-46.1132878, -1.81926909999993], [-46.1229547999999, -1.81112009999993], [-46.1352914, -1.81524909999996]]]}}, {"type": "Feature", "properties": {"CD_MUN": "2102077", "NM_MUN": "Bom Lugar"}, "geometry": {"type": "Polygon", "coordinates": [[[-45.0350129999999, -4.48066189999997], [-45.0460457, -4.48048169999993], [-45.0609964, -4.45566419999994], [-45.0876989999999, -4.45457459999994], [-45.0930624, -4.42369339999993], [-45.12397, -4.41657499999997], [-45.1330687, -4.39506199999994], [-45.1218718, -4.37802869999996], [-45.1269978, -4.36645609999994], [-45.1194624999999, -4.35888469999998], [-45.1213418999999, -4.35141249999998], [-45.1054035, -4.32684629999994], [-45.1146376, -4.29486969999994], [-45.0893339, -4.27165069999995], [-45.0875684, -4.25525869999996], [-45.0981502999999, -4.24039429999993], [-45.0851340999999, -4.22204779999993], [-45.0870371999999, -4.20291609999992], [-45.0580548999999, -4.19353589999997], [-45.0404156, -4.17997549999995], [-45.0342684, -4.18299449999995], [-45.0368400999999, -4.16748229999996], [-45.0255445999999, -4.15628919999995], [-45.0267349, -4.14667429999997], [-45.0120542, -4.12875079999998], [-45.0039995, -4.13111279999993], [-45.0149122, -4.11593239999996], [-45.0061281, -4.11424139999997], [-44.9855856, -4.15189819999995], [-44.9625910999999, -4.17181589999996], [-45.0784042, -4.24986579999995], [-45.0808509, -4.29697309999995], [-44.8808726999999, -4.35272309999993], [-44.8732856999999, -4.38427909999996], [-44.9886852, -4.45878949999997], [-45.0350129999999, -4.48066189999997]]]}}, {"type": "Feature", "properties": {"CD_MUN": "2110237", "NM_MUN": "Santana do Maranhão"}, "geometry": {"type": "Polygon", "coordinates": [[[-42.309277, -3.09247919999996], [-42.6404687, -3.36045749999994], [-42.8551884999999, -3.23302879999994], [-42.8259351, -3.21912659999992], [-42.7984832, -3.14867459999994], [-42.7680766, -3.13335179999996], [-42.7628587, -3.12046049999998], [-42.7640895, -3.07308699999993], [-42.7575305999999, -3.05584889999994], [-42.6869485999999, -3.05972119999996], [-42.6965592, -3.06259129999995], [-42.6963256, -3.17556199999996], [-42.5347007, -3.09190389999998], [-42.309277, -3.09247919999996]]]}}, {"type": "Feature", "properties": {"CD_MUN": "2102036", "NM_MUN": "Bom Jesus das Selvas"}, "geometry": {"type": "Polygon", "coordinates": [[[-46.4649823999999, -4.85096689999995], [-46.9303184, -4.85057459999996], [-46.9184093, -4.81598779999996], [-46.9289749, -4.78717549999993], [-46.9250901999999, -4.76811249999997], [-46.9339581999999, -4.76063479999993], [-46.9395081, -4.73860559999997], [-46.9320066, -4.71925509999994], [-46.9350659999999, -4.69408349999998], [-46.9276884, -4.69238459999997], [-46.9259587, -4.68330889999993], [-46.9345693999999, -4.67419499999994], [-46.9452047, -4.61763039999994], [-46.9342108, -4.60648379999998], [-46.9392012, -4.58531019999998], [-46.8967876999999, -4.51697629999995], [-46.9039748, -4.50524579999995], [-46.8981893, -4.48645629999993], [-46.8686317999999, -4.46929379999995], [-46.8584183, -4.45644349999998], [-46.8585432, -4.43350919999995], [-46.8438098999999, -4.41556319999995], [-46.8397725, -4.38669919999995], [-46.8207841999999, -4.37666329999996], [-46.7677653, -4.37218319999994], [-46.7389252999999, -4.38294549999995], [-46.7325845999999, -4.37222849999995], [-46.7211876, -4.37485869999995], [-46.6992931999999, -4.35569449999997], [-46.685259, -4.35494119999993], [-46.6780515, -4.34177079999995], [-46.6498612, -4.34223509999993], [-46.6425541999999, -4.33494819999993], [-46.6317200999999, -4.33497829999993], [-46.6197242, -4.32204419999994], [-46.5928491999999, -4.30926929999993], [-46.5890247999999, -4.29827579999994], [-46.5752004, -4.29188759999994], [-46.5590187, -4.27288709999993], [-46.539252, -4.26956929999994], [-46.5312317999999, -4.25378489999997], [-46.5327419, -4.23927699999996], [-46.4789249999999, -4.19876839999995], [-46.4787047999999, -4.23396099999997], [-46.4854357, -4.25128619999992], [-46.4753479999999, -4.27701039999994], [-46.494065, -4.28873109999995], [-46.4884357999999, -4.31853539999997], [-46.4982557, -4.33610249999992], [-46.4940372, -4.35498049999995], [-46.5054997, -4.37866869999993], [-46.4931968, -4.42659309999993], [-46.5002441999999, -4.42851559999997], [-46.5068479, -4.44451799999996], [-46.4908733, -4.47397239999998], [-46.4980995, -4.49571849999995], [-46.4915958999999, -4.52853979999998], [-46.4809989999999, -4.54777469999993], [-46.4931169, -4.55498999999998], [-46.4960392999999, -4.56416269999994], [-46.4897068, -4.62043049999994], [-46.4760469999999, -4.65160979999996], [-46.4929668, -4.67311869999997], [-46.4808887, -4.69242779999996], [-46.4860995999999, -4.72266739999998], [-46.4679106, -4.73737629999994], [-46.4679674, -4.74962109999996], [-46.4604366999999, -4.75918249999995], [-46.4796909, -4.78455289999994], [-46.4842490999999, -4.80397819999996], [-46.4807716999999, -4.81821029999998], [-46.4742285, -4.82047699999993], [-46.4722642999999, -4.84231069999993], [-46.4623018999999, -4.84239619999994], [-46.4649823999999, -4.85096689999995]]]}}, {"type": "Feature", "properties": {"CD_MUN": "2110039", "NM_MUN": "Santa Luzia do Paruá"}, "geometry": {"type": "Polygon", "coordinates": [[[-45.9984269999999, -2.66566109999997], [-45.9903131999999, -2.65186049999994], [-45.9839203, -2.61195769999995], [-45.9430475, -2.57614889999996], [-45.9293759999999, -2.54694199999994], [-45.9116926999999, -2.52900229999995], [-45.9039531999999, -2.42949349999998], [-45.8035453099999, -2.42686619499995], [-45.6414715029999, -2.36112900299997], [-45.6415992, -2.45848169999994], [-45.5609583999999, -2.48146159999993], [-45.594438, -2.55722559999992], [-45.5943040999999, -2.60576099999997], [-45.6418107, -2.65551869999996], [-45.7549144, -2.62072919999997], [-45.766171, -2.63371689999997], [-45.7981109, -2.64868379999996], [-45.9795445, -2.69419129999994], [-45.9899698999999, -2.69591009999994], [-45.9879759, -2.68087369999995], [-45.9984269999999, -2.66566109999997]]]}}, {"type": "Feature", "properties": {"CD_MUN": "2101939", "NM_MUN": "Bernardo do Mearim"}, "geometry": {"type": "Polygon", "coordinates": [[[-44.5893030999999, -4.69695489299994], [-44.575953915, -4.70833681499994], [-44.58843561, -4.72760769999996], [-44.56950942, -4.74587537999997], [-44.57546959, -4.75464327999993], [-44.5694880999999, -4.76646099999994], [-44.573967, -4.77169307999998], [-44.5763533099999, -4.76666698999998], [-44.7565809, -4.71758329999994], [-44.7984284, -4.60803859999993], [-44.7949922999999, -4.59338509999998], [-44.8019937999999, -4.56914429999995], [-44.7476141999999, -4.56640559999994], [-44.747601, -4.60389879999997], [-44.7252665, -4.65074489999995], [-44.6914834, -4.65881869999993], [-44.6641825999999, -4.65710119999994], [-44.6448331, -4.64845179999998], [-44.5935823, -4.65917759999996], [-44.5950637999999, -4.67162329999996], [-44.5782579999999, -4.68217069999997], [-44.5870277999999, -4.68371009999993], [-44.5893030999999, -4.69695489299994]]]}}, {"type": "Feature", "properties": {"CD_MUN": "2110104", "NM_MUN": "Santa Quitéria do Maranhão"}, "geometry": {"type": "Polygon", "coordinates": [[[-42.5290070999999, -3.50837919999998], [-42.5626885, -3.55941819999993], [-42.5671613, -3.55832349999997], [-42.7529436, -3.41398829999997], [-42.9319563, -3.38759109999995], [-42.9522094, -3.40136769999998], [-42.9657632999999, -3.42259089999993], [-43.1292205, -3.47849589999993], [-43.1630122999999, -3.43314369999996], [-43.1601376, -3.36012949999997], [-43.1265299999999, -3.33964209999993], [-43.1347163999999, -3.29262339999997], [-43.1308071999999, -3.27156029999998], [-43.1119452, -3.24438469999996], [-43.0868245999999, -3.24415669999996], [-43.0866235, -3.21789979999994], [-43.0305805, -3.17259819999992], [-43.0430886, -3.16301249999998], [-43.0411455, -3.13029309999996], [-42.8247554, -3.21612939999994], [-42.8551884999999, -3.23302879999994], [-42.4963804, -3.44592459999996], [-42.5044121, -3.45305489999993], [-42.510307, -3.47822269999995], [-42.5309685, -3.48908579999994], [-42.5290070999999, -3.50837919999998]]]}}, {"type": "Feature", "properties": {"CD_MUN": "2101905", "NM_MUN": "Bequimão"}, "geometry": {"type": "Polygon", "coordinates": [[[-44.6845360999999, -2.54629999999997], [-44.7106201, -2.62728779999998], [-44.7163047999999, -2.61522039999994], [-44.7358973, -2.61011339999993], [-44.7480547, -2.59689319999995], [-44.7485808, -2.58545359999994], [-44.8123947999999, -2.58652689999997], [-44.8164911, -2.52868769999998], [-44.8353542, -2.52838339999994], [-44.8335759, -2.51508909999995], [-44.8758079, -2.52353059999996], [-44.9219244, -2.51932189999997], [-44.9384575, -2.50854149999998], [-44.9592435, -2.45946159999994], [-44.9553822, -2.42710469999997], [-44.9272672, -2.41245719999995], [-44.9279918999999, -2.40342359999994], [-44.916549, -2.39120909999997], [-44.8987945, -2.38600549999995], [-44.8886016, -2.37509359999996], [-44.8807624999999, -2.37764009999995], [-44.8759846999999, -2.36579529999995], [-44.8628462999999, -2.35785939999994], [-44.8661253999999, -2.33365349999997], [-44.8480410999999, -2.33024109999997], [-44.8451466999999, -2.31490969999993], [-44.8185728999999, -2.29920169999997], [-44.8011605, -2.30455449999994], [-44.7765737, -2.29041529999995], [-44.7572097, -2.26752579999993], [-44.7152935, -2.27372299999996], [-44.6925401999999, -2.28737619999993], [-44.6776803, -2.28049229999993], [-44.6444111, -2.29627909999994], [-44.6667153, -2.32915619999994], [-44.6660434999999, -2.34524569999996], [-44.6478215, -2.37513829999995], [-44.6542921, -2.40352849999994], [-44.6669573999999, -2.42089459999994], [-44.6589319, -2.43604729999993], [-44.6872663999999, -2.45754829999993], [-44.7018179, -2.46084069999995], [-44.7070659, -2.47732459999997], [-44.7204912, -2.48975299999995], [-44.7192747, -2.50840629999993], [-44.7104944, -2.50619169999993], [-44.6957667, -2.51447779999995], [-44.6845360999999, -2.54629999999997]]]}}, {"type": "Feature", "properties": {"CD_MUN": "2110500", "NM_MUN": "São Bento"}, "geometry": {"type": "Polygon", "coordinates": [[[-45.1877951, -2.90774709999994], [-45.2188897, -2.90713669999997], [-45.2297796, -2.83341829999995], [-45.2198959, -2.81341669999995], [-45.193911, -2.81920779999996], [-45.1881319, -2.81378129999996], [-45.1927678, -2.80623599999996], [-45.1775483, -2.81248729999993], [-45.1838776, -2.79841799999997], [-45.1734003999999, -2.80591939999994], [-45.1585317, -2.83705399999997], [-45.1468091, -2.83483809999996], [-44.8748727, -2.69941629999994], [-44.840268, -2.65933679999995], [-44.8199605999999, -2.67319879999997], [-44.7861339, -2.66947099999993], [-44.8108870999999, -2.70244889999998], [-44.8048272, -2.73521839999995], [-44.8110776, -2.74541399999993], [-44.8102244, -2.77417489999993], [-44.8260584999999, -2.78821589999995], [-44.818845, -2.79802359999996], [-44.8242354999999, -2.80371199999996], [-44.8442904999999, -2.80866369999995], [-44.9039600999999, -2.79347759999996], [-44.935446, -2.80697799999996], [-44.9611274, -2.84063059999994], [-44.9689238, -2.83403909999993], [-44.9802071999999, -2.84457389999994], [-45.0394266, -2.86754179999997], [-45.1051844, -2.88280939999993], [-45.1207343999999, -2.87828359999997], [-45.1277284999999, -2.88912209999995], [-45.1877951, -2.90774709999994]]]}}, {"type": "Feature", "properties": {"CD_MUN": "2102325", "NM_MUN": "Buriticupu"}, "geometry": {"type": "Polygon", "coordinates": [[[-46.1025399, -4.82925139999998], [-46.0919383999999, -4.84054089999995], [-46.0893935, -4.85461729999997], [-46.4649823999999, -4.85096689999995], [-46.4623018999999, -4.84239619999994], [-46.4722642999999, -4.84231069999993], [-46.4742285, -4.82047699999993], [-46.4843523, -4.80876569999998], [-46.4796909, -4.78455289999994], [-46.4604366999999, -4.75918249999995], [-46.4679674, -4.74962109999996], [-46.4679106, -4.73737629999994], [-46.4865564, -4.72110139999995], [-46.4798365, -4.70917739999993], [-46.4808887, -4.69242779999996], [-46.4927754999999, -4.66968149999997], [-46.4760469999999, -4.65160979999996], [-46.4897068, -4.62043049999994], [-46.4960392999999, -4.56416269999994], [-46.4931169, -4.55498999999998], [-46.4809989999999, -4.54777469999993], [-46.4915958999999, -4.52853979999998], [-46.4980995, -4.49571849999995], [-46.4908733, -4.47397239999998], [-46.5068479, -4.44451799999996], [-46.5002441999999, -4.42851559999997], [-46.4931968, -4.42659309999993], [-46.5054997, -4.37866869999993], [-46.4940372, -4.35498049999995], [-46.4982557, -4.33610249999992], [-46.4884357999999, -4.31853539999997], [-46.494065, -4.28873109999995], [-46.4753479999999, -4.27701039999994], [-46.4854357, -4.25128619999992], [-46.4783813, -4.23128139999994], [-46.47948, -4.18486139999993], [-46.4703972999999, -4.18499669999994], [-46.4501562, -4.16880359999993], [-46.4472062, -4.15570189999994], [-46.4363049, -4.14795909999998], [-46.4369748999999, -4.13287209999993], [-46.4271423, -4.12876439999997], [-46.420406, -4.11553889999993], [-46.3729839, -4.08580859999995], [-46.3584984999999, -4.05509579999995], [-46.3026889999999, -4.01985609999997], [-46.2890327, -4.01949249999996], [-46.2654931, -3.98812249999997], [-46.2575482, -3.99267249999997], [-46.2486211999999, -3.98827659999995], [-46.2436059, -4.00184109999998], [-46.2257453999999, -4.01010269999995], [-46.2128350999999, -4.04953979999993], [-46.2329912, -4.08703309999993], [-46.2612013999999, -4.12795719999997], [-46.2674842, -4.12900549999995], [-46.2751464, -4.16385429999997], [-46.2844981, -4.17199169999998], [-46.2881862999999, -4.20640469999995], [-46.2829201, -4.22531079999993], [-46.2991139, -4.24377219999997], [-46.2952195, -4.27018119999997], [-46.2792016999999, -4.29766899999993], [-46.2645773, -4.30769439999995], [-46.2409378, -4.37377659999993], [-46.2233744, -4.39040249999994], [-46.2299707, -4.40258349999993], [-46.2329293999999, -4.44533069999994], [-46.2172482999999, -4.46984779999997], [-46.2030812, -4.47164299999997], [-46.1932007999999, -4.51172729999996], [-46.1591048999999, -4.56049569999993], [-46.1780505999999, -4.60026309999995], [-46.2092703, -4.62368079999993], [-46.2280433999999, -4.62348909999997], [-46.2267858, -4.63788319999998], [-46.2017886, -4.75248869999996], [-46.1319832999999, -4.79020249999996], [-46.1320482, -4.79756149999997], [-46.1150926999999, -4.80043619999998], [-46.1040934, -4.81388169999997], [-46.1025399, -4.82925139999998]]]}}, {"type": "Feature", "properties": {"CD_MUN": "2102309", "NM_MUN": "Buriti Bravo"}, "geometry": {"type": "Polygon", "coordinates": [[[-43.8444402, -6.00366759999997], [-43.9053805999999, -6.00477809999995], [-44.032865, -5.89682849999997], [-44.0451528999999, -5.87715019999996], [-44.0638205, -5.86963879999996], [-44.0660751999999, -5.85697869999996], [-44.0741647999999, -5.85073599999993], [-44.076151, -5.81796559999998], [-44.0524839999999, -5.79746789999996], [-44.0323294999999, -5.79223739999998], [-44.0242390999999, -5.76561379999993], [-44.0052304, -5.76060109999997], [-43.9981192, -5.74790189999993], [-43.9748933, -5.73891149999997], [-43.971894, -5.72390529999996], [-43.9499307, -5.70924779999996], [-43.946294, -5.69611379999998], [-43.9335697, -5.68563899999998], [-43.9253199, -5.66749049999993], [-43.9160752999999, -5.66351939999993], [-43.9131199999999, -5.65266399999996], [-43.8980794999999, -5.64872199999996], [-43.8916361, -5.63533039999993], [-43.8954484999999, -5.61333409999997], [-43.8865948, -5.58983969999997], [-43.8669867, -5.58303419999993], [-43.8658533, -5.57728219999996], [-43.8467962999999, -5.57491529999993], [-43.8216411999999, -5.54900849999996], [-43.7857322999999, -5.56155859999996], [-43.7590991, -5.58988839999995], [-43.7390884, -5.58255649999995], [-43.7314612, -5.59133779999996], [-43.7134237, -5.58787049999995], [-43.7083122, -5.59540439999995], [-43.6690121, -5.59727079999993], [-43.6635947999999, -5.61463469999995], [-43.6705655, -5.61876629999995], [-43.666376, -5.63150579999996], [-43.6508562999999, -5.63654599999995], [-43.6389, -5.65447959999995], [-43.613997, -5.66251219999998], [-43.6120658, -5.67210719999997], [-43.6028234999999, -5.67578349999997], [-43.6061763, -5.68895539999994], [-43.5949641999999, -5.68975669999998], [-43.5863105, -5.70633899999996], [-43.6060993, -5.73756839999993], [-43.655451, -5.76532919999994], [-43.6771709, -5.76770719999996], [-43.696113, -5.78275359999998], [-43.7027272, -5.78000999999995], [-43.7064569999999, -5.79683289999997], [-43.7168202, -5.80237499999993], [-43.7132789999999, -5.81883439999996], [-43.7287782, -5.84749639999995], [-43.7093616, -5.84409059999996], [-43.6982846, -5.86053129999993], [-43.6859815, -5.86817849999994], [-43.6733929, -5.86668349999997], [-43.6701495999999, -5.88728289999995], [-43.6846535999999, -5.91163479999994], [-43.6955667999999, -5.91509069999995], [-43.6952527999999, -5.93315769999998], [-43.7081095999999, -5.94690339999994], [-43.7036831999999, -5.95388089999994], [-43.7389507, -5.98226939999995], [-43.7491239999999, -5.97738649999997], [-43.8033421, -5.99071319999996], [-43.8255346999999, -6.00574379999995], [-43.8255162999999, -5.99525309999996], [-43.8434073, -5.99585949999994], [-43.8444402, -6.00366759999997]]]}}, {"type": "Feature", "properties": {"CD_MUN": "2102150", "NM_MUN": "Brejo de Areia"}, "geometry": {"type": "Polygon", "coordinates": [[[-45.5883772999999, -4.46981469999997], [-45.5937547999999, -4.53187579999997], [-45.6382715999999, -4.48392669999993], [-45.6983708, -4.50119849999993], [-45.7122376999999, -4.55319549999996], [-45.7605864999999, -4.52868279999996], [-45.758665, -4.51489859999998], [-45.7702477999999, -4.51308789999996], [-45.7867323, -4.48942099999994], [-45.7937426999999, -4.44588969999995], [-45.806137, -4.42990689999993], [-45.8263608, -4.42183479999994], [-45.8147182, -4.40486939999994], [-45.8164677, -4.38882119999994], [-45.8039716, -4.38126589999996], [-45.8058834999999, -4.37273259999995], [-45.7981586999999, -4.36254599999995], [-45.8026829999999, -4.34790109999994], [-45.7912291, -4.33634739999997], [-45.7955297999999, -4.31155259999997], [-45.7913632, -4.30692189999996], [-45.801127, -4.29428789999997], [-45.7901563999999, -4.25673609999996], [-45.670172, -4.20956499999994], [-45.6432803, -4.18254419999994], [-45.6387243999999, -4.19665589999994], [-45.6262862999999, -4.19235699999996], [-45.5949732999999, -4.19596939999997], [-45.5951623999999, -4.22125159999996], [-45.6192682999999, -4.23449739999995], [-45.6115356, -4.24161059999994], [-45.6212611999999, -4.24101129999997], [-45.6210316999999, -4.25845369999996], [-45.626066, -4.26240789999997], [-45.6193623, -4.27821929999993], [-45.6061414, -4.28772789999994], [-45.5865567, -4.28060039999997], [-45.5430858999999, -4.28316729999995], [-45.5188082999999, -4.27017099999995], [-45.5117658, -4.28578319999997], [-45.4677407, -4.27645419999993], [-45.4583041, -4.28145909999995], [-45.4262535, -4.25229719999993], [-45.4260214999999, -4.26534409999994], [-45.4491227999999, -4.29928149999995], [-45.4437758, -4.31186969999993], [-45.418711, -4.32695909999995], [-45.4332654, -4.33642639999994], [-45.4378799, -4.33079079999993], [-45.4540327999999, -4.34685549999995], [-45.4696782999999, -4.34680999999995], [-45.4798347999999, -4.36952449999995], [-45.4951315, -4.38332789999993], [-45.5023853, -4.38254099999995], [-45.5117357999999, -4.39600539999998], [-45.4695657999999, -4.42798959999993], [-45.4228247999999, -4.41709829999996], [-45.4220051999999, -4.44082669999995], [-45.5261535, -4.42784249999994], [-45.5883772999999, -4.46981469999997]]]}}, {"type": "Feature", "properties": {"CD_MUN": "2110302", "NM_MUN": "Santo Antônio dos Lopes"}, "geometry": {"type": "Polygon", "coordinates": [[[-44.4117050999999, -4.97574709999998], [-44.5141571999999, -4.97593369999993], [-44.6386386999999, -4.86250119999994], [-44.6332665799999, -4.82856451999993], [-44.6139083799999, -4.80960047999997], [-44.6011577799999, -4.80782077999993], [-44.5637677999999, -4.76742459499997], [-44.568995505, -4.74507649499998], [-44.5793447999999, -4.73128089999994], [-44.5729564, -4.70869529999993], [-44.4857542, -4.65043749999995], [-44.3982412999999, -4.66604509999996], [-44.4503905, -4.69723099999993], [-44.4186392999999, -4.72053289999997], [-44.4061029, -4.74440129999994], [-44.3540613, -4.77975289999995], [-44.3521709, -4.80750759999995], [-44.3222054999999, -4.83699489999998], [-44.3250399, -4.84618799999993], [-44.3422512, -4.84690859999995], [-44.3508586, -4.85762119999993], [-44.3606195999999, -4.87871219999994], [-44.3594691, -4.90661379999995], [-44.4133052, -4.95077389999994], [-44.4117050999999, -4.97574709999998]]]}}, {"type": "Feature", "properties": {"CD_MUN": "2102101", "NM_MUN": "Brejo"}, "geometry": {"type": "Polygon", "coordinates": [[[-42.7216933999999, -3.88437029999994], [-43.0173414999999, -3.73840439999998], [-43.0084484999999, -3.72805949999997], [-43.0152447999999, -3.68455089999998], [-42.9844103999999, -3.63014159999994], [-42.9839449, -3.61291089999997], [-42.9997236999999, -3.59770629999997], [-42.9958665999999, -3.59069279999994], [-43.0017253999999, -3.58824649999997], [-42.9996507, -3.57446019999998], [-43.0050373, -3.56920239999994], [-42.9873815, -3.55333569999993], [-42.7973142, -3.53046159999997], [-42.6330523, -3.63208179999998], [-42.6701887, -3.66592449999996], [-42.6831685, -3.69294049999996], [-42.6686251, -3.73740929999997], [-42.6836271, -3.76879969999993], [-42.6714592, -3.79162859999997], [-42.6874256, -3.80829569999997], [-42.7216933999999, -3.88437029999994]]]}}, {"type": "Feature", "properties": {"CD_MUN": "2110401", "NM_MUN": "São Benedito do Rio Preto"}, "geometry": {"type": "Polygon", "coordinates": [[[-43.4472162, -3.31666119999994], [-43.6066977, -3.61867269999993], [-43.7362744, -3.43910699999998], [-43.7390894, -3.42928299999994], [-43.7157857, -3.40786429999997], [-43.7177293999999, -3.39275189999995], [-43.7267085, -3.38215589999993], [-43.7359233999999, -3.38540129999996], [-43.7456215, -3.37806339999997], [-43.7459519, -3.35540239999995], [-43.7662582, -3.32046879999996], [-43.7881452, -3.33236399999993], [-43.7959289, -3.32987989999998], [-43.8047028, -3.31338169999998], [-43.7995854, -3.29259959999996], [-43.7833922999999, -3.29255769999997], [-43.6066355999999, -3.17209399999996], [-43.6122683999999, -3.23317279999998], [-43.4582298, -3.28499129999994], [-43.4472162, -3.31666119999994]]]}}, {"type": "Feature", "properties": {"CD_MUN": "2102200", "NM_MUN": "Buriti"}, "geometry": {"type": "Polygon", "coordinates": [[[-42.8559686999999, -4.07943959999994], [-43.208812, -4.01840579999993], [-43.1976976999999, -3.78299739999994], [-43.1233243, -3.69003169999996], [-42.7216933999999, -3.88437029999994], [-42.7314638999999, -3.91877689999995], [-42.7813049, -3.95455819999995], [-42.7941072, -3.99219039999997], [-42.8140232, -3.99209829999995], [-42.822155, -3.99959959999995], [-42.8449254999999, -4.03742469999997], [-42.8559686999999, -4.07943959999994]]]}}, {"type": "Feature", "properties": {"CD_MUN": "2109700", "NM_MUN": "Sambaíba"}, "geometry": {"type": "Polygon", "coordinates": [[[-45.7939835, -8.02098809999995], [-45.765925, -8.04713469999996], [-45.7607285, -8.06006089999994], [-45.778658, -8.10240679999993], [-45.858942, -8.11073319999997], [-45.8878664, -8.13026789999998], [-45.9217312, -8.13485139999995], [-45.9260527, -8.16230649999994], [-45.9382294, -8.16794859999993], [-45.9452100999999, -8.16440789999996], [-45.9546108, -8.12070269999998], [-45.8936388, -8.04190399999993], [-45.8844124999999, -7.98631549999993], [-45.8919342999999, -7.98153049999996], [-45.9061301, -7.94782709999993], [-45.9300718, -7.94699319999995], [-45.9375401999999, -7.93415669999996], [-45.910743, -7.89741639999994], [-45.9076027, -7.88760439999993], [-45.9156197, -7.86749919999994], [-45.898786, -7.83983239999998], [-45.8994147, -7.82790899999998], [-45.9117350999999, -7.81614309999998], [-45.9061857999999, -7.81148659999997], [-45.9162266, -7.81329729999993], [-45.9209107999999, -7.80761869999998], [-45.9031304, -7.79630809999998], [-45.9063244, -7.78957139999994], [-45.8994165, -7.78349969999994], [-45.9130046, -7.77171919999995], [-45.9067031, -7.75998119999997], [-45.9130079, -7.75494239999995], [-45.9015284, -7.75634689999993], [-45.9107112999999, -7.74685069999992], [-45.9045672999999, -7.73429619999996], [-45.8999633, -7.73610329999997], [-45.9031914999999, -7.72529539999994], [-45.897954, -7.71594299999998], [-45.8924795999999, -7.72312109999996], [-45.8847762, -7.72179069999993], [-45.8818176, -7.71132279999995], [-45.874264, -7.71626569999995], [-45.8707603999999, -7.70273479999997], [-45.8597526999999, -7.70617179999994], [-45.8651707999999, -7.69944869999995], [-45.861908, -7.69225899999998], [-45.8753333, -7.68582879999997], [-45.8561701, -7.67997439999994], [-45.8603265, -7.65977219999996], [-45.8498523, -7.64880909999994], [-45.8548547, -7.64302899999996], [-45.8385721, -7.63272649999993], [-45.8428744, -7.62587139999994], [-45.8314546, -7.61499639999994], [-45.8378982, -7.61229159999993], [-45.8273897, -7.60384829999998], [-45.8338555999999, -7.59360419999996], [-45.8275006, -7.58905949999996], [-45.8300942, -7.57853929999993], [-45.8151207, -7.57580429999996], [-45.8213329, -7.56140199999993], [-45.8130907999999, -7.51999019999994], [-45.8227941, -7.51277919999995], [-45.8155962, -7.50457439999997], [-45.8221559999999, -7.49519569999995], [-45.8320014999999, -7.49774009999993], [-45.8321409, -7.47860099999997], [-45.822065, -7.47278959999994], [-45.8149463, -7.45293799999996], [-45.7892102, -7.45366139999993], [-45.7794723, -7.44271169999996], [-45.7558278, -7.45140069999997], [-45.7436342999999, -7.43800539999995], [-45.719888, -7.44748069999997], [-45.7063722999999, -7.44523189999995], [-45.6993912, -7.43138789999995], [-45.6849802999999, -7.42732839999996], [-45.6845281999999, -7.40904859999995], [-45.6518839, -7.39787179999996], [-45.6488057999999, -7.38488719999998], [-45.6321553, -7.37468349999995], [-45.6213855, -7.35099839999998], [-45.6005584, -7.34547699999996], [-45.5928165, -7.31489219999997], [-45.5760228, -7.31495209999997], [-45.5646447, -7.32720259999996], [-45.5563571, -7.31481689999993], [-45.5591611999999, -7.29352459999996], [-45.5442151, -7.30350989999994], [-45.5263628, -7.27916049999993], [-45.5187577, -7.27955549999996], [-45.5242569, -7.27133229999993], [-45.3690258999999, -6.89999179999995], [-45.3808245, -6.82059069999997], [-45.3687442, -6.81612199999995], [-45.3634291, -6.79175669999995], [-45.353856, -6.77961529999993], [-45.3439534, -6.78290169999997], [-45.3267041, -6.77686069999993], [-45.3219725, -6.78129759999996], [-45.3286615, -6.79010379999994], [-45.3240992999999, -6.80124629999995], [-45.3313831, -6.82573509999997], [-45.3231008, -6.83238389999997], [-45.3184378, -6.85685209999997], [-45.2777498999999, -6.94064439999994], [-45.2513868999999, -6.94251679999996], [-45.2439447, -6.95595349999996], [-45.2468246999999, -6.98625249999998], [-45.2682690999999, -6.99855679999996], [-45.2744620999999, -7.01045829999993], [-45.2753499, -7.06252099999995], [-45.2635812999999, -7.09017279999995], [-45.2770942, -7.13067359999997], [-45.2731319, -7.13641849999993], [-45.2920864, -7.14839729999994], [-45.3127395999999, -7.14756739999996], [-45.3222727, -7.19521049999997], [-45.6450187, -7.60592709999997], [-45.6083378, -7.58860129999994], [-45.5958118, -7.59249079999995], [-45.5669677, -7.58802939999993], [-45.5473029, -7.59982209999993], [-45.5346600999999, -7.59736039999996], [-45.5167225, -7.62720979999995], [-45.4991046, -7.63796139999994], [-45.4871406999999, -7.63701269999996], [-45.4818597, -7.65084859999996], [-45.4558380999999, -7.67001889999995], [-45.4606530999999, -7.67707249999995], [-45.4488145999999, -7.68535629999997], [-45.4700819, -7.68989759999994], [-45.4681029, -7.71287429999995], [-45.4823218, -7.71584199999995], [-45.4872086, -7.72865949999994], [-45.4821267999999, -7.74967319999996], [-45.4965632, -7.74834919999995], [-45.4844477999999, -7.76281829999994], [-45.4923244, -7.77448239999995], [-45.4895111, -7.78625689999996], [-45.5013769999999, -7.78648499999997], [-45.4985545, -7.79727239999994], [-45.5106337, -7.80136229999994], [-45.5112007, -7.82346699999994], [-45.5270424999999, -7.83945159999996], [-45.5250598, -7.85643119999997], [-45.5382964999999, -7.86164629999996], [-45.6212899, -7.80684189999994], [-45.6416776999999, -7.80569099999997], [-45.6756680999999, -7.78792829999998], [-45.7030427, -7.79050749999993], [-45.7382375999999, -7.77935329999997], [-45.7623897999999, -7.78184679999993], [-45.8275517, -7.81785849999994], [-45.8366111999999, -7.85033309999994], [-45.8275819, -7.92305549999998], [-45.8191924, -7.93230909999994], [-45.7903588999999, -7.93666429999996], [-45.7708241999999, -7.98118049999994], [-45.7761315, -7.99995579999995], [-45.7939835, -8.02098809999995]]]}}, {"type": "Feature", "properties": {"CD_MUN": "2101509", "NM_MUN": "Barão de Grajaú"}, "geometry": {"type": "Polygon", "coordinates": [[[-43.251472, -6.77015079999995], [-43.2734606999999, -6.79368389999996], [-43.3107926, -6.80110749999994], [-43.3467558999999, -6.79774969999994], [-43.3652473999999, -6.81980179999994], [-43.3883882, -6.81774959999996], [-43.3903025, -6.83389859999994], [-43.4191289, -6.84401049999997], [-43.444222, -6.83801979999993], [-43.4545886, -6.84599689999993], [-43.4020573999999, -6.60958339999996], [-43.3818077999999, -6.59131289999993], [-43.3835304, -6.55270759999996], [-43.3793054, -6.53500139999994], [-43.3689449999999, -6.52678319999995], [-43.3962241, -6.46680089999995], [-43.4122226, -6.45549409999995], [-43.4068683, -6.45035089999993], [-43.4077596, -6.41564829999993], [-43.4217599, -6.40108949999996], [-43.3726073999999, -6.38970999999998], [-43.3503621, -6.39885649999997], [-43.3412556, -6.38455589999995], [-43.3486723, -6.38064619999994], [-43.3559461999999, -6.34944959999996], [-43.2966421, -6.34216079999993], [-42.9088905, -6.50063039999998], [-42.8722946, -6.51075529999997], [-42.8881699999999, -6.53665069999994], [-42.8847984, -6.57024349999995], [-42.9077154999999, -6.60592119999995], [-42.9187118, -6.66884999999996], [-42.9470995999999, -6.70177699999994], [-42.9808156, -6.72133419999994], [-42.9945463, -6.75035299999996], [-43.0308032999999, -6.76296929999995], [-43.0835026999999, -6.74929049999997], [-43.1049783999999, -6.77024789999996], [-43.1475876, -6.78368849999993], [-43.1782741, -6.76733649999994], [-43.2192219, -6.76384279999996], [-43.251472, -6.77015079999995]]]}}, {"type": "Feature", "properties": {"CD_MUN": "2109759", "NM_MUN": "Santa Filomena do Maranhão"}, "geometry": {"type": "Polygon", "coordinates": [[[-44.7267950999999, -5.64146139999997], [-44.7209728999999, -5.60866019999997], [-44.7588271, -5.59411659999995], [-44.7451353, -5.56314359999993], [-44.7509405, -5.56164069999994], [-44.7437596999999, -5.54938779999998], [-44.7433475, -5.53523179999996], [-44.7508238, -5.52433969999993], [-44.7451219, -5.49968229999996], [-44.6859995, -5.42898589999993], [-44.650685, -5.39815469999996], [-44.6348565, -5.40088269999995], [-44.6185839, -5.38864659999996], [-44.5976952999999, -5.38423249999994], [-44.5913386999999, -5.37423099999995], [-44.5591482999999, -5.39696919999994], [-44.5463047, -5.39758469999992], [-44.5489873, -5.41720849999996], [-44.5399897, -5.42906369999997], [-44.541457, -5.44763129999995], [-44.5283451, -5.47143729999993], [-44.5080379999999, -5.47151359999998], [-44.5093735999999, -5.45274759999995], [-44.5028288999999, -5.44753849999995], [-44.4847973999999, -5.44874059999995], [-44.4813809, -5.46368239999993], [-44.4603766, -5.45311829999997], [-44.4488522, -5.49743289999998], [-44.460324, -5.49207329999996], [-44.4771825999999, -5.49652969999994], [-44.488266, -5.52805149999995], [-44.4725089, -5.57639289999997], [-44.5749551, -5.59850279999995], [-44.5913437999999, -5.59378429999992], [-44.6662421, -5.66107429999994], [-44.7267950999999, -5.64146139999997]]]}}, {"type": "Feature", "properties": {"CD_MUN": "2109551", "NM_MUN": "Ribamar Fiquene"}, "geometry": {"type": "Polygon", "coordinates": [[[-47.35962799, -6.08000211999996], [-47.3909954, -6.08605099999994], [-47.397623, -6.07866149999995], [-47.421373, -6.08523099999996], [-47.428973, -6.07451999999995], [-47.4284651999999, -6.03627549999993], [-47.4479842, -5.99298389999996], [-47.4288701, -5.91948319999995], [-47.4310634, -5.86921059999997], [-47.4422786, -5.83078589999997], [-47.429455, -5.83300849999995], [-47.4204046, -5.81866409999998], [-47.4114221999999, -5.82601599999998], [-47.4087001999999, -5.81485389999995], [-47.3990883, -5.81203639999995], [-47.3953681, -5.82673669999997], [-47.3837844999999, -5.80894869999997], [-47.3753675999999, -5.82908269999996], [-47.3634820999999, -5.82617599999998], [-47.3645698999999, -5.81892199999993], [-47.3567849999999, -5.82589999999993], [-47.3522614, -5.81583079999996], [-47.3450875999999, -5.81464099999994], [-47.3457850999999, -5.82050509999993], [-47.3362488, -5.81807429999998], [-47.3298743, -5.83892229999998], [-47.3076419, -5.83810089999997], [-47.3047132999999, -5.84613549999995], [-47.2865921, -5.84879049999995], [-47.2865035999999, -5.85861579999994], [-47.2746748, -5.85073809999994], [-47.2669243999999, -5.85744169999998], [-47.2613861999999, -5.84719669999993], [-47.2517387, -5.85105799999997], [-47.2476735, -5.84585609999993], [-47.2426472999999, -5.85194309999997], [-47.2469366999999, -5.85655929999996], [-47.2243804999999, -5.85562839999994], [-47.2262064, -5.86003449999993], [-47.2133258, -5.86789919999995], [-47.1962996, -5.86117119999994], [-47.1854466, -5.86722909999997], [-47.1803899999999, -5.86108809999996], [-47.174798105, -5.86466170999995], [-47.1617439, -5.89309319999995], [-47.1935803969999, -5.93241799299994], [-47.1911805899999, -5.94852448999995], [-47.203321105, -5.96012579499995], [-47.2005738899999, -5.96439919999995], [-47.17486432, -5.96109580999996], [-47.18793002, -5.98667206999994], [-47.17861049, -6.00761272999995], [-47.19976803, -6.02380820999997], [-47.2017711899999, -6.04520610999998], [-47.2097823, -6.03367197999995], [-47.2163101799999, -6.04747347999995], [-47.2229069799999, -6.03656528999994], [-47.23488141, -6.03570686999996], [-47.22170141, -6.07076499999994], [-47.23865769, -6.10693327999996], [-47.27961253, -6.09543492999995], [-47.28510089, -6.10073840999996], [-47.31329088, -6.07055328999996], [-47.33426121, -6.07549347999998], [-47.3396620999999, -6.08602440999994], [-47.35962799, -6.08000211999996]]]}}, {"type": "Feature", "properties": {"CD_MUN": "2101350", "NM_MUN": "Bacurituba"}, "geometry": {"type": "Polygon", "coordinates": [[[-44.6233455999999, -2.73663289999996], [-44.6501143, -2.80498359999996], [-44.6727071999999, -2.79061949999993], [-44.818845, -2.79802359999996], [-44.826342, -2.79049319999996], [-44.8196505999999, -2.77768679999997], [-44.8102244, -2.77417489999993], [-44.8048294, -2.72072869999994], [-44.8108870999999, -2.70244889999998], [-44.7836973, -2.66181119999993], [-44.7378522, -2.62921189999997], [-44.7091829999999, -2.62708649999996], [-44.7065664, -2.63751089999994], [-44.6966351999999, -2.63762799999995], [-44.6931326, -2.62296109999994], [-44.6837530999999, -2.62558599999994], [-44.6779933, -2.61758579999997], [-44.6737466, -2.62875429999997], [-44.6639772, -2.61863709999994], [-44.6495818999999, -2.62362009999993], [-44.6496587999999, -2.60385729999996], [-44.6218986, -2.59661349999993], [-44.6105638, -2.58112619999997], [-44.5862928999999, -2.57804639999995], [-44.5572099, -2.59233709999995], [-44.5572531999999, -2.60422229999995], [-44.6064744, -2.68945869999993], [-44.6265548, -2.70209399999993], [-44.6233455999999, -2.73663289999996]]]}}, {"type": "Feature", "properties": {"CD_MUN": "2109601", "NM_MUN": "Rosário"}, "geometry": {"type": "Polygon", "coordinates": [[[-44.2148438999999, -3.18400789999993], [-44.2135357, -3.13385449999993], [-44.2418163, -3.13254769999998], [-44.2223724, -3.10967349999993], [-44.2533190999999, -3.06974239999994], [-44.2412613, -3.04359469999997], [-44.2848701, -3.04400959999992], [-44.2568535999999, -2.96742229999995], [-44.2921825999999, -2.95442559999998], [-44.2731721, -2.87415229999993], [-44.2735139, -2.85132069999997], [-44.2780726, -2.84321779999993], [-44.2946482999999, -2.85027779999996], [-44.2930153, -2.83199219999995], [-44.3059805, -2.82396769999997], [-44.2817924, -2.79958829999993], [-44.2817906999999, -2.76606789999994], [-44.2657685, -2.76038779999993], [-44.2608797999999, -2.77471599999996], [-44.2477304, -2.78051619999997], [-44.1916747999999, -2.76457079999994], [-44.148429, -2.76808049999994], [-44.1385129, -2.79347489999998], [-44.124519, -2.79655759999997], [-44.1297293, -2.80039969999996], [-44.1249797999999, -2.80045819999998], [-44.1258594999999, -2.81752459999996], [-44.1358015, -2.82327099999998], [-44.1291267, -2.84514939999997], [-44.1348894, -2.85040149999998], [-44.1275367, -2.86016249999994], [-44.1376098, -2.86307759999994], [-44.1401231999999, -2.87168509999998], [-44.1278222999999, -2.90035089999998], [-44.1458615, -2.92006279999993], [-44.1412291999999, -2.93695869999993], [-44.1487806, -2.94377509999993], [-44.1212762, -2.94966669999997], [-44.1249438999999, -2.96001869999998], [-44.1409993999999, -2.96389399999993], [-44.1472783, -2.98137309999993], [-44.1434573, -2.99171839999997], [-44.1543879, -3.00041179999994], [-44.1538115, -3.01360139999997], [-44.1395100999999, -3.01732389999995], [-44.1443687, -3.03214189999994], [-44.1406254, -3.04010339999996], [-44.1462615999999, -3.06102699999997], [-44.1585696, -3.07367699999998], [-44.134292, -3.07521069999996], [-44.1319199, -3.08959039999996], [-44.1127427, -3.09778099999994], [-44.1301941999999, -3.10606189999993], [-44.1326804, -3.12238439999993], [-44.1254585999999, -3.13761829999993], [-44.1312629, -3.14128159999996], [-44.1319238999999, -3.15390779999996], [-44.1459571999999, -3.15499119999993], [-44.1334608999999, -3.16736929999996], [-44.1213531999999, -3.16540079999993], [-44.1168754999999, -3.18366309999993], [-44.2148438999999, -3.18400789999993]]]}}, {"type": "Feature", "properties": {"CD_MUN": "2101400", "NM_MUN": "Balsas"}, "geometry": {"type": "Polygon", "coordinates": [[[-46.9318026999999, -9.12806569999998], [-46.9261971999999, -9.11764309999995], [-46.9302566, -9.10598059999995], [-46.9235586999999, -9.09788899999995], [-46.9305894, -9.09566359999997], [-46.9315382, -9.08588809999998], [-46.9121494, -9.08272429999994], [-46.9233386999999, -9.06566279999993], [-46.9430024, -9.06447349999996], [-46.9759263999999, -9.08172949999994], [-46.9893377, -9.07517169999994], [-47.0073414999999, -9.08219339999994], [-47.0136163999999, -9.07808419999998], [-47.0102059, -9.07029959999994], [-47.0235646, -9.07604559999993], [-47.0705515999999, -9.06195419999995], [-47.0577274, -9.05295449999994], [-47.0617321, -9.04813289999993], [-47.0542545, -9.04816469999997], [-47.0544543, -9.03438489999996], [-47.0434834, -9.02654899999993], [-47.0472579999999, -9.01655269999998], [-47.0564808999999, -9.01887149999993], [-47.0674774999999, -9.01038629999994], [-47.044033, -9.00686659999997], [-47.0324234999999, -8.98627859999993], [-47.0357003999999, -8.97894309999998], [-47.0317884999999, -8.97993459999998], [-47.0317894999999, -8.98836669999997], [-47.0215615, -8.98864059999994], [-47.0131785999999, -8.96680219999996], [-47.0182796, -8.95293579999998], [-46.9946772, -8.94552599999997], [-46.9970600999999, -8.93263449999995], [-46.9839236999999, -8.93190249999998], [-46.9823903, -8.91997199999997], [-46.9702887, -8.91449169999993], [-46.9756219999999, -8.90303669999997], [-46.9863976999999, -8.89872469999995], [-46.9929218999999, -8.87888939999993], [-46.9721431999999, -8.86658129999995], [-46.9597282, -8.87544979999996], [-46.9415577999999, -8.85947899999996], [-46.9148956, -8.85305819999996], [-46.9180873, -8.83969659999997], [-46.9072851, -8.82842519999997], [-46.9136768, -8.82281939999996], [-46.9028067, -8.81453589999995], [-46.9042307, -8.77855989999995], [-46.9095915999999, -8.76453229999993], [-46.9173125999999, -8.76244099999997], [-46.9312813999999, -8.72675239999995], [-46.9172569999999, -8.72611139999998], [-46.9143685, -8.70858309999994], [-46.8869493, -8.68648979999995], [-46.8956957999999, -8.65974079999995], [-46.9038947999999, -8.66171219999995], [-46.902618, -8.65321669999997], [-46.9163940999999, -8.64840679999998], [-46.9127329, -8.62073669999995], [-46.8977831, -8.60626539999993], [-46.9038659999999, -8.60410419999994], [-46.8977278999999, -8.60101649999996], [-46.9009586999999, -8.59743609999998], [-46.9163988, -8.59577779999995], [-46.9143688, -8.58711689999996], [-46.9006153999999, -8.59227789999994], [-46.8930357, -8.57055369999995], [-46.8890359, -8.57694189999995], [-46.8833428, -8.56678919999996], [-46.8787609999999, -8.57252299999993], [-46.8754534, -8.55529879999995], [-46.8628431, -8.55908699999998], [-46.8601201, -8.54526189999996], [-46.8463408, -8.53493759999998], [-46.8508355, -8.52582099999995], [-46.8433517999999, -8.52285369999993], [-46.8521623, -8.51591139999994], [-46.8463417, -8.50141739999998], [-46.8519201, -8.47777969999993], [-46.8411206, -8.47349999999994], [-46.8405402, -8.46562529999994], [-46.8323308, -8.46495459999994], [-46.8234833, -8.47449619999998], [-46.8207874, -8.46547669999995], [-46.8155328, -8.47035599999998], [-46.8005095, -8.45409339999998], [-46.7954804, -8.42996899999997], [-46.8071477999999, -8.40042199999993], [-46.7950016, -8.40485799999993], [-46.7870169, -8.39909929999993], [-46.7917267999999, -8.38615009999995], [-46.7824337, -8.36808369999994], [-46.7612149, -8.37843999999996], [-46.7387285, -8.37751889999993], [-46.7320541, -8.38641499999994], [-46.7266519999999, -8.38314099999997], [-46.6994814999999, -8.41545959999996], [-46.6388110999999, -8.40482059999994], [-46.6087785999999, -8.42422929999998], [-46.5960889, -8.40954129999994], [-46.5783076, -8.41434209999994], [-46.5666732, -8.40199169999994], [-46.5565586, -8.40177709999995], [-46.528224, -8.40781149999998], [-46.5150892999999, -8.41767449999998], [-46.5145841, -8.42741499999994], [-46.5005861999999, -8.42799219999995], [-46.4701588999999, -8.42018619999993], [-46.4259969, -8.37712519999997], [-46.4124593999999, -8.33598609999996], [-46.4218503, -8.29861289999997], [-46.4132988, -8.28518009999993], [-46.3996802, -8.21756299999993], [-46.4075266999999, -8.17086239999998], [-46.3950273, -8.14864149999994], [-46.4027788999999, -8.13452199999995], [-46.4015903, -8.11210269999998], [-46.4206460999999, -8.08618309999997], [-46.4204185999999, -8.07693399999994], [-46.4021683999999, -8.05534789999996], [-46.4108732, -8.00108309999996], [-46.4054515, -7.98708739999995], [-46.4154192, -7.97387089999995], [-46.4188917, -7.95185789999994], [-46.4437495999999, -7.93628289999998], [-46.4229976, -7.89631199999997], [-46.4366385, -7.87201239999996], [-46.4389191999999, -7.84282279999996], [-46.4574163999999, -7.83344169999998], [-46.4390576, -7.80459809999996], [-46.441115, -7.79617299999995], [-46.4680342999999, -7.77054229999993], [-46.4490592, -7.74587499999996], [-46.4468654999999, -7.71273129999997], [-46.4183927, -7.69523819999995], [-46.3876614, -7.46555119999994], [-46.1664977, -7.36550939999995], [-46.1980899, -7.25796099999997], [-46.0717953, -7.15989279999997], [-45.8696752, -7.28967769999997], [-45.8358739999999, -7.30435689999996], [-45.8052388, -7.32847029999994], [-45.7701982, -7.33631919999993], [-45.7625472, -7.34635839999993], [-45.7203049999999, -7.36692099999993], [-45.7045795, -7.38991319999997], [-45.6786382999999, -7.39477019999993], [-45.6733409, -7.40658629999996], [-45.6858943999999, -7.41049529999998], [-45.6849802999999, -7.42732839999996], [-45.6993912, -7.43138789999995], [-45.7063722999999, -7.44523189999995], [-45.719888, -7.44748069999997], [-45.7436342999999, -7.43800539999995], [-45.7558278, -7.45140069999997], [-45.7794723, -7.44271169999996], [-45.7892102, -7.45366139999993], [-45.8149463, -7.45293799999996], [-45.822065, -7.47278959999994], [-45.8321836, -7.47872599999994], [-45.8320014999999, -7.49774009999993], [-45.8221559999999, -7.49519569999995], [-45.8155962, -7.50457439999997], [-45.8227941, -7.51277919999995], [-45.8130907999999, -7.51999019999994], [-45.8213329, -7.56140199999993], [-45.8151207, -7.57580429999996], [-45.8300942, -7.57853929999993], [-45.8275006, -7.58905949999996], [-45.8338555999999, -7.59360419999996], [-45.8273897, -7.60384829999998], [-45.8378982, -7.61229159999993], [-45.8314546, -7.61499639999994], [-45.8428744, -7.62587139999994], [-45.8385721, -7.63272649999993], [-45.8548547, -7.64302899999996], [-45.8498523, -7.64880909999994], [-45.8603265, -7.65977219999996], [-45.8561701, -7.67997439999994], [-45.8753333, -7.68582879999997], [-45.861908, -7.69225899999998], [-45.8651707999999, -7.69944869999995], [-45.8597526999999, -7.70617179999994], [-45.8706701, -7.70268209999995], [-45.8743516, -7.71636279999996], [-45.8786974999999, -7.70989549999996], [-45.8847019, -7.72175789999994], [-45.8924795999999, -7.72312109999996], [-45.8978291999999, -7.71591379999995], [-45.9028733, -7.72349949999995], [-45.8999633, -7.73610329999997], [-45.9045672999999, -7.73429619999996], [-45.9107112999999, -7.74685069999992], [-45.9015284, -7.75634689999993], [-45.9125784999999, -7.75381489999995], [-45.9067031, -7.75998119999997], [-45.9134286, -7.77002259999995], [-45.8994822, -7.78384329999994], [-45.9063244, -7.78957139999994], [-45.9031533, -7.79633369999993], [-45.9209251, -7.80749099999997], [-45.9162266, -7.81329729999993], [-45.9061857999999, -7.81148659999997], [-45.9117350999999, -7.81614309999998], [-45.8994147, -7.82790899999998], [-45.898786, -7.83983239999998], [-45.9156197, -7.86749919999994], [-45.9076027, -7.88760439999993], [-45.910743, -7.89741639999994], [-45.930804, -7.91960729999994], [-45.9293317, -7.92710219999998], [-45.9376276, -7.92821289999995], [-45.9301986, -7.94691499999993], [-45.9061301, -7.94782709999993], [-45.8919342999999, -7.98153049999996], [-45.8844306, -7.98424919999997], [-45.8936388, -8.04190399999993], [-45.9546108, -8.12070269999998], [-45.9471963999999, -8.16101109999994], [-45.9401725, -8.16758879999998], [-45.9260527, -8.16230649999994], [-45.9223931999999, -8.13590929999998], [-45.9145778, -8.13485869999994], [-45.913261, -8.18588409999995], [-45.9262952999999, -8.19734189999997], [-46.0028947, -8.16257169999994], [-46.0072445, -8.15270029999994], [-46.0024544, -8.13446489999995], [-46.0125651, -8.12883669999997], [-46.0235800999999, -8.09283449999998], [-46.0339695, -8.08002629999993], [-46.0338088999999, -8.06796549999996], [-46.0573307, -8.06552519999997], [-46.0614914999999, -8.04472219999997], [-46.0812718, -8.02872939999997], [-46.0976676, -8.02398759999994], [-46.1010651999999, -8.05672059999995], [-46.1447661999999, -8.07705559999994], [-46.1484359999999, -8.11439779999995], [-46.1326278999999, -8.14989359999993], [-46.1205032999999, -8.22684219999996], [-46.1025981999999, -8.23559439999997], [-46.1062987999999, -8.29609749999997], [-46.086878, -8.31812709999997], [-46.0824684999999, -8.33529759999993], [-46.0968023, -8.35941059999993], [-46.0962451999999, -8.47748839999997], [-46.1156192999999, -8.52433269999995], [-46.1095536, -8.54112439999994], [-46.1160949, -8.55597859999995], [-46.1128442999999, -8.57809889999993], [-46.1327903, -8.59837929999998], [-46.1465216999999, -8.62973109999996], [-46.1749826, -8.63917639999994], [-46.1794763999999, -8.64920639999997], [-46.2039654, -8.65345279999997], [-46.2334764999999, -8.67254979999996], [-46.2463504, -8.71037939999997], [-46.2736907999999, -8.72655869999994], [-46.2906462999999, -8.76335129999995], [-46.3349418999999, -8.81149499999998], [-46.3383181, -8.82800539999994], [-46.3533143, -8.84866799999998], [-46.3933987, -8.89083759999994], [-46.4299727, -8.91535419999997], [-46.5037672999999, -8.93030249999993], [-46.5182789, -8.94273949999996], [-46.5438955, -9.06255149999993], [-46.5565884, -9.07258499999995], [-46.5704736, -9.06939409999995], [-46.5781423, -9.08229319999998], [-46.6104735, -9.08599439999995], [-46.623888, -9.09502939999993], [-46.6225305999999, -9.11413589999995], [-46.6106389999999, -9.11932349999995], [-46.6068309, -9.15027679999997], [-46.6219520999999, -9.17109029999995], [-46.6205338999999, -9.18502839999996], [-46.6330315, -9.18274279999997], [-46.6461123, -9.20852819999993], [-46.6432784, -9.26275839999994], [-46.6688124999999, -9.28190289999998], [-46.6672306999999, -9.30625449999997], [-46.6548399, -9.33653529999998], [-46.6103113999999, -9.36510419999996], [-46.6299440999999, -9.37752209999996], [-46.6397036, -9.39522719999997], [-46.6327833999999, -9.41158829999995], [-46.674923, -9.39078469999993], [-46.6962278, -9.39858789999994], [-46.7233118999999, -9.39636459999997], [-46.7460283, -9.41439399999996], [-46.763367, -9.40895249999994], [-46.7586742999999, -9.38121749999993], [-46.7991716, -9.33884319999993], [-46.8110627, -9.30674889999995], [-46.8353122999999, -9.30821859999998], [-46.8451424, -9.29982399999994], [-46.8446441999999, -9.28417409999997], [-46.8327312, -9.27959099999993], [-46.8317513, -9.26872239999994], [-46.8189454, -9.26005729999997], [-46.8288944, -9.24008979999996], [-46.8196134999999, -9.21161849999993], [-46.8227836999999, -9.19904469999994], [-46.8507051999999, -9.19183919999995], [-46.8524202999999, -9.15444939999998], [-46.861117, -9.14642279999993], [-46.8916743999999, -9.14049249999994], [-46.8899218, -9.12436469999994], [-46.8959664, -9.12253879999997], [-46.9067347, -9.13548839999993], [-46.9263086999999, -9.13494379999997], [-46.9318026999999, -9.12806569999998]]]}}, {"type": "Feature", "properties": {"CD_MUN": "2101731", "NM_MUN": "Belágua"}, "geometry": {"type": "Polygon", "coordinates": [[[-43.4513985, -3.18437439999997], [-43.5123667, -3.22351109999994], [-43.5181059, -3.24080899999996], [-43.6122683999999, -3.23317279999998], [-43.6066355999999, -3.17209399999996], [-43.5421451999999, -3.12966969999997], [-43.5713135999999, -3.03811289999993], [-43.5511279, -3.02160339999995], [-43.5472674, -3.00437919999996], [-43.5228180999999, -3.01657439999997], [-43.5011608, -3.01752889999995], [-43.4869558, -2.98915169999998], [-43.4748552999999, -2.98121829999997], [-43.4565997, -2.98399899999993], [-43.3141644999999, -3.02357839999996], [-43.2692127, -3.06278829999997], [-43.2787347, -3.08126049999993], [-43.3447606, -3.10183329999995], [-43.4513985, -3.18437439999997]]]}}, {"type": "Feature", "properties": {"CD_MUN": "2109908", "NM_MUN": "Santa Inês"}, "geometry": {"type": "Polygon", "coordinates": [[[-45.5474885, -3.99046139999996], [-45.5779975, -3.98746059999996], [-45.5812543, -3.94719829999997], [-45.5981578999999, -3.91534449999995], [-45.5638314999999, -3.87849049999994], [-45.490826, -3.82432379999995], [-45.4235998, -3.72247489999995], [-45.4033856, -3.65053999999998], [-45.3870133, -3.64151889999994], [-45.3820385999999, -3.63027499999993], [-45.3579339999999, -3.63959469999998], [-45.3446202, -3.64066619999994], [-45.3390438, -3.63391239999993], [-45.3184656, -3.63771199999996], [-45.3307184, -3.67329179999996], [-45.3237434, -3.69572159999996], [-45.3429348, -3.68406979999997], [-45.3178629999999, -3.77905859999993], [-45.3264771, -3.79396209999993], [-45.3265903999999, -3.81426579999993], [-45.3377725999999, -3.82194459999994], [-45.3432549, -3.84477609999993], [-45.3393867999999, -3.84929459999995], [-45.325564, -3.84506819999996], [-45.329674, -3.85709619999994], [-45.3410972, -3.85666439999994], [-45.3398501999999, -3.86996289999996], [-45.3666913, -3.89442799999995], [-45.3727205, -3.90775139999994], [-45.3576573999999, -3.98492689999995], [-45.3784454999999, -3.99090009999998], [-45.3985612, -4.01040409999996], [-45.4040037999999, -4.05730579999994], [-45.4147877999999, -4.06719879999997], [-45.4472800999999, -4.07519169999995], [-45.4876475999999, -4.06359519999995], [-45.5474885, -3.99046139999996]]]}}, {"type": "Feature", "properties": {"CD_MUN": "2101707", "NM_MUN": "Barreirinhas"}, "geometry": {"type": "Polygon", "coordinates": [[[-42.7640767, -3.07331929999998], [-42.7631618, -3.12330649999996], [-42.7712567, -3.13671979999998], [-42.7984832, -3.14867459999994], [-42.8247554, -3.21612939999994], [-43.0411455, -3.13029309999996], [-43.0428401999999, -3.13741969999995], [-43.1502571, -3.08701129999997], [-43.1406353, -3.07791619999995], [-43.1439225, -3.06180039999992], [-43.1642055999999, -3.02881759999997], [-43.1686263999999, -3.00368669999995], [-43.1762765999999, -3.00862849999993], [-43.1804789, -2.99501619999995], [-43.2217065, -3.02226359999997], [-43.2425043, -2.99293249999994], [-43.2109713999999, -2.96881789999998], [-43.1466880999999, -2.94397769999995], [-43.1235846, -2.92554419999993], [-43.0999811999999, -2.91660439999993], [-43.0695969, -2.88512889999993], [-43.0982071999999, -2.85134979999998], [-43.1002329, -2.81843709999993], [-43.12204, -2.77507069999996], [-43.0947037999999, -2.77253809999996], [-43.0806848, -2.75936339999993], [-43.0658109999999, -2.75940519999995], [-43.0549109999999, -2.74957649999993], [-43.0553404999999, -2.74024989999998], [-43.0365029, -2.72647869999997], [-43.0412284999999, -2.72130779999998], [-43.0355354, -2.70394049999993], [-43.0451543999999, -2.70176479999998], [-43.0300566999999, -2.67868009999995], [-43.046331, -2.67117419999994], [-43.0366562999999, -2.66260769999997], [-43.0369166999999, -2.65359799999993], [-43.0669513999999, -2.63508729999995], [-43.0609385, -2.61288349999995], [-43.070977, -2.60809689999996], [-43.0578859, -2.60185749999994], [-43.0504228999999, -2.58489849999995], [-43.0546777, -2.57061039999996], [-43.0498052999999, -2.56040409999997], [-43.0442236, -2.56249909999997], [-43.0527064999999, -2.53798009999997], [-43.0467346, -2.51253189999994], [-43.0252594, -2.50926639999994], [-43.0168558999999, -2.49757739999995], [-43.0208256999999, -2.49266219999993], [-43.0126418, -2.47226189999998], [-43.0148197, -2.45666659999995], [-42.9633507999999, -2.47527859999997], [-42.8252914999999, -2.54472319999996], [-42.7631969999999, -2.54545509999997], [-42.7489808, -2.56073339999995], [-42.7367636, -2.55395009999995], [-42.7201512, -2.55738609999997], [-42.6415021, -2.62532519999996], [-42.7152384, -2.88808809999995], [-42.7383553999999, -2.90824389999995], [-42.738536, -2.90319619999997], [-42.7503316999999, -2.90256409999995], [-42.7771438999999, -2.99209499999995], [-42.7767708, -3.00249789999998], [-42.7549791, -3.03999289999996], [-42.7640767, -3.07331929999998]]]}}, {"type": "Feature", "properties": {"CD_MUN": "2110005", "NM_MUN": "Santa Luzia"}, "geometry": {"type": "Polygon", "coordinates": [[[-46.0364536, -4.80509419999993], [-46.0283542, -4.80549949999994], [-46.027168, -4.83682809999993], [-46.0173723999999, -4.85370579999994], [-46.0893935, -4.85461729999997], [-46.0919383999999, -4.84054089999995], [-46.1026775999999, -4.83198509999994], [-46.1040934, -4.81388169999997], [-46.1150926999999, -4.80043619999998], [-46.1320482, -4.79756149999997], [-46.1319832999999, -4.79020249999996], [-46.2017886, -4.75248869999996], [-46.2289021, -4.62499139999994], [-46.2092703, -4.62368079999993], [-46.1780505999999, -4.60026309999995], [-46.1591048999999, -4.56049569999993], [-46.1932007999999, -4.51172729999996], [-46.2030812, -4.47164299999997], [-46.2172482999999, -4.46984779999997], [-46.2329293999999, -4.44533069999994], [-46.2299707, -4.40258349999993], [-46.2233744, -4.39040249999994], [-46.2409378, -4.37377659999993], [-46.2645773, -4.30769439999995], [-46.2737878, -4.30169059999997], [-46.093225, -4.03470369999997], [-46.0870197, -4.03335279999993], [-46.0887542, -4.02400029999995], [-46.050447, -3.99999989999998], [-45.98425, -3.98432849999995], [-45.9053683, -3.93806169999993], [-45.9098137, -3.93029279999996], [-45.8984472, -3.89975849999996], [-45.8791543, -3.88980449999997], [-45.8532291999999, -3.88742109999993], [-45.8463861, -3.88003019999996], [-45.8449707999999, -3.81786329999994], [-45.8093428999999, -3.81931549999996], [-45.8072605, -3.82515489999997], [-45.8030272999999, -3.82136029999998], [-45.7853938, -3.83310919999997], [-45.7724153999999, -3.82314539999993], [-45.7707048999999, -3.79863089999998], [-45.7650573, -3.79249079999994], [-45.7495575999999, -3.79635909999996], [-45.7500269, -3.81710329999993], [-45.7182776999999, -3.80947819999994], [-45.6857851, -3.78830839999995], [-45.6821611999999, -3.76691389999996], [-45.6702531, -3.74663709999993], [-45.6397358999999, -3.73964089999993], [-45.6358612, -3.72963149999993], [-45.6242566999999, -3.73286299999995], [-45.5981578999999, -3.91534449999995], [-45.5812543, -3.94719829999997], [-45.5779975, -3.98746059999996], [-45.561361, -3.98720789999993], [-45.5733683, -4.01991919999995], [-45.5583796, -4.06019919999994], [-45.5508239, -4.05895609999993], [-45.5515935999999, -4.06491339999997], [-45.5608718999999, -4.06654129999993], [-45.5622222, -4.08076509999995], [-45.5708344, -4.08921639999994], [-45.5690251, -4.10065559999993], [-45.5809877999999, -4.10977679999996], [-45.5782219, -4.12083229999996], [-45.5853982, -4.12630529999996], [-45.5799502, -4.13044339999993], [-45.5812023999999, -4.14168679999995], [-45.5727856999999, -4.14207669999996], [-45.5913533999999, -4.15859399999994], [-45.5859171, -4.17907029999998], [-45.5949732999999, -4.19596939999997], [-45.6262862999999, -4.19235699999996], [-45.6387243999999, -4.19665589999994], [-45.6432803, -4.18254419999994], [-45.670172, -4.20956499999994], [-45.7901563999999, -4.25673609999996], [-45.801127, -4.29428789999997], [-45.7913632, -4.30692189999996], [-45.7955297999999, -4.31155259999997], [-45.7912291, -4.33634739999997], [-45.8026829999999, -4.34790109999994], [-45.7981586999999, -4.36254599999995], [-45.8058834999999, -4.37273259999995], [-45.8039716, -4.38126589999996], [-45.8164677, -4.38882119999994], [-45.8147182, -4.40486939999994], [-45.8263342, -4.41979959999998], [-45.8222862, -4.42764759999994], [-45.806137, -4.42990689999993], [-45.7937426999999, -4.44588969999995], [-45.7867323, -4.48942099999994], [-45.7702477999999, -4.51308789999996], [-45.758665, -4.51489859999998], [-45.7605864999999, -4.52868279999996], [-45.7242120999999, -4.54337829999997], [-45.7085341, -4.55904829999997], [-45.920063, -4.55862279999997], [-45.9282772, -4.66168539999995], [-45.9584222999999, -4.67860159999998], [-45.9582894, -4.69869079999995], [-45.9700647, -4.70678319999996], [-45.9768963, -4.72598719999996], [-46.0133556, -4.74358069999994], [-46.0404248, -4.79212689999997], [-46.0364536, -4.80509419999993]]]}}, {"type": "Feature", "properties": {"CD_MUN": "2101806", "NM_MUN": "Benedito Leite"}, "geometry": {"type": "Polygon", "coordinates": [[[-44.9893114, -7.48239759999996], [-44.7874932, -7.24870469999996], [-44.6976534999999, -7.25505089999996], [-44.7049322999999, -7.23635949999993], [-44.6929324, -7.21757259999993], [-44.6867354, -7.18680849999993], [-44.6984849, -7.17953489999996], [-44.7093495999999, -7.18931469999995], [-44.7194857, -7.18564349999997], [-44.7203529, -7.16895549999998], [-44.7049923, -7.16337279999993], [-44.7177875, -7.15039479999996], [-44.7367381, -7.14912839999994], [-44.7472093, -7.13465539999993], [-44.7724360999999, -7.12476089999996], [-44.7845134999999, -7.10587139999996], [-44.7830870999999, -7.09935069999995], [-44.754154, -7.08619009999995], [-44.7537634, -7.07538839999995], [-44.7406786, -7.06294149999997], [-44.7276242999999, -7.06012399999997], [-44.7303482999999, -7.05534809999995], [-44.7228219, -7.04825359999995], [-44.7106805, -7.04426319999993], [-44.6994895, -7.01189479999994], [-44.6973376999999, -6.97443879999997], [-44.6156134999999, -6.96120279999997], [-44.5959556, -6.97764409999996], [-44.5875961, -6.97786899999994], [-44.5831694999999, -6.98913939999994], [-44.5757986, -6.98704559999993], [-44.5727098, -6.99634209999994], [-44.5580821, -6.99638989999994], [-44.5354919, -7.01512489999993], [-44.5127057, -6.92493949999994], [-44.4940344999999, -6.88395259999993], [-44.4532654999999, -6.89752569999996], [-44.4586499, -6.88902169999994], [-44.4407603, -6.85970969999994], [-44.4076573, -6.83635119999997], [-44.3885912, -6.84487629999995], [-44.3782649999999, -6.87669429999994], [-44.3295175, -6.91963209999994], [-44.3289329999999, -6.93713759999997], [-44.3227181, -6.93729979999995], [-44.3227105999999, -6.94376079999995], [-44.3058776, -6.94261929999993], [-44.2893589999999, -6.95771739999998], [-44.2731444999999, -6.95610329999994], [-44.2637389999999, -6.97246729999995], [-44.2532426999999, -6.97620289999998], [-44.2492751, -7.00054079999995], [-44.2622947, -7.00130209999998], [-44.2636601999999, -7.01898469999998], [-44.2783193, -7.03818939999996], [-44.2741171, -7.07024379999996], [-44.3051847999999, -7.11781219999995], [-44.3324675, -7.10861259999996], [-44.363098, -7.12149719999996], [-44.3860639, -7.12091539999994], [-44.4306276999999, -7.15155809999993], [-44.4620959, -7.16009109999993], [-44.5052426, -7.18675579999996], [-44.5251494, -7.22199929999994], [-44.5641952999999, -7.22770799999995], [-44.5717854, -7.24842869999998], [-44.5940768999999, -7.26717669999994], [-44.6158702, -7.30866619999995], [-44.628914, -7.30967379999993], [-44.6433316, -7.32485379999997], [-44.6627305, -7.33134809999996], [-44.6784271999999, -7.35925589999994], [-44.688641, -7.39490879999994], [-44.7043757, -7.39242399999995], [-44.7110963, -7.39818179999997], [-44.7299293, -7.39077029999993], [-44.7419808, -7.36170389999995], [-44.7803456, -7.37851749999993], [-44.8164962, -7.36089379999993], [-44.8206005, -7.37562299999996], [-44.8480283, -7.38656589999994], [-44.8524502, -7.40297029999994], [-44.8697051, -7.42305719999996], [-44.9004353, -7.42541059999996], [-44.9248163, -7.47052939999998], [-44.937471, -7.46964499999996], [-44.9661996, -7.48260279999994], [-44.9893114, -7.48239759999996]]]}}, {"type": "Feature", "properties": {"CD_MUN": "2101772", "NM_MUN": "Bela Vista do Maranhão"}, "geometry": {"type": "Polygon", "coordinates": [[[-45.3432549, -3.84477609999993], [-45.3377725999999, -3.82194459999994], [-45.3265903999999, -3.81426579999993], [-45.3264771, -3.79396209999993], [-45.3178629999999, -3.77905859999993], [-45.3429348, -3.68406979999997], [-45.2882213, -3.71820069999995], [-45.1525248999999, -3.72899319999993], [-45.1482061, -3.72947299999993], [-45.1463156999999, -3.73131059999997], [-45.1540082, -3.72991779999995], [-45.1573648999999, -3.74048449999998], [-45.1810416, -3.75711159999997], [-45.1784642, -3.76189869999996], [-45.1881898999999, -3.77753369999994], [-45.1972782999999, -3.77302999999995], [-45.2075857999999, -3.78572659999998], [-45.2196395999999, -3.77236029999995], [-45.2561028, -3.79898059999994], [-45.2684505999999, -3.79509149999996], [-45.2857567, -3.80399379999994], [-45.2991243, -3.79977179999997], [-45.3089304, -3.81032319999997], [-45.3133288999999, -3.83028369999994], [-45.3281011, -3.84118919999997], [-45.3247668, -3.84448349999997], [-45.3393867999999, -3.84929459999995], [-45.3432549, -3.84477609999993]]]}}, {"type": "Feature", "properties": {"CD_MUN": "2109809", "NM_MUN": "Santa Helena"}, "geometry": {"type": "Polygon", "coordinates": [[[-45.517193, -2.83121469999998], [-45.5171396, -2.84920339999996], [-45.5076425, -2.86751409999994], [-45.5345877, -2.84933389999998], [-45.5504296999999, -2.85833659999997], [-45.5588882, -2.85564239999997], [-45.5492363, -2.87668399999995], [-45.5545094999999, -2.88916909999995], [-45.5581331, -2.87197749999996], [-45.5672150999999, -2.87177359999993], [-45.5706135, -2.89373319999993], [-45.595492, -2.86606249999994], [-45.6097396, -2.88084899999996], [-45.63332, -2.88705899999997], [-45.6379676999999, -2.90266229999997], [-45.6418090999999, -2.65360309999994], [-45.5943040999999, -2.60576099999997], [-45.594438, -2.55722559999992], [-45.5609583999999, -2.48146159999993], [-45.6415992, -2.45848169999994], [-45.6414715029999, -2.36112900299997], [-45.6291399, -2.36717179999994], [-45.6133746, -2.36458699999997], [-45.5837275, -2.38419569999996], [-45.5735892, -2.38110909999995], [-45.5755978999999, -2.37660699999998], [-45.5671336, -2.37849919999996], [-45.5658256999999, -2.36750889999996], [-45.5545354, -2.36663289999996], [-45.5328216999999, -2.34657319999997], [-45.5305048, -2.35396679999997], [-45.5402768, -2.35692959999994], [-45.5358883, -2.36529729999995], [-45.5228036999999, -2.35745959999997], [-45.5170914999999, -2.36371339999994], [-45.5029967, -2.35138799999993], [-45.5035508999999, -2.34435209999998], [-45.5118231, -2.34224929999993], [-45.5066492, -2.33177349999994], [-45.5003020999999, -2.33797819999995], [-45.4842141999999, -2.33409189999998], [-45.4727257, -2.31894559999995], [-45.4511042, -2.31275789999995], [-45.4590977999999, -2.30533489999993], [-45.4533245, -2.29765609999993], [-45.4302132999999, -2.30474109999994], [-45.3915633, -2.27679879999994], [-45.3846682, -2.28083369999996], [-45.3795130999999, -2.30891989999998], [-45.3471857, -2.33614839999996], [-45.3351906, -2.27751739999997], [-45.3236467, -2.26645329999997], [-45.3107985, -2.23321299999998], [-45.2852857999999, -2.20792399999993], [-45.2835711, -2.19834969999994], [-45.2922048, -2.18878719999998], [-45.2837101, -2.17846079999993], [-45.2786124, -2.18137709999996], [-45.2839344, -2.17413939999994], [-45.2791842, -2.17030999999997], [-45.2869353999999, -2.16354169999994], [-45.2907061, -2.16991909999996], [-45.2940437999999, -2.16558479999998], [-45.2844714, -2.15989529999996], [-45.2788889999999, -2.16367079999998], [-45.2880958, -2.15538439999995], [-45.2761015, -2.15667219999995], [-45.2728415999999, -2.14411629999995], [-45.2622481, -2.14115749999996], [-45.2687513, -2.12442849999996], [-45.2605917, -2.11974519999995], [-45.2520412, -2.12876729999994], [-45.2560295, -2.12110639999997], [-45.2404835999999, -2.10801539999994], [-45.2458569, -2.09749979999998], [-45.2416269, -2.09320369999995], [-45.2500496, -2.08259649999997], [-45.2440922, -2.08239879999996], [-45.2501470999999, -2.07924799999995], [-45.2428143, -2.07350249999996], [-45.2428222999999, -2.06286659999995], [-45.2375554, -2.06811699999997], [-45.2292519, -2.06104519999997], [-45.2230061999999, -2.06891189999993], [-45.2132644, -2.05595969999996], [-45.2139329, -2.04193099999998], [-45.2057063999999, -2.03702189999996], [-45.2049876999999, -2.04334619999997], [-45.1932388, -2.03664579999997], [-45.1781063, -2.04335619999995], [-45.0947343999999, -2.05028139999996], [-44.9671182, -2.17087799999996], [-45.0268912, -2.20803799999993], [-45.160514, -2.34732769999994], [-45.489772, -2.49444379999994], [-45.4882711, -2.50372219999997], [-45.4939964, -2.50340159999996], [-45.4825408, -2.51668719999998], [-45.4885578, -2.51819369999993], [-45.4865761999999, -2.52616529999995], [-45.4787188, -2.53368199999994], [-45.4705339999999, -2.53103469999996], [-45.4732437, -2.53948049999997], [-45.4674846999999, -2.54140139999993], [-45.4746928, -2.55163709999994], [-45.4628855999999, -2.55357349999997], [-45.4654601999999, -2.55878439999998], [-45.4592498, -2.55838689999996], [-45.4566718, -2.56579729999993], [-45.4492582999999, -2.56358459999996], [-45.4460627999999, -2.57126639999996], [-45.4409491, -2.56794499999995], [-45.4340764999999, -2.57359229999997], [-45.4462028, -2.58574109999995], [-45.4392764999999, -2.58910609999998], [-45.4481117999999, -2.59493589999994], [-45.4501979999999, -2.62046279999993], [-45.4443573, -2.62604819999996], [-45.4545120999999, -2.64068389999994], [-45.452502, -2.64842349999998], [-45.4649264999999, -2.64899739999993], [-45.4725605, -2.66141459999994], [-45.4570888, -2.68113969999996], [-45.4725596, -2.68587469999994], [-45.4667611, -2.69254249999994], [-45.4688644999999, -2.70438949999993], [-45.4572009999999, -2.71834239999993], [-45.4630410999999, -2.71726589999997], [-45.4714281999999, -2.74719249999993], [-45.4679556, -2.74334339999996], [-45.4641329999999, -2.75224809999997], [-45.4589319, -2.74800539999995], [-45.4568662999999, -2.77095179999998], [-45.4428933, -2.77347279999998], [-45.4374978, -2.79031289999995], [-45.4499365999999, -2.79839419999996], [-45.4447458999999, -2.80783389999993], [-45.4369086, -2.80391579999997], [-45.4525454, -2.82121949999993], [-45.4633921999999, -2.81614069999995], [-45.4726893, -2.81973869999996], [-45.4781331999999, -2.83276259999997], [-45.4726558999999, -2.85648479999998], [-45.4811516999999, -2.86449579999993], [-45.4920561, -2.86086479999994], [-45.4945853, -2.83991259999993], [-45.517193, -2.83121469999998]]]}}, {"type": "Feature", "properties": {"CD_MUN": "2101608", "NM_MUN": "Barra do Corda"}, "geometry": {"type": "Polygon", "coordinates": [[[-44.9584131999999, -5.54212269999994], [-44.9682329, -5.62625839999993], [-44.9385116999999, -5.65447939999996], [-44.9202928999999, -5.68835649999994], [-44.9248282, -5.78922729999994], [-45.0897060999999, -5.85257809999996], [-45.1038738999999, -5.85201739999997], [-45.1823282999999, -5.87707579999994], [-45.2722767, -5.99708259999994], [-45.2913803, -5.97050909999996], [-45.2890135, -5.95750499999997], [-45.2989522999999, -5.93548329999993], [-45.2956265999999, -5.92032649999993], [-45.3130917999999, -5.91721799999993], [-45.3758440999999, -5.93259189999998], [-45.5738552999999, -5.73143299999998], [-45.5489757, -5.71132459999995], [-45.5547463, -5.70497569999998], [-45.5529665999999, -5.69210929999997], [-45.5266588, -5.67691249999996], [-45.5180769, -5.65822319999995], [-45.5031291, -5.65671859999998], [-45.5070492999999, -5.64666659999995], [-45.4903143999999, -5.63660959999993], [-45.4826265999999, -5.62158039999997], [-45.464888, -5.62145739999994], [-45.4457186999999, -5.61346809999998], [-45.4403564, -5.60481019999997], [-45.4317737, -5.60965269999997], [-45.4272205999999, -5.60386979999993], [-45.5234495999999, -5.50882289999993], [-45.4211534999999, -5.44671229999994], [-45.4385839, -5.42321339999995], [-45.4447742, -5.39638929999995], [-45.4571872999999, -5.38722909999996], [-45.4518583, -5.37912129999995], [-45.4836184, -5.29757999999993], [-45.4677386, -5.27419489999994], [-45.4598642, -5.26901639999994], [-45.4336413, -5.29151469999994], [-45.4229551999999, -5.28573749999993], [-45.4237246, -5.27812709999995], [-45.3827838, -5.28355059999996], [-45.3686921999999, -5.27901539999993], [-45.3624146999999, -5.26644109999995], [-45.3412005, -5.25375719999994], [-45.3448281, -5.23562439999995], [-45.3604088, -5.22237709999996], [-45.3487122, -5.20685449999996], [-45.3278463999999, -5.19921819999996], [-45.3265585999999, -5.17689329999996], [-45.3140959999999, -5.16367119999995], [-45.3151348, -5.13433649999996], [-45.3306931, -5.12175879999995], [-45.1232355, -5.12093059999995], [-45.0211217, -5.20889269999998], [-45.0085354999999, -5.19035429999997], [-45.0072486999999, -5.17121079999993], [-44.9968875, -5.16458489999997], [-45.0004888, -5.15245249999998], [-44.9914722, -5.13211019999994], [-44.9685363, -5.12725049999995], [-44.9712135, -5.11332469999996], [-44.9647358999999, -5.11029149999996], [-44.9611449, -5.10149479999995], [-44.9669989, -5.09664319999996], [-44.961062, -5.09033779999993], [-44.970468, -5.07875049999996], [-44.9645035999999, -5.06898519999993], [-44.9597876999999, -5.07119899999998], [-44.9558385999999, -5.04957519999994], [-44.9429375999999, -5.03937699999994], [-44.9530602, -5.03770269999995], [-44.9527998999999, -5.02473999999995], [-44.9368913, -5.02125639999997], [-44.9190743999999, -5.03924629999995], [-44.8924134, -5.03219719999993], [-44.8740362999999, -5.04030389999997], [-44.8694480999999, -5.05840889999996], [-44.8560252, -5.06369879999994], [-44.8636549, -5.07866349999995], [-44.8554007, -5.10955469999993], [-44.8579885, -5.12333989999996], [-44.8348171, -5.11317439999993], [-44.8274878, -5.11590539999997], [-44.8200335, -5.13379839999993], [-44.8237836, -5.14578609999995], [-44.763114, -5.18143349999997], [-44.7686404, -5.20367919999995], [-44.7763944, -5.20100649999995], [-44.7719772999999, -5.21146909999993], [-44.7904149, -5.21612699999997], [-44.7913460999999, -5.20880369999998], [-44.7992214999999, -5.21003709999997], [-44.7974086999999, -5.21535399999993], [-44.8095658, -5.21983259999996], [-44.8070508, -5.22486089999995], [-44.8137586, -5.22034939999998], [-44.8197463, -5.22568099999995], [-44.8105343999999, -5.23084739999996], [-44.8155877, -5.23897389999996], [-44.8061532, -5.24079359999996], [-44.8062103, -5.25915719999995], [-44.8005494999999, -5.26612609999995], [-44.8156741, -5.25403999999997], [-44.819786, -5.25686249999995], [-44.8174372, -5.26592029999995], [-44.8311060999999, -5.27631429999997], [-44.8373774, -5.30040759999997], [-44.8455291999999, -5.30101339999993], [-44.8525069999999, -5.31632899999994], [-44.8672033, -5.32159789999997], [-44.8665885, -5.33972709999995], [-44.8950005999999, -5.35521629999994], [-44.893315, -5.37085259999998], [-44.9065712999999, -5.36808949999994], [-44.9108581, -5.37534969999996], [-44.9178085999999, -5.37132809999997], [-44.9245435, -5.38319229999996], [-44.9205691999999, -5.40776649999998], [-44.9283784, -5.40699759999995], [-44.9280507, -5.41919869999998], [-44.9401721999999, -5.44280429999998], [-44.9335680999999, -5.44465079999998], [-44.9405158, -5.45088529999992], [-44.9362285999999, -5.46081609999993], [-44.9528764, -5.49399029999995], [-44.9670118999999, -5.50219059999995], [-44.9608512, -5.51621879999993], [-44.9653701999999, -5.52881899999994], [-44.9584131999999, -5.54212269999994]]]}}, {"type": "Feature", "properties": {"CD_MUN": "2100956", "NM_MUN": "Arame"}, "geometry": {"type": "Polygon", "coordinates": [[[-46.2045173, -5.32419939999994], [-46.2496611, -5.35111249999994], [-46.2767198, -5.35105839999994], [-46.2817694, -5.35910969999998], [-46.307868, -5.36150449999997], [-46.3130783999999, -5.34590489999994], [-46.3299686999999, -5.33404949999994], [-46.3479773999999, -5.29629299999993], [-46.3387521, -5.27792009999996], [-46.3212763999999, -5.26430089999997], [-46.3132198, -5.22097689999993], [-46.2868048, -5.20072499999998], [-46.2779371999999, -5.17832439999995], [-46.2368001999999, -5.14257139999995], [-46.220085, -5.13528659999997], [-46.1907777, -5.07176749999996], [-46.1670568, -5.05398239999994], [-46.1375773, -5.05533309999993], [-46.1139969, -5.04607169999997], [-46.0691955, -5.00008509999998], [-46.0564383999999, -4.96952879999998], [-46.0260087999999, -4.93370069999997], [-46.0267924, -4.91534539999998], [-46.0142926, -4.88059559999994], [-46.0113686999999, -4.86333039999994], [-46.027168, -4.83682809999993], [-46.0283542, -4.80549949999994], [-46.0413973, -4.79942099999994], [-46.0292405, -4.76748909999998], [-46.0118967999999, -4.74187879999994], [-45.9758186, -4.72491989999997], [-45.9700647, -4.70678319999996], [-45.9582894, -4.69869079999995], [-45.9567498, -4.67660879999994], [-45.9282772, -4.66168539999995], [-45.9221310999999, -4.61567409999998], [-45.9230047999999, -4.63977469999998], [-45.8674973999999, -4.62752219999993], [-45.8490386, -4.74394719999998], [-45.712249, -4.77516559999998], [-45.7070214999999, -4.83357669999998], [-45.5918098999999, -4.89440839999997], [-45.5722332999999, -4.91966399999995], [-45.5829638, -4.93834149999998], [-45.5714586999999, -4.94410279999994], [-45.5870924, -4.96532989999997], [-45.5873051999999, -4.97801129999993], [-45.6011268999999, -4.97822169999995], [-45.6060093, -4.99298369999997], [-45.6199334999999, -4.98778019999997], [-45.6300401, -5.00223309999996], [-45.647102, -5.00408169999997], [-45.6581226, -5.02535019999993], [-45.6744077, -5.02925389999996], [-45.6839395, -5.03896199999997], [-45.7096614, -5.04699929999992], [-45.715811, -5.04695159999994], [-45.7149587, -5.04179089999997], [-45.7229182, -5.04492719999996], [-45.7381017, -5.07700569999997], [-45.7522438999999, -5.07577929999997], [-45.7545064, -5.09278639999997], [-45.7688368999999, -5.11297629999996], [-45.7970579999999, -5.12439019999994], [-45.7935191, -5.15327109999993], [-45.8132479, -5.16369359999993], [-45.8221773, -5.18941659999996], [-45.8309447999999, -5.19043669999996], [-45.8486283, -5.21138689999998], [-45.8548776, -5.20487289999994], [-45.8655093, -5.23417619999998], [-45.8712462999999, -5.23581859999996], [-45.8729013999999, -5.23035749999997], [-45.8857864, -5.23849629999995], [-45.8873659, -5.24871259999998], [-45.9055744, -5.25479819999993], [-45.915924, -5.28198329999998], [-45.9315101999999, -5.28684699999997], [-45.9283518, -5.29933699999998], [-45.9310111, -5.30358469999993], [-45.9310351999999, -5.30947479999998], [-45.9324612999999, -5.31269849999995], [-45.9383529, -5.30402159999994], [-45.945928, -5.31239359999995], [-45.9856399, -5.28938139999997], [-45.9993501, -5.29288789999993], [-45.9970135, -5.30533049999997], [-46.0106258, -5.30478629999993], [-46.0209869, -5.29565469999994], [-46.0464124, -5.30326319999995], [-46.0645549, -5.29377199999993], [-46.0974500999999, -5.29225249999996], [-46.1130429, -5.27756319999997], [-46.1418985, -5.28437889999998], [-46.1460622, -5.27783249999993], [-46.1696825999999, -5.27942449999995], [-46.1871538999999, -5.27075689999998], [-46.1953535, -5.27917349999996], [-46.2045173, -5.32419939999994]]]}}, {"type": "Feature", "properties": {"CD_MUN": "2109239", "NM_MUN": "Presidente Médici"}, "geometry": {"type": "Polygon", "coordinates": [[[-45.807166603, -2.42696120699998], [-45.9039531999999, -2.42949349999998], [-45.9006338, -2.41427279999994], [-45.8524093999999, -2.34544109999996], [-45.831999195, -2.22877470999993], [-45.8050159049999, -2.20204879499994], [-45.7756070099999, -2.18720440499993], [-45.7430062999999, -2.18965849999995], [-45.7096485, -2.24375349999997], [-45.6839262999999, -2.22684769999995], [-45.6841573, -2.32914659999994], [-45.6390956029999, -2.36016979699997], [-45.807166603, -2.42696120699998]]]}}, {"type": "Feature", "properties": {"CD_MUN": "2109205", "NM_MUN": "Presidente Juscelino"}, "geometry": {"type": "Polygon", "coordinates": [[[-44.0264733, -3.27994479999995], [-44.0296327, -3.29065939999992], [-44.0471444, -3.29059309999997], [-44.0647887, -3.18746739999995], [-44.1021938, -3.21853989999994], [-44.0915780999999, -3.19848539999992], [-44.1205441, -3.19259099999994], [-44.1200431999999, -3.16672499999993], [-44.1427864999999, -3.16209149999997], [-44.1459571999999, -3.15499119999993], [-44.1330960999999, -3.15553169999993], [-44.1254585999999, -3.13761829999993], [-44.1326804, -3.12238439999993], [-44.1301941999999, -3.10606189999993], [-44.1123987, -3.09887119999996], [-44.1319199, -3.08959039999996], [-44.134292, -3.07521069999996], [-44.1585696, -3.07367699999998], [-44.1462615999999, -3.06102699999997], [-44.1406254, -3.04010339999996], [-44.1443687, -3.03214189999994], [-44.1395100999999, -3.01732389999995], [-44.1538115, -3.01360139999997], [-44.1543879, -3.00041179999994], [-44.1434573, -2.99171839999997], [-44.1472783, -2.98137309999993], [-44.1409993999999, -2.96389399999993], [-44.1249438999999, -2.96001869999998], [-44.1212762, -2.94966669999997], [-44.1367061, -2.94772409999996], [-44.0595791, -2.90554139999995], [-44.0581159, -2.92184489999994], [-44.0650330999999, -2.92969359999995], [-44.0594398, -2.93289359999994], [-44.073925, -2.94956949999994], [-44.0683597, -2.95253599999995], [-44.0741601, -2.96492429999995], [-44.0611375, -2.97037469999998], [-44.0619778999999, -2.98242949999997], [-44.0725404999999, -2.98920639999994], [-44.0712882, -2.99900529999996], [-44.0882976999999, -3.02218549999998], [-44.0778597, -3.01758289999998], [-44.0780920999999, -3.03293749999995], [-44.0611906999999, -3.02887159999995], [-44.0521317, -3.03355049999993], [-44.0550428999999, -3.03990469999997], [-44.0428601, -3.04317369999995], [-44.0519244, -3.04981279999993], [-44.0400746999999, -3.04989379999995], [-44.0337997, -3.07145499999996], [-44.029333, -3.06656389999995], [-44.0197732999999, -3.07213909999996], [-44.0027267, -3.06149439999996], [-43.9860229999999, -3.08044069999994], [-44.0054873, -3.08818019999995], [-44.015862, -3.10089819999996], [-43.9931215999999, -3.11863059999996], [-44.001706, -3.14361809999997], [-43.9943476, -3.14285829999994], [-43.9979142999999, -3.15890239999993], [-44.0085159, -3.15948439999994], [-44.013818, -3.17161069999997], [-44.0076764999999, -3.17477639999993], [-44.0117455, -3.17761689999998], [-44.0068285, -3.18517789999993], [-44.0180339999999, -3.19030339999995], [-44.0315456, -3.18733269999996], [-44.0438195, -3.20943619999997], [-44.0330077, -3.22530629999994], [-44.0403957, -3.22900579999992], [-44.0418376, -3.24115439999997], [-44.0300492, -3.25523929999997], [-44.0264733, -3.27994479999995]]]}}, {"type": "Feature", "properties": {"CD_MUN": "2109056", "NM_MUN": "Porto Rico do Maranhão"}, "geometry": {"type": "Polygon", "coordinates": [[[-44.6248032999999, -1.95217439999993], [-44.6161392, -1.96836909999996], [-44.6327244999999, -1.98307489999996], [-44.652226, -1.99040879999995], [-44.6786484, -1.98261539999993], [-44.6964523999999, -1.98920219999997], [-44.6977884, -1.96795029999993], [-44.7048599, -1.96694699999995], [-44.6991551, -1.95110509999995], [-44.707326, -1.92696499999994], [-44.7033569, -1.92038509999998], [-44.7096549, -1.92349489999998], [-44.7121495, -1.91897569999998], [-44.715999, -1.92464899999993], [-44.7171539999999, -1.90989399999995], [-44.7266, -1.91259599999995], [-44.7238603, -1.90571859999994], [-44.7308323999999, -1.90777109999993], [-44.7264964999999, -1.89648759999994], [-44.7346161, -1.89787659999996], [-44.7318584999999, -1.88290989999996], [-44.7243889, -1.87726999999995], [-44.7161704, -1.87531299999995], [-44.7145399999999, -1.88325799999996], [-44.7211502, -1.88589079999997], [-44.7172484, -1.88728519999995], [-44.7099416999999, -1.88505339999995], [-44.7087948, -1.87682939999996], [-44.6666628, -1.86308159999993], [-44.6579551, -1.83709539999995], [-44.6228101, -1.82150629999995], [-44.6197498, -1.80420019999997], [-44.625954, -1.78198469999995], [-44.6152964999999, -1.76334199999997], [-44.5733624, -1.77519539999997], [-44.5906653, -1.78215459999996], [-44.5640392, -1.80358139999993], [-44.5684406, -1.82486689999996], [-44.5641406999999, -1.83568009999993], [-44.5520026, -1.83858439999995], [-44.5437522, -1.81951179999993], [-44.5333176999999, -1.82432249999994], [-44.5516833, -1.88848739999997], [-44.5648017999999, -1.89627639999998], [-44.5776653, -1.89032859999998], [-44.5872793, -1.89761929999997], [-44.6011844, -1.89752769999996], [-44.6083520999999, -1.91276649999998], [-44.6224298, -1.92244619999997], [-44.6209645, -1.93136529999992], [-44.6379732999999, -1.94414669999998], [-44.6248032999999, -1.95217439999993]]]}}, {"type": "Feature", "properties": {"CD_MUN": "2101004", "NM_MUN": "Arari"}, "geometry": {"type": "Polygon", "coordinates": [[[-44.8185450999999, -3.67333159999993], [-44.8068496, -3.68135709999996], [-44.8101882, -3.66575619999998], [-44.7957646999999, -3.67113509999996], [-44.7932107999999, -3.65786939999992], [-44.8139047999999, -3.63954159999997], [-44.8151569999999, -3.62620569999996], [-44.8031311, -3.61043309999997], [-44.8081855, -3.59467029999996], [-44.8174931, -3.59552919999993], [-44.8294632, -3.58405759999994], [-44.8409414, -3.58755299999996], [-44.8537418, -3.56929629999996], [-44.8389069, -3.57312259999998], [-44.8230966, -3.53727539999994], [-44.8279070999999, -3.53149269999994], [-44.8389073, -3.53952859999993], [-44.8359890999999, -3.52607929999994], [-44.8476494999999, -3.52460359999998], [-44.8534864, -3.49569069999995], [-44.8446567, -3.48477309999993], [-44.8315231, -3.48261949999994], [-44.8300379999999, -3.46588639999993], [-44.8193489, -3.47354909999996], [-44.8569213, -3.37169939999995], [-44.8622038999999, -3.32916029999996], [-44.8785477, -3.29831529999996], [-44.8681531, -3.27894619999995], [-44.8738782999999, -3.27681909999995], [-44.8731918999999, -3.26199869999994], [-44.8603525999999, -3.26634619999993], [-44.8553274999999, -3.27644589999994], [-44.8392393999999, -3.27746009999993], [-44.8538222, -3.29545329999996], [-44.8286858, -3.28915149999995], [-44.8105467, -3.26935209999994], [-44.8017912999999, -3.27328859999994], [-44.7894568999999, -3.29643749999997], [-44.7660711, -3.30503149999993], [-44.7480186, -3.29787599999997], [-44.6919323, -3.37930939999995], [-44.6336094, -3.42554159999997], [-44.5940651999999, -3.44585529999995], [-44.6110616, -3.48267619999996], [-44.6257711, -3.49027189999993], [-44.6104074, -3.65900949999997], [-44.6099295, -3.83902359999996], [-44.6344331, -3.83289089999994], [-44.6422967, -3.81604439999995], [-44.6496026999999, -3.82234449999993], [-44.6569301, -3.81993339999997], [-44.6524615, -3.81110329999996], [-44.6625142999999, -3.80643639999994], [-44.6507084, -3.80011329999996], [-44.6570156999999, -3.78552699999995], [-44.6663197999999, -3.78675889999994], [-44.6697095, -3.77724409999996], [-44.6748535999999, -3.77944979999995], [-44.6802633, -3.76531579999994], [-44.6884572, -3.77108019999997], [-44.7021012, -3.76824249999993], [-44.7021814999999, -3.75635469999997], [-44.712432, -3.74732939999996], [-44.7082955, -3.74103579999996], [-44.7244077999999, -3.73703509999996], [-44.7247386999999, -3.72524029999994], [-44.7389034, -3.73266069999994], [-44.7415713999999, -3.72296789999996], [-44.7518239999999, -3.73010109999996], [-44.7487134, -3.72354299999995], [-44.7540135, -3.71940129999996], [-44.7386581, -3.70987659999997], [-44.7423204999999, -3.69791839999993], [-44.7286005, -3.69702499999994], [-44.7338548, -3.69224099999997], [-44.7583777999999, -3.68610099999995], [-44.7513526, -3.68125179999993], [-44.7610483999999, -3.67521819999996], [-44.7768498, -3.67921099999995], [-44.7742395, -3.69735229999998], [-44.7812402, -3.70464799999996], [-44.7922288999999, -3.70013089999998], [-44.7933661, -3.69042209999998], [-44.7996328999999, -3.69355959999996], [-44.7942955999999, -3.70058139999998], [-44.8061954999999, -3.70446889999994], [-44.8129233999999, -3.69255729999998], [-44.8076518, -3.68780899999996], [-44.8146012999999, -3.68664569999993], [-44.8185450999999, -3.67333159999993]]]}}, {"type": "Feature", "properties": {"CD_MUN": "2109007", "NM_MUN": "Porto Franco"}, "geometry": {"type": "Polygon", "coordinates": [[[-47.1563576999999, -6.52477219999997], [-47.1876849999999, -6.55598389999994], [-47.2006863999999, -6.55646109999998], [-47.2159713, -6.56776329999997], [-47.2126036, -6.57688079999997], [-47.2277338, -6.57128739999996], [-47.2340124999999, -6.57904269999995], [-47.2443299999999, -6.56238649999995], [-47.2714589, -6.56304989999995], [-47.2836521999999, -6.54469369999993], [-47.2997063, -6.53434979999997], [-47.316469, -6.54229239999995], [-47.3233264, -6.53038199999997], [-47.3412008, -6.52161119999994], [-47.3405756, -6.51280719999994], [-47.3840084999999, -6.51831649999997], [-47.4066703, -6.50188939999992], [-47.4057645, -6.49714729999994], [-47.4246851, -6.50445769999993], [-47.4163425, -6.48387659999997], [-47.4342056999999, -6.43118859999993], [-47.4099548999999, -6.36965549999996], [-47.4086248999999, -6.32806689999995], [-47.3786439, -6.27275829999996], [-47.3807457, -6.25002259999997], [-47.3423915, -6.24203519999998], [-47.3219468999999, -6.25528399999996], [-47.3026947, -6.25121089999993], [-47.2696913999999, -6.28756729999998], [-47.1176609999999, -6.23454099999998], [-47.0936859999999, -6.21396199999998], [-47.0432319999999, -6.19751499999995], [-47.0461606, -6.21254689999995], [-47.0295808, -6.20625029999997], [-47.0272662, -6.21712289999994], [-46.9824381, -6.21849239999995], [-46.9845296999999, -6.23517809999993], [-46.9711113, -6.22819339999995], [-46.9674591, -6.23518439999998], [-46.9638401, -6.22919809999996], [-46.9631117, -6.23891319999996], [-46.9506398999999, -6.22508029999995], [-46.9421116, -6.22921949999994], [-46.940353, -6.21531269999997], [-46.9371849999999, -6.22172449999994], [-46.9195137999999, -6.21987629999995], [-46.917525, -6.20841319999994], [-46.9013080999999, -6.20498339999995], [-46.8959429, -6.21074229999994], [-46.8917837, -6.20029349999993], [-46.8827216, -6.20250059999995], [-46.8553970999999, -6.18908909999993], [-46.8476664, -6.19513059999997], [-46.8541294999999, -6.20393309999997], [-46.8464774, -6.20329849999996], [-46.8362175999999, -6.21879019999994], [-46.8123494, -6.22479469999996], [-46.8054974999999, -6.23561409999996], [-46.8112374, -6.25189249999994], [-46.8027142999999, -6.25126589999996], [-46.8129362, -6.27718339999996], [-46.8096505999999, -6.29053479999993], [-46.794953, -6.29775819999998], [-46.7889843, -6.32829949999996], [-46.7651721999999, -6.35540349999997], [-46.8438666, -6.31866039999994], [-46.8498129, -6.29386649999998], [-46.865507, -6.28690139999998], [-46.8947583, -6.29427219999997], [-46.901447, -6.29034699999994], [-46.9076456, -6.29698239999993], [-46.9178079, -6.29238039999996], [-46.9208798999999, -6.29822019999995], [-46.9271636999999, -6.29590759999996], [-46.9273659999999, -6.28538139999995], [-46.9333508999999, -6.29081659999997], [-46.9312297, -6.27811029999998], [-46.9440202, -6.27949379999995], [-46.9467016999999, -6.27311489999994], [-46.9566215999999, -6.27849649999996], [-46.9713828, -6.26917659999998], [-46.9834946, -6.28132819999996], [-46.9951897, -6.27141679999994], [-47.0069505, -6.28108519999995], [-47.0171371, -6.27698789999994], [-47.0141801999999, -6.28530449999994], [-47.0275152999999, -6.28720719999995], [-47.0192431, -6.31175619999993], [-47.0257286999999, -6.31370819999995], [-47.0287645999999, -6.33448469999996], [-47.0378492, -6.33570729999997], [-47.040197, -6.35021829999994], [-47.0554688999999, -6.35933189999997], [-47.0598957, -6.37875769999994], [-47.1068415, -6.38547089999997], [-47.1221184999999, -6.38195849999994], [-47.1404831, -6.42021579999994], [-47.1056341, -6.43976909999998], [-47.0959073999999, -6.48088079999997], [-47.0690506, -6.54635029999997], [-47.0814495, -6.54729029999993], [-47.1392908999999, -6.51978509999998], [-47.1563576999999, -6.52477219999997]]]}}, {"type": "Feature", "properties": {"CD_MUN": "2100832", "NM_MUN": "Apicum-Açu"}, "geometry": {"type": "MultiPolygon", "coordinates": [[[[-45.1419888, -1.47798239999997], [-45.1418778, -1.47170719999997], [-45.1410427, -1.47149679999995], [-45.1419888, -1.47798239999997]]], [[[-45.1268047, -1.38544019999995], [-45.1131232, -1.36259059999998], [-45.0931396999999, -1.38239119999997], [-45.1087029, -1.41304039999994], [-45.1172460999999, -1.39131279999998], [-45.1268047, -1.38544019999995]]], [[[-45.0973619, -1.45033089999993], [-45.0989319, -1.44527759999994], [-45.0959956999999, -1.45005799999996], [-45.0973619, -1.45033089999993]]], [[[-45.1661639, -1.64627499999995], [-45.1554649999999, -1.61507009999997], [-45.169886, -1.59207069999997], [-45.1513664999999, -1.58726819999993], [-45.1513591, -1.57485319999995], [-45.173197, -1.53157819999996], [-45.1762699999999, -1.54206299999993], [-45.1819369999999, -1.54266299999995], [-45.1960192999999, -1.48812129999993], [-45.1751207999999, -1.49536149999994], [-45.1525746, -1.47036509999998], [-45.1427251, -1.48324069999995], [-45.1324901, -1.48478509999995], [-45.103193, -1.47312919999996], [-45.0941817999999, -1.45563859999993], [-45.0714720999999, -1.46685479999996], [-45.0697135999999, -1.48121039999995], [-45.0566894, -1.48222349999998], [-45.0488938, -1.49035129999993], [-45.0277116999999, -1.49262179999994], [-45.0064892, -1.48612959999997], [-44.9897781999999, -1.51104459999993], [-45.0075922999999, -1.52098379999995], [-45.0071778999999, -1.53175909999993], [-44.9964975, -1.53483599999993], [-44.9787099, -1.52458679999995], [-44.9637157999999, -1.53620449999994], [-44.9634826, -1.55647089999997], [-44.9502831, -1.56692969999995], [-45.0112450999999, -1.58181769999993], [-45.0397778999999, -1.60126969999993], [-45.0683433, -1.60346079999994], [-45.0782818, -1.61227609999997], [-45.0788913, -1.62406909999993], [-45.1050476, -1.64110279999994], [-45.121753, -1.64443729999994], [-45.130287, -1.62859299999997], [-45.1399790999999, -1.62621009999998], [-45.1479361, -1.64237219999995], [-45.1661639, -1.64627499999995]]], [[[-45.1337406, -1.46027449999997], [-45.1274468999999, -1.45543419999996], [-45.1241557, -1.43893079999998], [-45.1105919, -1.42190109999996], [-45.1030172, -1.46415329999996], [-45.1292147, -1.47172109999997], [-45.1337406, -1.46027449999997]]], [[[-45.084892, -1.44247899999993], [-45.0775513999999, -1.42806029999997], [-45.0703915999999, -1.43801119999995], [-45.0738385, -1.45951509999998], [-45.084892, -1.44247899999993]]], [[[-45.0968167999999, -1.43500589999996], [-45.0944481999999, -1.42476179999994], [-45.0878537999999, -1.42242009999995], [-45.0891564, -1.44451129999993], [-45.0968167999999, -1.43500589999996]]], [[[-45.1034859, -1.42505749999998], [-45.0818628, -1.37728339999995], [-45.071723, -1.37340919999997], [-45.0746058, -1.38954349999995], [-45.0848556, -1.39330889999997], [-45.1003011, -1.43319959999997], [-45.1034859, -1.42505749999998]]]]}}, {"type": "Feature", "properties": {"CD_MUN": "2100808", "NM_MUN": "Anapurus"}, "geometry": {"type": "Polygon", "coordinates": [[[-43.0148205, -3.69027609999995], [-43.0084484999999, -3.72805949999997], [-43.0173414999999, -3.73840439999998], [-43.1233243, -3.69003169999996], [-43.112337, -3.63464199999993], [-43.0880763, -3.58587609999995], [-43.0965739, -3.53393329999994], [-43.109879, -3.52362339999996], [-43.1253182999999, -3.52504279999994], [-43.1346905999999, -3.55161779999997], [-43.1488871, -3.55898339999993], [-43.1498336999999, -3.55345149999994], [-43.1717295, -3.55315309999997], [-43.1870847, -3.54163749999998], [-43.1828135, -3.53352859999995], [-43.1949542, -3.51753979999995], [-43.2128625999999, -3.52620459999997], [-43.2226702999999, -3.52028289999993], [-43.2389196999999, -3.54087469999996], [-43.2596758, -3.54292889999994], [-43.279282, -3.55590809999995], [-43.3095018, -3.54032769999998], [-43.2351987, -3.38451249999997], [-43.2155574, -3.39449929999995], [-43.1793608999999, -3.44620659999993], [-43.155472, -3.44796509999998], [-43.1520561999999, -3.46099539999994], [-43.1348924, -3.46729749999997], [-43.1292205, -3.47849589999993], [-42.9655265, -3.42190549999998], [-42.9756684, -3.42997829999996], [-42.9778484999999, -3.45789249999996], [-42.9880396, -3.47085809999993], [-42.9696926, -3.48579899999993], [-42.9963306999999, -3.50352249999997], [-42.9851692999999, -3.50937729999993], [-42.9755772999999, -3.54548859999994], [-42.9843023, -3.54591959999993], [-42.9955669, -3.56548729999997], [-43.0050373, -3.56920239999994], [-42.9996507, -3.57446019999998], [-43.0017253999999, -3.58824649999997], [-42.9958665999999, -3.59069279999994], [-42.9997236999999, -3.59770629999997], [-42.9839449, -3.61291089999997], [-42.9844103999999, -3.63014159999994], [-43.0148205, -3.69027609999995]]]}}, {"type": "Feature", "properties": {"CD_MUN": "2109106", "NM_MUN": "Presidente Dutra"}, "geometry": {"type": "Polygon", "coordinates": [[[-44.4460202, -5.49702609999997], [-44.4611351999999, -5.45216659999994], [-44.4813809, -5.46368239999993], [-44.4831945999999, -5.45000949999996], [-44.5011593, -5.44713779999995], [-44.5089060999999, -5.45121159999997], [-44.5092400999999, -5.47258219999998], [-44.5234649, -5.47378429999998], [-44.5331894, -5.46616989999995], [-44.541895, -5.44543859999993], [-44.5399897, -5.42906369999997], [-44.5489873, -5.41720849999996], [-44.5463047, -5.39758469999992], [-44.5608759, -5.38223139999997], [-44.5578806, -5.37238809999997], [-44.5644348, -5.35536259999998], [-44.5606837999999, -5.34632169999998], [-44.5449848, -5.34278889999996], [-44.5391501, -5.33090279999993], [-44.5534896, -5.32199289999994], [-44.5546565, -5.30242279999993], [-44.5853805, -5.29448599999995], [-44.5665849, -5.27781899999997], [-44.569532, -5.25144199999994], [-44.5537494, -5.24601799999994], [-44.5390369, -5.22018359999993], [-44.5366154, -5.19346589999998], [-44.5436831, -5.16376159999993], [-44.529512, -5.14697389999998], [-44.5173270999999, -5.11532469999997], [-44.5007883, -5.11026919999995], [-44.4896234999999, -5.12645579999997], [-44.4550406, -5.14929319999993], [-44.4604571, -5.12321559999998], [-44.4554214999999, -5.08066809999997], [-44.448029, -5.08341549999994], [-44.4509389, -5.10531799999995], [-44.445499, -5.10544599999997], [-44.4436906999999, -5.09770539999994], [-44.423309, -5.12286729999994], [-44.3912495, -5.10343029999996], [-44.3672523, -5.11284839999996], [-44.3499605, -5.11020929999995], [-44.3548273, -5.12555759999998], [-44.3686221, -5.13750519999996], [-44.3642932, -5.14340069999997], [-44.3541205, -5.13565459999995], [-44.3488161999999, -5.13853439999997], [-44.3445783999999, -5.16248819999993], [-44.3621226, -5.17548079999995], [-44.3409467, -5.19596599999994], [-44.3697916, -5.22366649999998], [-44.3453787, -5.31186679999996], [-44.3582501, -5.32568299999997], [-44.3558226, -5.33664399999998], [-44.3626838, -5.35453909999995], [-44.3835038, -5.36629369999997], [-44.3714176, -5.36720579999997], [-44.3695824, -5.37618649999996], [-44.3986004, -5.38750899999997], [-44.4008203, -5.41137719999995], [-44.4072118999999, -5.41808619999995], [-44.4008216, -5.44578199999995], [-44.428954, -5.44897789999993], [-44.4242312, -5.45767549999994], [-44.428489, -5.47873709999993], [-44.4338461999999, -5.48616719999995], [-44.4406820999999, -5.48414129999998], [-44.4460202, -5.49702609999997]]]}}, {"type": "Feature", "properties": {"CD_MUN": "2100907", "NM_MUN": "Araioses"}, "geometry": {"type": "Polygon", "coordinates": [[[-41.9399688, -3.15693649999997], [-41.9352031999999, -3.18305279999993], [-41.9469799, -3.17389309999993], [-41.9543411999999, -3.17682019999995], [-41.9725503999999, -3.19327989999994], [-41.9736359, -3.20835939999995], [-41.9855587, -3.22250759999997], [-42.2455351999999, -3.19916989999996], [-42.309277, -3.09247919999996], [-42.2789557, -3.07840599999997], [-42.2296913, -3.07839439999998], [-42.2047947999999, -3.06694939999994], [-42.1894237, -3.06988769999992], [-42.1725709, -3.05865749999992], [-42.1469941, -3.05641349999996], [-42.126074, -3.03368529999995], [-42.1161198, -3.03808599999996], [-42.1020056, -3.02595849999994], [-42.0968007, -3.02890159999993], [-42.0668568999999, -3.01630959999994], [-42.0476518, -2.98892769999998], [-42.1267587999999, -2.98778869999995], [-42.1245790999999, -2.96568729999996], [-42.1362473, -2.94188399999996], [-42.0788899999999, -2.91831409999998], [-42.0964529, -2.87443079999997], [-42.0899062, -2.85329769999993], [-42.0940494, -2.84443019999998], [-42.0812501999999, -2.83435239999994], [-42.0801006999999, -2.82020939999995], [-42.0713276, -2.81579699999998], [-42.088162, -2.77196689999994], [-42.0998786, -2.75669249999993], [-42.1164944, -2.75679719999994], [-42.1178254, -2.74507059999996], [-42.1460522, -2.72299259999994], [-42.2066882, -2.70547539999995], [-42.2215686, -2.69362139999993], [-42.2186096999999, -2.68889529999996], [-42.1283541, -2.69522369999993], [-42.0701524, -2.68715209999993], [-42.0313505, -2.73962069999993], [-42.0165117, -2.73757779999994], [-42.0200078, -2.71652849999992], [-42.014016, -2.71264359999998], [-41.9837901, -2.72317779999997], [-41.878638, -2.72033059999995], [-41.8043493, -2.73238779999997], [-41.8247689, -2.74668399999996], [-41.8296726999999, -2.75387339999997], [-41.8260102, -2.75726739999993], [-41.8475185999999, -2.77557859999996], [-41.8451309, -2.81393549999996], [-41.8660379, -2.86996639999995], [-41.8351357999999, -2.91506079999994], [-41.8062775999999, -2.93833659999996], [-41.7963094, -2.95956419999993], [-41.8228453, -3.01794169999994], [-41.8644743, -3.05217999999996], [-41.8956982, -3.09394719999995], [-41.9210585, -3.10658439999997], [-41.925263, -3.13987169999996], [-41.9399688, -3.15693649999997]]]}}, {"type": "Feature", "properties": {"CD_MUN": "2100873", "NM_MUN": "Araguanã"}, "geometry": {"type": "Polygon", "coordinates": [[[-45.711157, -3.10130749999996], [-45.7806383, -3.21671839999993], [-45.7824356, -3.23802629999994], [-45.8078437999999, -3.22989569999993], [-45.9266675, -3.23635099999996], [-45.9505978999999, -3.18703049999993], [-45.9484452999999, -3.16978349999994], [-45.9206392, -3.13053779999996], [-45.9215687999999, -3.10755809999995], [-45.9308144, -3.09495859999993], [-45.9113176, -3.05337559999992], [-45.9107104, -3.03756069999997], [-45.8906957, -3.00363819999995], [-45.8799705, -3.00564339999994], [-45.8687613, -2.99774069999995], [-45.8721725999999, -2.99190239999996], [-45.8470346, -2.98847959999995], [-45.8494254999999, -2.97830629999993], [-45.8385562, -2.97125669999997], [-45.8449062999999, -2.96073379999996], [-45.8406747999999, -2.95353449999993], [-45.8240837, -2.95808269999998], [-45.8200368, -2.97169429999997], [-45.8092482, -2.96724539999997], [-45.8010098999999, -2.98698409999997], [-45.7944361, -2.96691509999994], [-45.7891986, -2.97253199999994], [-45.7821906, -2.95916689999996], [-45.7910133, -2.95660999999996], [-45.7910095, -2.94824299999993], [-45.7713277999999, -2.94873049999995], [-45.7574392999999, -2.96081829999997], [-45.7485066, -2.95252399999993], [-45.7395149, -2.96699649999994], [-45.7437075999999, -2.95579309999994], [-45.738328, -2.95161199999995], [-45.7463001, -2.93868009999994], [-45.7401038, -2.92619719999993], [-45.7334837, -2.93783769999993], [-45.7139465, -2.94880399999994], [-45.7037974, -2.94200589999997], [-45.6940969, -2.94708089999995], [-45.6756245999999, -2.93124029999996], [-45.6691349, -2.94547199999994], [-45.6637512999999, -2.94432509999996], [-45.6581793, -2.93608029999996], [-45.6701669999999, -2.90895779999994], [-45.6554305999999, -2.91733619999997], [-45.6453617, -2.91356099999996], [-45.6584415999999, -2.88914559999995], [-45.6510092999999, -2.88473079999994], [-45.6379676999999, -2.90266229999997], [-45.6239846999999, -3.05324919999993], [-45.6390737999999, -3.08304769999995], [-45.641944, -3.11952579999996], [-45.711157, -3.10130749999996]]]}}, {"type": "Feature", "properties": {"CD_MUN": "2101251", "NM_MUN": "Bacabeira"}, "geometry": {"type": "Polygon", "coordinates": [[[-44.3164229, -3.03218769999995], [-44.3219657, -3.10502679999996], [-44.4721552, -3.03693979999997], [-44.4880070999999, -3.03869279999998], [-44.4971801999999, -3.03013849999996], [-44.4537407, -2.98727819999993], [-44.4248175, -2.94393389999993], [-44.407025, -2.89399459999993], [-44.410043, -2.79923469999994], [-44.3890393, -2.79710319999998], [-44.3882955, -2.76596429999995], [-44.3692675999999, -2.75660699999997], [-44.3442924, -2.76557469999995], [-44.3285362, -2.78189899999995], [-44.3069553999999, -2.77911929999993], [-44.2817906999999, -2.76606789999994], [-44.2789576, -2.77666259999995], [-44.2847113, -2.80538129999996], [-44.3059805, -2.82396769999997], [-44.2930153, -2.83199219999995], [-44.2946482999999, -2.85027779999996], [-44.2780726, -2.84321779999993], [-44.2735139, -2.85132069999997], [-44.2731721, -2.87415229999993], [-44.2921825999999, -2.95442559999998], [-44.2568535999999, -2.96742229999995], [-44.2848701, -3.04400959999992], [-44.3014368999999, -3.03067509999994], [-44.3164229, -3.03218769999995]]]}}, {"type": "Feature", "properties": {"CD_MUN": "2109403", "NM_MUN": "Primeira Cruz"}, "geometry": {"type": "Polygon", "coordinates": [[[-43.2500143999999, -2.99865709999995], [-43.2978484999999, -3.02146729999993], [-43.3191095999999, -3.02193699999998], [-43.4581461999999, -2.98557439999996], [-43.4278563, -2.95216719999996], [-43.4175276999999, -2.91673329999998], [-43.4215882, -2.90059699999995], [-43.4551008, -2.89667219999995], [-43.4592800999999, -2.87675809999996], [-43.4615962, -2.83283699999993], [-43.4545510999999, -2.80395009999995], [-43.4381890999999, -2.77730939999998], [-43.4467299, -2.74535799999995], [-43.4395541, -2.72976789999996], [-43.4441166, -2.69087009999993], [-43.4344483, -2.63253239999995], [-43.4513691999999, -2.62561179999994], [-43.4443041, -2.60520519999994], [-43.4622525, -2.59362799999997], [-43.4420354, -2.56676179999994], [-43.4495032, -2.55910149999994], [-43.4617327, -2.48641399999997], [-43.4545818, -2.47587099999993], [-43.4565810999999, -2.45118979999995], [-43.4519587999999, -2.44379929999997], [-43.4842106, -2.37816869999995], [-43.460969, -2.35062379999994], [-43.4414269, -2.34169819999994], [-43.429919, -2.34495789999994], [-43.4027761999999, -2.33548419999994], [-43.3718435, -2.34706839999996], [-43.3296137, -2.34322979999996], [-43.3148269, -2.36626139999993], [-43.3264419, -2.37828559999997], [-43.3181771, -2.38464179999994], [-43.3045981, -2.47619739999993], [-43.3303971999999, -2.47900369999996], [-43.3400981999999, -2.49188679999997], [-43.3409559999999, -2.50036879999993], [-43.3225285999999, -2.50336739999995], [-43.3346736999999, -2.51072759999994], [-43.3314177999999, -2.51789439999993], [-43.3416374, -2.51931239999993], [-43.3371822, -2.54655079999998], [-43.3471178, -2.55478339999996], [-43.3224562, -2.60461949999996], [-43.3190675, -2.64261049999993], [-43.2829963999999, -2.69965229999997], [-43.2611560999999, -2.71947859999995], [-43.2558455, -2.73532349999994], [-43.2843376, -2.78167269999994], [-43.2840957999999, -2.79917049999995], [-43.2255074999999, -2.89520759999994], [-43.2126014, -2.93416399999995], [-43.1856288, -2.95894999999996], [-43.2109713999999, -2.96881789999998], [-43.2500143999999, -2.99865709999995]]]}}, {"type": "Feature", "properties": {"CD_MUN": "2101202", "NM_MUN": "Bacabal"}, "geometry": {"type": "Polygon", "coordinates": [[[-44.4799035, -4.23405499999996], [-44.49625, -4.25761169999993], [-44.5001377, -4.25531359999997], [-44.5057437, -4.27908859999997], [-44.7399124999999, -4.28066979999994], [-44.8732856999999, -4.38427909999996], [-44.8808726999999, -4.35272309999993], [-45.0776448, -4.30013869999993], [-45.0831401999999, -4.28879899999993], [-45.0784042, -4.24986579999995], [-44.9625910999999, -4.17181589999996], [-44.9859178, -4.15144059999994], [-45.0024476999999, -4.11664809999996], [-45.0116682, -4.11391819999994], [-44.8420472999999, -4.11305709999993], [-44.8400083999999, -4.10403469999994], [-44.8539570999999, -4.09271619999993], [-44.8529942, -4.08349949999996], [-44.8361781, -4.06702509999997], [-44.8230268999999, -4.07894039999996], [-44.8232935999999, -4.07168219999994], [-44.8082122, -4.06501459999993], [-44.8013534, -4.04729169999996], [-44.8090331999999, -4.03584459999996], [-44.8026475, -4.02889449999998], [-44.8033905, -4.00336879999998], [-44.7909069999999, -3.99496239999996], [-44.793421, -3.97982729999995], [-44.7807802, -3.97074859999998], [-44.7709732, -3.97262489999997], [-44.7440187999999, -3.93857909999997], [-44.7103054, -3.93100239999995], [-44.7077105, -3.92522979999995], [-44.7160969999999, -3.91255269999994], [-44.7004681999999, -3.90572269999996], [-44.6991029, -3.88964529999993], [-44.6819022999999, -3.89006819999997], [-44.6748712, -3.87835069999994], [-44.6581639, -3.89157469999998], [-44.6605604, -3.88476309999993], [-44.649038, -3.88391589999998], [-44.6503896999999, -3.87643039999995], [-44.6424914999999, -3.87488319999994], [-44.6400422, -3.85485899999998], [-44.6258159, -3.85734869999993], [-44.6254982, -3.86601199999996], [-44.6140832, -3.87222829999996], [-44.6097174, -3.89952869999996], [-44.6273181999999, -3.90864289999996], [-44.620325, -3.92002239999994], [-44.6268294, -3.92772099999996], [-44.6220812999999, -3.93092429999996], [-44.6384174, -3.94245059999997], [-44.6271611999999, -3.98042899999996], [-44.6382723, -3.98522519999995], [-44.6326251999999, -3.99391469999995], [-44.6359353999999, -4.00975279999994], [-44.6169763999999, -4.02512769999993], [-44.626538, -4.03181899999993], [-44.6432126999999, -4.02540709999994], [-44.6413216, -4.02003529999996], [-44.6503825999999, -4.01476759999997], [-44.6686649, -4.01589389999998], [-44.7065888, -4.03011029999993], [-44.7140275, -4.02683189999993], [-44.7242252, -4.03970939999994], [-44.7364487999999, -4.02529779999998], [-44.7402605999999, -4.03597869999993], [-44.7335323, -4.05438699999996], [-44.7469121, -4.06120799999997], [-44.7373279, -4.06733759999997], [-44.7445281999999, -4.07726759999997], [-44.7564821, -4.07356929999997], [-44.7524576, -4.08600039999993], [-44.7584836, -4.09116669999997], [-44.6988431999999, -4.09454559999995], [-44.6837184, -4.07573679999996], [-44.6594972999999, -4.09395509999996], [-44.6294047, -4.09350249999994], [-44.6330409, -4.10341119999993], [-44.626903, -4.11006949999995], [-44.6339596999999, -4.11023149999994], [-44.6331142, -4.11458249999993], [-44.5730793, -4.11455249999995], [-44.5779492, -4.09272549999997], [-44.4868126, -4.09134279999995], [-44.4799035, -4.23405499999996]]]}}, {"type": "Feature", "properties": {"CD_MUN": "2109502", "NM_MUN": "Riachão"}, "geometry": {"type": "Polygon", "coordinates": [[[-46.7270942, -8.38171149999994], [-46.7114761, -8.35465809999994], [-46.6804273, -8.33676289999994], [-46.6621744, -8.33501689999997], [-46.6338866, -8.31835459999996], [-46.6122488999999, -8.32768489999995], [-46.5596336, -8.32275789999994], [-46.5439995, -8.31743589999996], [-46.532111, -8.29893569999996], [-46.5181666, -8.29060169999997], [-46.5068684999999, -8.26588469999996], [-46.5091024, -8.23559739999996], [-46.4872397999999, -8.20085809999995], [-46.5109325999999, -8.18136859999993], [-46.5138952, -8.16465799999997], [-46.4848570999999, -8.09294829999993], [-46.4685124, -8.08369139999996], [-46.4655931999999, -8.07192879999997], [-46.4776624, -8.05241629999995], [-46.4763705999999, -8.01471649999996], [-46.4892212999999, -7.98750469999993], [-46.5194357, -7.95842819999996], [-46.5497043999999, -7.95111969999994], [-46.5776969999999, -7.91116589999996], [-46.6088205, -7.89294139999993], [-46.6494081, -7.91002049999997], [-46.6600845, -7.90132739999996], [-46.6753024, -7.91460629999995], [-46.694513, -7.91679789999995], [-46.7075371999999, -7.90979519999996], [-46.7255183, -7.92364429999998], [-46.7335985999999, -7.91937639999998], [-46.7461334, -7.92738599999996], [-46.7562023999999, -7.92293479999995], [-46.7637217, -7.93914019999994], [-46.7706092999999, -7.93728989999994], [-46.782767, -7.95164029999995], [-46.7894798, -7.94694669999996], [-46.8009092, -7.95533209999996], [-46.846503, -7.88034179999994], [-46.8308977999999, -7.83965499999994], [-46.8338993, -7.82235179999998], [-46.8186436999999, -7.80767289999994], [-46.8039223, -7.80422099999993], [-46.794478, -7.78808559999993], [-46.7949788, -7.76793019999997], [-46.8052041, -7.75440369999995], [-46.804224, -7.74647189999996], [-46.8301192, -7.74632599999995], [-46.8413064, -7.73148139999995], [-46.8540586, -7.74007879999994], [-46.8673944, -7.73613879999994], [-46.8730188, -7.74521699999997], [-46.8854337999999, -7.74098859999998], [-46.8939769, -7.74782929999998], [-46.8998660999999, -7.72718329999998], [-46.9102224, -7.72626689999993], [-46.9195738999999, -7.71238669999997], [-46.9313193, -7.71839829999993], [-46.9383728, -7.71117859999993], [-46.9500508, -7.71274749999998], [-46.9509952, -7.69844429999995], [-46.9547211, -7.71031969999996], [-46.9716731, -7.70476989999997], [-46.9723529999999, -7.69730939999994], [-46.9791782, -7.70921979999997], [-46.9886157, -7.69739059999995], [-47.0031853999999, -7.70417839999993], [-47.0378565, -7.69678509999994], [-47.0342934, -7.68549199999995], [-47.0502489, -7.66947029999994], [-47.0484092999999, -7.65308449999998], [-47.0573323, -7.65659439999996], [-47.0866473, -7.64848619999998], [-47.0959844, -7.65766479999996], [-47.0961574, -7.66691229999998], [-47.1089069999999, -7.64847849999995], [-47.1279178, -7.65720079999994], [-47.1417706, -7.65551519999997], [-47.1507033999999, -7.66323449999993], [-47.1521064, -7.65286459999993], [-47.1827939, -7.64415359999998], [-47.1850052999999, -7.63693449999994], [-47.190309, -7.64425439999997], [-47.1839747, -7.64837819999997], [-47.1874142, -7.65200249999998], [-47.2016776, -7.64470439999997], [-47.2006713, -7.63254399999994], [-47.205753, -7.64171099999993], [-47.2094784, -7.63614599999994], [-47.2179672999999, -7.63826089999998], [-47.2197624999999, -7.62817929999994], [-47.2040699, -7.60609019999993], [-47.2003008999999, -7.58068409999993], [-47.1629771, -7.55706339999995], [-47.1550855999999, -7.54553439999995], [-47.1443125, -7.54369659999998], [-47.1252804, -7.52089769999998], [-47.1091167, -7.43518719999997], [-47.0874775, -7.40650739999995], [-47.0747545, -7.40443279999994], [-47.0535010999999, -7.38887579999994], [-47.0374514, -7.38880879999994], [-47.0266396, -7.38247909999995], [-47.0236199, -7.36562919999994], [-47.0076472, -7.35704029999994], [-46.9830090999999, -7.35481869999995], [-46.9721446999999, -7.34523169999994], [-46.9679692, -7.33352029999998], [-46.9741918999999, -7.30203059999997], [-46.9895053, -7.27744879999995], [-46.9825665, -7.25785679999996], [-46.9548674, -7.23203499999994], [-46.9266531, -7.21613209999992], [-46.7143809999999, -7.23675989999998], [-46.7733608, -7.25921969999996], [-46.7545554, -7.26599129999994], [-46.7345697, -7.26305239999994], [-46.7228221, -7.27902719999997], [-46.5995093, -7.24857899999995], [-46.5585694, -7.22661119999998], [-46.5517277, -7.18872329999994], [-46.5596179999999, -7.17043229999996], [-46.5371577, -7.11243069999995], [-46.508767, -7.10401299999995], [-46.4510455999999, -7.06645069999996], [-46.2931399, -7.19984659999994], [-46.2952463, -7.21640909999996], [-46.3035629, -7.22270239999995], [-46.2997485999999, -7.23280129999995], [-46.3124716999999, -7.28390619999993], [-46.3044743, -7.32607289999993], [-46.2934167999999, -7.33845809999997], [-46.2576622, -7.34787799999998], [-46.2449993, -7.34092159999994], [-46.1980899, -7.25796099999997], [-46.1664977, -7.36550939999995], [-46.3876614, -7.46555119999994], [-46.4183927, -7.69523819999995], [-46.4468654999999, -7.71273129999997], [-46.4490592, -7.74587499999996], [-46.4678332999999, -7.76855349999994], [-46.441115, -7.79617299999995], [-46.4390576, -7.80459809999996], [-46.4574163999999, -7.83344169999998], [-46.4389191999999, -7.84282279999996], [-46.4366385, -7.87201239999996], [-46.4229976, -7.89631199999997], [-46.4437495999999, -7.93628289999998], [-46.4188917, -7.95185789999994], [-46.4154192, -7.97387089999995], [-46.4054515, -7.98708739999995], [-46.4108732, -8.00108309999996], [-46.4021683999999, -8.05534789999996], [-46.4204185999999, -8.07693399999994], [-46.4206460999999, -8.08618309999997], [-46.4015903, -8.11210269999998], [-46.4027788999999, -8.13452199999995], [-46.3950273, -8.14864149999994], [-46.4075266999999, -8.17086239999998], [-46.3996802, -8.21756299999993], [-46.4132988, -8.28518009999993], [-46.4218503, -8.29861289999997], [-46.4124593999999, -8.33598609999996], [-46.4259969, -8.37712519999997], [-46.4701588999999, -8.42018619999993], [-46.5005861999999, -8.42799219999995], [-46.5145841, -8.42741499999994], [-46.5150892999999, -8.41767449999998], [-46.528224, -8.40781149999998], [-46.5565586, -8.40177709999995], [-46.5666732, -8.40199169999994], [-46.5783076, -8.41434209999994], [-46.5960889, -8.40954129999994], [-46.6087785999999, -8.42422929999998], [-46.6388110999999, -8.40482059999994], [-46.6994814999999, -8.41545959999996], [-46.7270942, -8.38171149999994]]]}}, {"type": "Feature", "properties": {"CD_MUN": "2101301", "NM_MUN": "Bacuri"}, "geometry": {"type": "Polygon", "coordinates": [[[-45.246818, -1.82076999999992], [-45.2359657, -1.79363509999996], [-45.2726989999999, -1.73254549999996], [-45.2888467, -1.72720669999995], [-45.3318217, -1.74188949999996], [-45.3470920999999, -1.73249209999994], [-45.355535, -1.70910239999995], [-45.3237831, -1.59703799999994], [-45.2682033, -1.59859239999997], [-45.2550764, -1.59249679999994], [-45.2321302, -1.54745579999997], [-45.2054022999999, -1.51844479999994], [-45.1980237, -1.48842499999995], [-45.1840572, -1.51898159999996], [-45.1819369999999, -1.54266299999995], [-45.1762699999999, -1.54206299999993], [-45.173197, -1.53157819999996], [-45.1513591, -1.57485319999995], [-45.1513664999999, -1.58726819999993], [-45.169886, -1.59207069999997], [-45.1554649999999, -1.61507009999997], [-45.1661639, -1.64627499999995], [-45.1479361, -1.64237219999995], [-45.1399790999999, -1.62621009999998], [-45.130287, -1.62859299999997], [-45.121753, -1.64443729999994], [-45.1050476, -1.64110279999994], [-45.0788913, -1.62406909999993], [-45.0782818, -1.61227609999997], [-45.0683433, -1.60346079999994], [-45.0397778999999, -1.60126969999993], [-45.0112450999999, -1.58181769999993], [-44.9571405999999, -1.56481459999998], [-44.9366828, -1.57952879999993], [-44.9383253999999, -1.60325489999997], [-44.9249088999999, -1.61113569999998], [-44.9032225, -1.63743019999993], [-44.9046862, -1.64309969999994], [-44.9134271, -1.65155939999994], [-44.9287631, -1.65414179999993], [-44.9371952, -1.64887169999997], [-44.9642193, -1.65660309999993], [-44.9781035, -1.66219179999996], [-44.9786496, -1.67192879999993], [-44.9969632, -1.67273889999996], [-45.0204193, -1.68618149999998], [-45.0315775, -1.68379679999993], [-45.0373511, -1.69284509999994], [-45.0620878999999, -1.68851479999995], [-45.0821971999999, -1.69412349999993], [-45.0983661, -1.74094099999996], [-45.1302999, -1.76914689999995], [-45.1210217999999, -1.78022889999994], [-45.0910905, -1.78830749999997], [-45.0899373, -1.80739759999994], [-45.0979288999999, -1.81435689999995], [-45.1263526, -1.83506049999994], [-45.167004, -1.83945889999995], [-45.1793494, -1.84907169999997], [-45.1795794, -1.85793689999997], [-45.2098946, -1.86593639999995], [-45.2406132, -1.84033329999994], [-45.246818, -1.82076999999992]]]}}, {"type": "Feature", "properties": {"CD_MUN": "2109452", "NM_MUN": "Raposa"}, "geometry": {"type": "Polygon", "coordinates": [[[-44.1394304999999, -2.46668079999995], [-44.1728883, -2.47568809999996], [-44.1738455, -2.45804339999995], [-44.1519536, -2.43434929999995], [-44.0946029, -2.40660449999996], [-44.0306280999999, -2.40734859999998], [-44.0238280999999, -2.44872519999996], [-44.0457711999999, -2.45352069999996], [-44.0583725, -2.46888009999998], [-44.0610965, -2.48634659999993], [-44.0642285, -2.47247489999995], [-44.0756511, -2.46876089999995], [-44.0770388999999, -2.46579419999995], [-44.0635409999999, -2.46702389999996], [-44.0606609, -2.46136879999995], [-44.0928742, -2.45470799999993], [-44.1000142, -2.46333939999994], [-44.1094098999999, -2.45501289999993], [-44.1308554999999, -2.45711589999996], [-44.1394304999999, -2.46668079999995]]]}}, {"type": "Feature", "properties": {"CD_MUN": "2109304", "NM_MUN": "Presidente Vargas"}, "geometry": {"type": "Polygon", "coordinates": [[[-44.0860552, -3.48044049999993], [-44.0685817, -3.45657779999993], [-44.0573519, -3.36414369999994], [-44.0385595, -3.33555639999997], [-44.0471444, -3.29059309999997], [-44.0291412999999, -3.29115729999995], [-43.7601928, -3.18297039999993], [-43.9439887, -3.41813879999995], [-43.9469005, -3.41151819999993], [-43.9545194, -3.41364509999994], [-43.9670308, -3.44225539999996], [-43.9747154, -3.44638869999994], [-43.9743405, -3.45572859999993], [-43.9918192, -3.47091529999994], [-43.99481, -3.48040799999995], [-43.9824730999999, -3.50549019999994], [-43.9750233, -3.50838319999997], [-43.9755201, -3.52010129999996], [-44.0169637, -3.50701149999998], [-44.0506839999999, -3.48172469999997], [-44.0860552, -3.48044049999993]]]}}, {"type": "Feature", "properties": {"CD_MUN": "2101103", "NM_MUN": "Axixá"}, "geometry": {"type": "MultiPolygon", "coordinates": [[[[-44.0595791, -2.90554139999995], [-44.1367061, -2.94772409999996], [-44.1487806, -2.94377509999993], [-44.1412291999999, -2.93695869999993], [-44.1458615, -2.92006279999993], [-44.1278222999999, -2.90035089999998], [-44.1401231999999, -2.87168509999998], [-44.1376098, -2.86307759999994], [-44.1275367, -2.86016249999994], [-44.1348894, -2.85040149999998], [-44.1291267, -2.84514939999997], [-44.1358015, -2.82327099999998], [-44.1258594999999, -2.81752459999996], [-44.1249797999999, -2.80045819999998], [-44.1297293, -2.80039969999996], [-44.124519, -2.79655759999997], [-44.1385129, -2.79347489999998], [-44.148429, -2.76808049999994], [-44.129737, -2.76439249999993], [-44.1151917999999, -2.74836349999993], [-44.0949128999999, -2.75324999999998], [-44.0788214, -2.74380919999993], [-44.0672671999999, -2.77989139999994], [-44.0730146, -2.80424269999997], [-44.0487950999999, -2.81054419999992], [-44.0524548999999, -2.85644039999994], [-44.044193, -2.86710949999997], [-44.0618468, -2.87791689999995], [-44.0672188, -2.89132849999993], [-44.0595791, -2.90554139999995]]], [[[-44.0945707, -2.75049199999995], [-44.0951395, -2.74951739999995], [-44.0946645, -2.74951749999997], [-44.0945707, -2.75049199999995]]], [[[-44.0937312, -2.74754509999997], [-44.0923245, -2.74679759999998], [-44.0926655, -2.74835949999994], [-44.0937312, -2.74754509999997]]]]}}, {"type": "Feature", "properties": {"CD_MUN": "2109270", "NM_MUN": "Presidente Sarney"}, "geometry": {"type": "Polygon", "coordinates": [[[-45.4556069999999, -2.74839979999996], [-45.4567976, -2.74176209999996], [-45.4714281999999, -2.74719249999993], [-45.4630410999999, -2.71726589999997], [-45.4572009999999, -2.71834239999993], [-45.4688644999999, -2.70438949999993], [-45.4667611, -2.69254249999994], [-45.4725596, -2.68587469999994], [-45.4570888, -2.68113969999996], [-45.4725605, -2.66141459999994], [-45.4649264999999, -2.64899739999993], [-45.452502, -2.64842349999998], [-45.4545120999999, -2.64068389999994], [-45.4443573, -2.62604819999996], [-45.4501979999999, -2.62046279999993], [-45.4481117999999, -2.59493589999994], [-45.4392764999999, -2.58910609999998], [-45.4462028, -2.58574109999995], [-45.4340764999999, -2.57359229999997], [-45.4746928, -2.55163709999994], [-45.4683497999999, -2.54723879999995], [-45.4730731, -2.54444299999994], [-45.4675177, -2.54164579999997], [-45.4732437, -2.53948049999997], [-45.4703600999999, -2.53119859999993], [-45.4787188, -2.53368199999994], [-45.4865761999999, -2.52616529999995], [-45.4885578, -2.51819369999993], [-45.4825408, -2.51668719999998], [-45.4939562, -2.50301379999996], [-45.4882711, -2.50372219999997], [-45.489772, -2.49444379999994], [-45.4830828, -2.49001409999994], [-45.3004116, -2.41100879999993], [-45.2972963, -2.42834179999994], [-45.2747175, -2.44117829999993], [-45.2579587, -2.47498719999993], [-45.2427613999999, -2.48793559999996], [-45.2758545999999, -2.70125559999997], [-45.3610876, -2.74618089999996], [-45.3712143, -2.77146789999995], [-45.3845719, -2.75625279999997], [-45.3855768999999, -2.74300669999997], [-45.4026555, -2.73793219999993], [-45.4252438, -2.74358499999994], [-45.4314917999999, -2.75258259999993], [-45.4556069999999, -2.74839979999996]]]}}, {"type": "Feature", "properties": {"CD_MUN": "2100477", "NM_MUN": "Alto Alegre do Pindaré"}, "geometry": {"type": "Polygon", "coordinates": [[[-46.2993931, -4.24766019999993], [-46.2829201, -4.22531079999993], [-46.2881862999999, -4.20640469999995], [-46.2844981, -4.17199169999998], [-46.2751464, -4.16385429999997], [-46.2674842, -4.12900549999995], [-46.2612013999999, -4.12795719999997], [-46.2329912, -4.08703309999993], [-46.2128350999999, -4.04953979999993], [-46.2257453999999, -4.01010269999995], [-46.2436059, -4.00184109999998], [-46.2486211999999, -3.98827659999995], [-46.2575482, -3.99267249999997], [-46.2683364, -3.98824709999997], [-46.2512958999999, -3.95116369999994], [-46.2338521, -3.94798059999994], [-46.2053835, -3.92811929999993], [-46.2036151999999, -3.87432249999995], [-46.189245, -3.84647889999997], [-46.1829731, -3.84481129999995], [-46.1793400999999, -3.81586539999995], [-46.1705221, -3.81270009999997], [-46.1630908, -3.79485119999993], [-46.1651204999999, -3.78388319999993], [-46.1390104, -3.76418289999998], [-46.1192373, -3.73823169999997], [-46.1103146999999, -3.73619679999996], [-46.1015505, -3.71753499999994], [-46.068322, -3.71737029999997], [-46.0612609, -3.70453639999994], [-46.0490217999999, -3.70068289999995], [-46.0135536999999, -3.70593029999998], [-45.991528, -3.68309329999994], [-45.9766943, -3.68531069999995], [-45.9709493999999, -3.69536109999996], [-45.9435784999999, -3.70564719999993], [-45.9123676, -3.69038479999995], [-45.8881117999999, -3.65984669999995], [-45.8648732, -3.66321289999996], [-45.8451679, -3.65812599999992], [-45.8410627, -3.66478559999996], [-45.8342898999999, -3.64887549999997], [-45.8117473999999, -3.63594859999995], [-45.7683805999999, -3.63975149999993], [-45.765126, -3.64484109999995], [-45.7412669, -3.64225659999994], [-45.7325064999999, -3.63535339999993], [-45.705071, -3.64177279999996], [-45.6929534, -3.63372229999993], [-45.6866209, -3.63993529999993], [-45.6624348999999, -3.63322759999994], [-45.6582192, -3.62583799999993], [-45.6432836, -3.62198759999995], [-45.6608987, -3.74565929999994], [-45.6702531, -3.74663709999993], [-45.6782919999999, -3.75793339999996], [-45.6857851, -3.78830839999995], [-45.7182776999999, -3.80947819999994], [-45.7500269, -3.81710329999993], [-45.7495575999999, -3.79635909999996], [-45.7650573, -3.79249079999994], [-45.7707048999999, -3.79863089999998], [-45.7724153999999, -3.82314539999993], [-45.7853938, -3.83310919999997], [-45.8030272999999, -3.82136029999998], [-45.8072605, -3.82515489999997], [-45.8093428999999, -3.81931549999996], [-45.8449707999999, -3.81786329999994], [-45.8463861, -3.88003019999996], [-45.8532291999999, -3.88742109999993], [-45.8791543, -3.88980449999997], [-45.8984472, -3.89975849999996], [-45.9098137, -3.93029279999996], [-45.9053683, -3.93806169999993], [-45.98425, -3.98432849999995], [-46.050447, -3.99999989999998], [-46.0887542, -4.02400029999995], [-46.0870197, -4.03335279999993], [-46.093225, -4.03470369999997], [-46.2737878, -4.30169059999997], [-46.2920066999999, -4.27881679999996], [-46.2993931, -4.24766019999993]]]}}, {"type": "Feature", "properties": {"CD_MUN": "2100436", "NM_MUN": "Alto Alegre do Maranhão"}, "geometry": {"type": "Polygon", "coordinates": [[[-44.3427581999999, -4.09995699999996], [-44.2677667, -4.27775509999998], [-44.2824133, -4.28065519999996], [-44.3006462, -4.26937729999997], [-44.3565, -4.26839729999995], [-44.3998089, -4.29615269999994], [-44.4067056, -4.32127609999998], [-44.4730999999999, -4.30486189999993], [-44.4769365, -4.27889079999994], [-44.5057437, -4.27908859999997], [-44.5001377, -4.25531359999997], [-44.4949293999999, -4.25646239999998], [-44.4799035, -4.23405499999996], [-44.4867879999999, -4.12970289999993], [-44.4465213999999, -4.12914389999997], [-44.3427581999999, -4.09995699999996]]]}}, {"type": "Feature", "properties": {"CD_MUN": "2100550", "NM_MUN": "Amapá do Maranhão"}, "geometry": {"type": "Polygon", "coordinates": [[[-45.8525496, -1.71426939999998], [-45.8706908999999, -1.74982479999994], [-45.8779474999999, -1.75304369999998], [-45.870889, -1.76396999999997], [-45.8755646, -1.78440049999995], [-45.9331311, -1.78792289999996], [-45.9477178999999, -1.79510659999994], [-45.9991193, -1.78786929999995], [-46.0561274, -1.74144659999996], [-46.0341829, -1.66687709999997], [-46.0241106, -1.51859869999993], [-45.9350603999999, -1.57593559999998], [-45.8336224, -1.60675189999995], [-45.8232318999999, -1.61566739999995], [-45.8309910999999, -1.63308089999992], [-45.8271597999999, -1.64621489999996], [-45.8511860999999, -1.65927729999993], [-45.8500399, -1.66794369999997], [-45.8629716, -1.67902319999996], [-45.8654518, -1.68924449999997], [-45.8540664999999, -1.69719979999996], [-45.8583002999999, -1.70668109999997], [-45.8525496, -1.71426939999998]]]}}, {"type": "Feature", "properties": {"CD_MUN": "2108702", "NM_MUN": "Pio XII"}, "geometry": {"type": "Polygon", "coordinates": [[[-45.0736548, -3.91730299999995], [-45.2069872, -3.97190739999996], [-45.2085698999999, -4.03318859999996], [-45.2200409, -4.03150039999997], [-45.1985867999999, -3.80877759999993], [-45.1778926, -3.78888179999996], [-45.1697238, -3.78943739999994], [-45.1726573999999, -3.77810039999997], [-45.1596061, -3.76683039999995], [-45.1623754, -3.76204379999996], [-45.1463156999999, -3.73131059999997], [-45.1367198999999, -3.72864279999993], [-45.1104061999999, -3.74869329999996], [-45.099663, -3.72840989999997], [-45.0884523, -3.73424049999994], [-45.0883842, -3.72257289999993], [-45.0772727, -3.71931229999996], [-45.0823581, -3.71411849999993], [-45.0647430999999, -3.71712439999993], [-45.0586104999999, -3.70970649999992], [-45.0510494, -3.72460239999998], [-45.0454341999999, -3.71818139999993], [-44.9569033999999, -3.87317909999996], [-44.9922, -3.93340229999995], [-45.0044672, -3.94239009999995], [-45.010205, -3.96445149999994], [-45.0346102999999, -3.95202989999996], [-45.0540455999999, -3.95196599999997], [-45.0630950999999, -3.93058309999998], [-45.0860436, -3.93353449999995], [-45.0736548, -3.91730299999995]]]}}, {"type": "Feature", "properties": {"CD_MUN": "2100501", "NM_MUN": "Alto Parnaíba"}, "geometry": {"type": "Polygon", "coordinates": [[[-45.8775365, -10.0637811999999], [-45.8699362999999, -10.069292], [-45.8705705, -10.080186], [-45.8785439, -10.1102993], [-45.8862751, -10.1140624], [-45.8977449, -10.1365709], [-45.8982109, -10.1497535], [-45.924267, -10.1711581], [-45.9311873999999, -10.1908256999999], [-45.945619, -10.1964424999999], [-45.9457317, -10.2068204999999], [-45.9552947999999, -10.2184427999999], [-45.9462652999999, -10.2585498999999], [-45.9739471, -10.2483698999999], [-45.9962480999999, -10.2503148], [-46.0063243, -10.2596283], [-46.0177241, -10.2403919], [-46.0232207, -10.1833808], [-46.0312474999999, -10.1761107999999], [-46.0584105999999, -10.1855633], [-46.099726, -10.2129004999999], [-46.135913, -10.2063542999999], [-46.1633034, -10.2136325999999], [-46.2108689999999, -10.1697349999999], [-46.2730031, -10.1816153999999], [-46.3130818, -10.1728237999999], [-46.3275252999999, -10.1836944], [-46.3678894999999, -10.1688141], [-46.3839690999999, -10.1201424], [-46.420695, -10.0808792], [-46.4452004, -10.0773872999999], [-46.4565292999999, -10.0499237], [-46.4570849999999, -10.0180174], [-46.4775839, -9.98830139999995], [-46.4718655999999, -9.97365449999995], [-46.4770081, -9.95274889999996], [-46.4657237, -9.93705739999996], [-46.4786114999999, -9.92386869999996], [-46.4708398999999, -9.89804719999995], [-46.4728992999999, -9.87744029999993], [-46.4916451, -9.87007009999996], [-46.4901391999999, -9.86115029999996], [-46.4803335, -9.85525529999995], [-46.4960599, -9.84600639999996], [-46.4936438999999, -9.82742419999994], [-46.5094485, -9.80136669999996], [-46.5143077, -9.79775109999997], [-46.5423898999999, -9.81031179999997], [-46.5715924, -9.80803719999994], [-46.579665, -9.79634549999997], [-46.5693416, -9.76972409999996], [-46.5767817999999, -9.75691229999995], [-46.5961386, -9.74725129999996], [-46.6322287, -9.74887689999997], [-46.6443935999999, -9.74033329999997], [-46.6533373999999, -9.69344209999997], [-46.6130575, -9.66580819999996], [-46.6061184, -9.63016339999996], [-46.5913322, -9.60534129999996], [-46.5923880999999, -9.58720049999994], [-46.5367555, -9.55710929999998], [-46.5756895, -9.51754889999995], [-46.5757819, -9.50825029999993], [-46.5591975999999, -9.49299259999998], [-46.5640063, -9.48042649999996], [-46.5926608999999, -9.48345949999998], [-46.6004794999999, -9.47045539999993], [-46.6275914, -9.46572289999995], [-46.6495644, -9.44409099999996], [-46.646197, -9.42315309999998], [-46.6327833999999, -9.41158829999995], [-46.6405035, -9.39958469999993], [-46.6331205, -9.38171679999994], [-46.6102809999999, -9.36782059999996], [-46.6170015, -9.35707769999993], [-46.6548399, -9.33653529999998], [-46.6689461999999, -9.28905389999994], [-46.6670915999999, -9.27682329999993], [-46.6432784, -9.26275839999994], [-46.6461123, -9.20852819999993], [-46.6330315, -9.18274279999997], [-46.6205338999999, -9.18502839999996], [-46.6219520999999, -9.17109029999995], [-46.6068309, -9.15027679999997], [-46.6106389999999, -9.11932349999995], [-46.6225305999999, -9.11413589999995], [-46.6261739, -9.09938909999994], [-46.6141999, -9.08746939999997], [-46.5781423, -9.08229319999998], [-46.5704736, -9.06939409999995], [-46.5565884, -9.07258499999995], [-46.5438955, -9.06255149999993], [-46.5182789, -8.94273949999996], [-46.5037672999999, -8.93030249999993], [-46.4299727, -8.91535419999997], [-46.4014584999999, -8.89754209999995], [-46.3533143, -8.84866799999998], [-46.3383181, -8.82800539999994], [-46.3349418999999, -8.81149499999998], [-46.2868295, -8.75803039999994], [-46.2562993999999, -8.80464999999998], [-46.2386101, -8.80928009999997], [-46.2004936, -8.80607629999997], [-46.1311504, -8.83733439999997], [-46.097381, -8.83059719999994], [-46.0701103, -8.81002919999997], [-46.0561703, -8.81610129999996], [-46.054525, -8.81020949999993], [-46.0173338, -8.79952059999994], [-45.986998, -8.79818269999993], [-45.9814486999999, -8.79120519999998], [-45.9533317, -8.78279589999994], [-45.9383923, -8.78682129999993], [-45.9402583, -8.79717879999993], [-45.9607222, -8.81789419999996], [-45.9449137, -8.83722329999995], [-45.9498106, -8.84502559999993], [-45.9583694999999, -8.84040929999998], [-45.9601287, -8.85163799999998], [-45.9738394999999, -8.86744609999994], [-45.967338, -8.87636139999995], [-45.9832977, -8.88857399999995], [-45.9796575999999, -8.90366969999997], [-45.9950893, -8.92699159999995], [-45.9911913, -8.95021199999996], [-45.9679262999999, -8.97672809999995], [-45.9581575, -9.00240779999996], [-45.9437789999999, -9.01511489999996], [-45.9459365, -9.02513839999995], [-45.9358573, -9.03969269999993], [-45.9409740999999, -9.05510709999993], [-45.9292857999999, -9.07009409999995], [-45.9331185999999, -9.08562479999995], [-45.9232198999999, -9.08999239999997], [-45.9287414999999, -9.13758799999994], [-45.8976886, -9.18529779999994], [-45.9060931999999, -9.19125499999996], [-45.8988628, -9.20894409999994], [-45.9039486999999, -9.23055429999994], [-45.8969268, -9.23509889999997], [-45.9022118, -9.25099359999996], [-45.8982626, -9.26218969999996], [-45.9044382, -9.26625799999994], [-45.8964319, -9.28030439999998], [-45.8973195999999, -9.28959389999994], [-45.9079204999999, -9.29700499999996], [-45.9032786999999, -9.31640799999997], [-45.8914022, -9.33073039999994], [-45.8942891, -9.34156649999994], [-45.8640909, -9.35899239999998], [-45.8480021999999, -9.35588459999997], [-45.8246917, -9.37457779999994], [-45.7991632, -9.41634009999996], [-45.8016239999999, -9.43600799999996], [-45.7951418, -9.43748109999996], [-45.7985234999999, -9.44233619999994], [-45.7886334, -9.45791809999997], [-45.7959473999999, -9.45975899999996], [-45.7834353, -9.47947709999994], [-45.7976247, -9.48726209999995], [-45.7987186, -9.49518599999993], [-45.8209267, -9.51704669999998], [-45.8215886, -9.52683149999996], [-45.8323329, -9.53666309999994], [-45.8288808999999, -9.54739369999993], [-45.8419325, -9.56288989999996], [-45.8426138999999, -9.57603529999994], [-45.8336262999999, -9.58752969999995], [-45.8367433, -9.60212659999996], [-45.8257783, -9.60699269999998], [-45.8203869, -9.61791279999994], [-45.8335115, -9.65227719999996], [-45.8298248999999, -9.68088869999997], [-45.8385678, -9.69631769999995], [-45.8287240999999, -9.70440259999998], [-45.8325306, -9.71255429999997], [-45.8264085, -9.71614639999996], [-45.8292625, -9.72457939999998], [-45.8210096999999, -9.73921419999994], [-45.8275498, -9.74604929999998], [-45.8211578, -9.75587869999993], [-45.8214206, -9.77312709999995], [-45.82848, -9.79170229999994], [-45.8457319999999, -9.80856519999998], [-45.8514208, -9.83881259999993], [-45.8662777, -9.87071899999995], [-45.8580499999999, -9.90751429999995], [-45.8422861999999, -9.94155789999996], [-45.8570331999999, -9.98475619999994], [-45.8548191, -9.99633649999993], [-45.8653704, -10.0069778], [-45.8715481999999, -10.0263768], [-45.8775365, -10.0637811999999]]]}}, {"type": "Feature", "properties": {"CD_MUN": "2108504", "NM_MUN": "Pindaré-Mirim"}, "geometry": {"type": "Polygon", "coordinates": [[[-45.4880441999999, -3.81984549999993], [-45.5283241, -3.85188619999997], [-45.5270585, -3.78942989999996], [-45.5327452, -3.77641609999995], [-45.5373357, -3.70120279999998], [-45.5197641999999, -3.69941969999996], [-45.510323, -3.70473219999997], [-45.5059247999999, -3.69700549999993], [-45.49834, -3.69797309999996], [-45.4929452, -3.68741869999997], [-45.4731522, -3.67784579999994], [-45.4810616999999, -3.66912739999998], [-45.4615363, -3.65628389999995], [-45.4665366, -3.64746199999996], [-45.4607348, -3.64645779999995], [-45.4609680999999, -3.63323929999996], [-45.4341818, -3.61804779999994], [-45.4235323999999, -3.62669429999994], [-45.4161647, -3.61307999999997], [-45.4046703, -3.60731489999995], [-45.398726, -3.61073539999995], [-45.3949681999999, -3.60470809999993], [-45.4082597999999, -3.60100259999996], [-45.3986164, -3.59640809999996], [-45.4042921, -3.57645519999994], [-45.3920629, -3.56931349999996], [-45.3910054999999, -3.56047899999993], [-45.3854737, -3.57378109999996], [-45.3533748, -3.57860759999994], [-45.3447384, -3.60360409999993], [-45.3236515, -3.60280339999997], [-45.3091175, -3.59446799999995], [-45.2983672, -3.58023219999995], [-45.3078849, -3.57650559999996], [-45.3063107999999, -3.56694419999997], [-45.2902741999999, -3.55918809999997], [-45.2973557, -3.56943069999994], [-45.2892247, -3.57784719999995], [-45.2848898999999, -3.56904309999993], [-45.2803448999999, -3.57068089999996], [-45.2835201, -3.58653899999996], [-45.2779054, -3.59032349999995], [-45.2806787, -3.59892379999997], [-45.3011564, -3.61274829999996], [-45.3046295999999, -3.63676679999998], [-45.3390438, -3.63391239999993], [-45.3468956, -3.64059309999993], [-45.3820385999999, -3.63027499999993], [-45.3870133, -3.64151889999994], [-45.4033856, -3.65053999999998], [-45.4235998, -3.72247489999995], [-45.4880441999999, -3.81984549999993]]]}}, {"type": "Feature", "properties": {"CD_MUN": "2100303", "NM_MUN": "Aldeias Altas"}, "geometry": {"type": "Polygon", "coordinates": [[[-43.2072408, -4.63689309999995], [-43.2119241999999, -4.67661399999997], [-43.2398691, -4.69470729999995], [-43.2535895, -4.71732229999998], [-43.2756074, -4.69847999999996], [-43.2988427, -4.69356249999993], [-43.3041266, -4.68141189999994], [-43.3363217, -4.67184859999998], [-43.365263, -4.64425949999998], [-43.3878587, -4.63920129999997], [-43.3982751999999, -4.62974519999995], [-43.4072897999999, -4.63415659999993], [-43.4201363999999, -4.62928119999998], [-43.4281804, -4.63796039999994], [-43.4509768999999, -4.64048809999997], [-43.4520598999999, -4.64589729999994], [-43.4654136, -4.64213929999994], [-43.4801793999999, -4.64836459999998], [-43.4903571999999, -4.67574419999994], [-43.5003341, -4.68351429999996], [-43.5551515, -4.67646049999996], [-43.5822934999999, -4.66183599999994], [-43.5963728, -4.64248409999993], [-43.6140058, -4.63377149999997], [-43.6203705, -4.61224119999997], [-43.6419271, -4.58223949999996], [-43.6790624999999, -4.55003449999998], [-43.7421242999999, -4.47558539999994], [-43.7529781, -4.47208459999996], [-43.7202847, -4.46826729999998], [-43.7162817999999, -4.48112149999997], [-43.7014516, -4.47972149999993], [-43.7026192, -4.49005489999996], [-43.6960081999999, -4.49248169999993], [-43.3681715, -4.30177359999993], [-43.4292435, -4.22332239999997], [-43.0826724, -4.44615559999994], [-43.1219753, -4.50969719999995], [-43.1341442, -4.56253629999998], [-43.2072408, -4.63689309999995]]]}}, {"type": "Feature", "properties": {"CD_MUN": "2108603", "NM_MUN": "Pinheiro"}, "geometry": {"type": "Polygon", "coordinates": [[[-45.1659893, -2.77013169999998], [-45.1843535, -2.79946989999996], [-45.1763003999999, -2.81087899999994], [-45.1927678, -2.80623599999996], [-45.1881319, -2.81378129999996], [-45.193911, -2.81920779999996], [-45.2506872, -2.80411209999994], [-45.2753294999999, -2.80914899999993], [-45.2977678999999, -2.79733619999996], [-45.3044376, -2.78585049999998], [-45.3297755999999, -2.77703069999995], [-45.3410582, -2.75429499999996], [-45.3577281999999, -2.74559609999994], [-45.2758545999999, -2.70125559999997], [-45.2427613999999, -2.48793559999996], [-45.2579587, -2.47498719999993], [-45.2747175, -2.44117829999993], [-45.2972963, -2.42834179999994], [-45.3004116, -2.41100879999993], [-45.160514, -2.34732769999994], [-45.0268912, -2.20803799999993], [-44.9671182, -2.17087799999996], [-44.9658608, -2.25104719999996], [-44.9348891, -2.23344359999993], [-44.9348848, -2.32957319999997], [-44.9234425999999, -2.36077039999998], [-44.8983097, -2.38481459999997], [-44.916549, -2.39120909999997], [-44.9279918999999, -2.40342359999994], [-44.9272672, -2.41245719999995], [-44.9553822, -2.42710469999997], [-44.9592435, -2.45946159999994], [-44.9647401, -2.45494139999994], [-44.9816547, -2.46614189999997], [-44.9904147, -2.46212469999995], [-44.9873939999999, -2.47052529999996], [-44.9937844, -2.46946689999993], [-44.9941009, -2.47819559999994], [-45.0028861, -2.46491509999993], [-45.0162106999999, -2.46918529999994], [-45.0225442999999, -2.49445699999995], [-45.0251266, -2.48379879999993], [-45.0401864999999, -2.49060969999994], [-45.0340204, -2.47663929999993], [-45.0374689999999, -2.46955829999996], [-45.0461847999999, -2.48771799999997], [-45.0510202, -2.48658919999997], [-45.0397290999999, -2.50951279999992], [-45.0460183, -2.51196589999995], [-45.0407380999999, -2.51486129999995], [-45.0418571, -2.52875149999994], [-45.0277963, -2.53365969999993], [-45.0287688, -2.54355599999997], [-45.0486405, -2.54501349999992], [-45.0479268, -2.56800349999997], [-45.0541828999999, -2.56902349999996], [-45.0582146, -2.55828909999997], [-45.0728352, -2.56125999999995], [-45.0762296, -2.61006879999996], [-45.0864999999999, -2.61514389999996], [-45.0944466999999, -2.63408209999994], [-45.0868900999999, -2.65145909999995], [-45.1123747, -2.66102359999996], [-45.1060772, -2.67996229999994], [-45.1285617999999, -2.71763999999996], [-45.1291461, -2.74517039999995], [-45.1659893, -2.77013169999998]]]}}]}